name,category,housenumber,street,city,postcode,address,capacity,website,phone,lat,lon,osm_type,osm_id
0° North,Nightclub,14-16,High Street,Cleethorpes,DN35 8JN,"14-16 High Street, Cleethorpes, DN35 8JN",,https://zero-degrees-north.edan.io/,+44 1472 600 480,53.560915,-0.0306081,node,4727906241
100 Club,Nightclub,100,Oxford Street,London,W1D 1LL,"100 Oxford Street, London, W1D 1LL",,https://www.the100club.co.uk/,,51.5161082,-0.1353568,node,313349354
101 Nightclub,Nightclub,70,Hurst Street,Birmingham,B5 4TD,"70 Hurst Street, Birmingham, B5 4TD",,,+44 7376 412594,52.4747679,-1.8972386,node,315463336
123 Space,Events venue,123,Stokes Croft,Bristol,,"123 Stokes Croft, Bristol",,,,51.4641857,-2.5898877,node,13125536951
1520 Studios,Nightclub,,,,,,,https://www.1520studios.co.uk/,,53.4900005,-2.2422497,node,13168106201
1532 Performing Arts Centre,Arts centre,,Elton Road,,BS8 1SJ,"Elton Road, BS8 1SJ",,https://www.1532bristol.co.uk/,+44 117 259 1532,51.4581807,-2.606438,way,480269955
180 Studios,Arts centre,2,Surrey Street,London,,"2 Surrey Street, London",,https://www.180studios.com/,,51.5114512,-0.1149212,node,13319613901
1853 Gallery,Arts centre,,,Shipley,,Shipley,,,,53.8383545,-1.7883178,node,332445920
2 Pigs,Nightclub,,,,,,,,,51.9012516,-2.0756867,node,6426693237
200bar,Nightclub,33a,Stow Hill,Newport,NP20 1JH,"33a Stow Hill, Newport, NP20 1JH",,,,51.585904,-2.9963876,node,6874316045
24 Kitchen Street,Nightclub,,,,,,,,,53.3973824,-2.9819286,way,268974293
2Northdown,Theatre,2,Northdown Street,London,N1 9BG,"2 Northdown Street, London, N1 9BG",,https://www.2northdown.com/,,51.5313387,-0.1191871,way,209040328
2one2,Nightclub,,,,,,,,,55.8596675,-4.2536836,node,2130814271
404 Club Not Found,Nightclub,,,,,,,,,51.5110207,-0.1301361,node,13188879712
42nd Street,Nightclub,2,Bootle Street,Manchester,M2 5GU,"2 Bootle Street, Manchester, M2 5GU",,,,53.47855,-2.2491648,node,334648541
491 Union Street,Nightclub,491,Union Street,Aberdeen,AB11 6DB,"491 Union Street, Aberdeen, AB11 6DB",,https://www.491unionstreet.co.uk/,,57.1429416,-2.1112635,node,9584818414
5 Rivers,Nightclub,,,,,,,,,50.9160904,-1.3960754,way,159255399
53 Degrees,Nightclub,,Brook Street,Preston,PR1 7BQ,"Brook Street, Preston, PR1 7BQ",400,https://53degrees.seetickets.com/search/all,,53.7644168,-2.7089048,way,73839568
532,Bar,,Oxford Road,Manchester,M13 9PR,"Oxford Road, Manchester, M13 9PR",,https://manchesterstudentsunion.com/532barkitchen,,53.4642784,-2.2323339,node,1497281823
53two,Theatre,,Watson Street,Manchester,M3 4LP,"Watson Street, Manchester, M3 4LP",,https://www.53two.com/,+44 7432 198724,53.4756023,-2.2491684,node,11312018869
606 Club,Music venue,90,Lots Road,London,SW10 0QD,"90 Lots Road, London, SW10 0QD",,https://www.606club.co.uk,+44 20 7352 5953,51.4783686,-0.1815439,node,10728687246
65,Arts centre,65,High Street,Bristol,BS48 1AW,"65 High Street, Bristol, BS48 1AW",,,,51.4334855,-2.7563929,way,636667818
7even,Nightclub,11,Derwent Street,Sunderland,SR1 3NT,"11 Derwent Street, Sunderland, SR1 3NT",,https://7even.club/,,54.9037349,-1.3861426,node,3859034970
@2K Theatre,Theatre,,Station Approach North,Taunton,TA1 1QP,"Station Approach North, Taunton, TA1 1QP",,https://www.at2ktheatre.com/,,51.0234239,-3.0988015,node,7089789760
@sohoplace,Theatre,4,Soho Place,London,W1D 3BG,"4 Soho Place, London, W1D 3BG",,https://sohoplace.org/,,51.5154993,-0.1305145,node,10251739583
A House for Artists,Arts centre,,,,,,,https://createlondon.org/event/a-house-for-artists/,,51.5397555,0.0778012,node,12239927485
A Touch of Class Events UK,Events venue,,,,,,,,,50.7284606,-1.9308914,way,1096685011
Aaron P Stone's Casino Rooms,Nightclub,,Blue Boar Lane,,ME1 1PD,"Blue Boar Lane, ME1 1PD",,,,51.3877615,0.5065673,node,159280620
Aatma,Nightclub,14-16,Faraday Street,,,14-16 Faraday Street,,https://aatmavenue.co.uk/,+447855939129,53.4826285,-2.2329323,node,13168115001
ABBA Arena,Music venue,,Pudding Mill Lane,London,E15 2RU,"Pudding Mill Lane, London, E15 2RU",,,,51.5329009,-0.0135091,way,982250256
Abbey Lane Theatre,Theatre,,,,,,,,,54.3462433,-6.6534179,way,457902462
Abbey Theatre,Theatre,,Holywell Hill,St Albans,AL1 2DL,"Holywell Hill, St Albans, AL1 2DL",,https://www.abbeytheatre.org.uk/,+44 1727 857861,51.7450765,-0.3450041,way,23047734
Abbey Theatre,Theatre,,Abbot Street,Arbroath,DD11 1EX,"Abbot Street, Arbroath, DD11 1EX",,,,56.5621103,-2.5786758,way,793516021
Abel's Harp,Events venue,,,,,,,,,52.6066487,-3.0006976,node,6762147042
Aberdeen House,Events venue,68,Ellington Road,Ramsgate,CT11 9ST,"68 Ellington Road, Ramsgate, CT11 9ST",,,,51.336068,1.4101873,way,346290300
Aberdour Signal Box,Arts centre,,,,,,,,,56.0548959,-3.3001731,way,466172741
Abernethy Barcaple,Conference centre,,,,,,,,,54.8911518,-4.0635649,node,13173437556
Abernethy Parish Church,Events venue,,,,,,,,,57.2760262,-3.650221,way,219556492
Abertillery RFC,Stadium,,,,,,,,,51.7370215,-3.1485044,way,559181377
Aberystwyth Arts Centre,Arts centre,,,,,,,,,52.415854,-4.0628157,way,55215105
Abingdon Town FC,Stadium,,,,,,,,,51.6654231,-1.2795734,way,164111960
Abington Park Bandstand,Bandstand,,,,,,,,,52.2464468,-0.868341,way,928841807
Abney Park Chapel,Events venue,,,,,,,https://www.hackneyvenues.com/the-chapel,,51.5644013,-0.0773434,way,58706986
Abney Public Hall,Events venue,73a,Stoke Newington Church Street,London,N16 0AS,"73a Stoke Newington Church Street, London, N16 0AS",,https://www.abneypublichall.com/,+44 20 7923 9332,51.5617367,-0.0776378,way,30834560
Abshar,Events venue,18B,Broadway,London,W13 0ST,"18B Broadway, London, W13 0ST",,,,51.5108754,-0.3205969,node,9588562589
Abshar Banqueting,Events venue,,Wren Avenue,Uxbridge,UB10 0RY,"Wren Avenue, Uxbridge, UB10 0RY",,,,51.5427734,-0.4652482,node,12060839553
Acacia House,Events venue,,,,,,,,,51.4430804,0.2200386,node,12383298149
Academy 2,Events venue,,Oxford Road,Manchester,M13 9PR,"Oxford Road, Manchester, M13 9PR",,https://www.manchesteracademy.net/,,53.4642414,-2.2322014,node,13078344737
Academy 3,Events venue,,Oxford Road,Manchester,M13 9PR,"Oxford Road, Manchester, M13 9PR",,https://www.manchesteracademy.net/,,53.4641675,-2.2321115,node,13078344736
Acapela Studio,Events venue,,Heol y Pentre,Cardiff,CF15 9QD,"Heol y Pentre, Cardiff, CF15 9QD",,,+442920890862,51.5308622,-3.2975374,way,872187210
Acapulco,Nightclub,3,Waterhouse Street,Halifax,HX1 1XX,"3 Waterhouse Street, Halifax, HX1 1XX",,,,53.7237196,-1.8620274,way,566220179
ACC Convention Centre,Conference centre,,,,,,,,,53.3965795,-2.9910176,way,656966991
ACC Liverpool,Conference centre,,,,,,,,,53.3970309,-2.9912696,way,656966993
Accidental Theatre,Theatre,12-13,Shaftesbury Square,Belfast,BT2 7DB,"12-13 Shaftesbury Square, Belfast, BT2 7DB",,https://accidentaltheatre.co.uk,+44 28 90325881,54.5893459,-5.9339693,way,611308541
Accu Stadium,Stadium,,Stadium Way,Huddersfield,HD1 6PG,"Stadium Way, Huddersfield, HD1 6PG",,https://www.johnsmithsstadium.com/,,53.6542951,-1.7681025,way,217861110
Ace Center,Theatre,,,,,,,,,53.8375501,-2.2155444,way,159511648
ACE Space,Arts centre,,St Nicholas' Road,,,St Nicholas' Road,,https://acespace.org.uk/,,51.3984105,-1.3281479,way,254860910
Aces and Eights Saloon Bar,Pub,156-158,Fortess Road,London,NW5 2HP,"156-158 Fortess Road, London, NW5 2HP",,https://www.acesandeightssaloonbar.com/,,51.5566538,-0.1383959,node,25744507
Acklam Village Market,Events venue,,Acklam Road,London,,"Acklam Road, London",,https://acklamvillage.com/,,51.5191609,-0.206797,way,777107252
Acme Studios,Arts centre,165,Childers Street,,,165 Childers Street,,https://acme.org.uk/,,51.4823934,-0.0352042,node,10083597621
Acme Studios,Arts centre,,,,,,,https://acme.org.uk/studios/#/filter/all-spaces/details/matchmakers-wharf/,,51.5515981,-0.0312507,node,11283588236
Acorn Performing Arts,Arts centre,10,,,,10,,,,52.4918189,-2.120627,way,1239661973
Acorn Theatre,Theatre,,,,,,,https://acorntheatre.org/,+44 333 666 3366,53.3034778,-1.1235633,way,1219818817
acosvo,Events venue,,,,,,,https://acosvo.org.uk/leadershipexchange,,55.9812144,-3.1771913,node,1241883381
Act Around,Theatre,,Bute Street,Luton,,"Bute Street, Luton",,,,51.8811243,-0.4136835,node,4204711705
Adam Smith Theatre,Theatre,,Bennochy Road,Kirkcaldy,KY1 1ET,"Bennochy Road, Kirkcaldy, KY1 1ET",,https://www.onfife.com/venues/adam-smith-theatre,+44 1592 583302,56.1120559,-3.1636808,way,406441900
Adam's Lounge,Nightclub,,,,,,,,,57.2037565,-2.2881312,way,604753582
Adams Park,Stadium,,Hillbottom Road,High Wycombe,HP12 4HJ,"Hillbottom Road, High Wycombe, HP12 4HJ",,http://www.adamspark.co.uk/,,51.6307661,-0.8001993,way,627438334
ADC Theatre,Theatre,,Park Street,Cambridge,CB5 8AS,"Park Street, Cambridge, CB5 8AS",,https://www.adctheatre.com/,,52.2084651,0.1198461,way,151527561
Adelphi Theatre,Theatre,409-412,Strand,London,WC2R 0NS,"409-412 Strand, London, WC2R 0NS",,,,51.5102387,-0.123192,way,313005904
Adrian Flux Arena,Stadium,,,,,,,,,52.7301814,0.3892175,way,411070394
Adrian Mann Theatre,Theatre,,,,,,,,,51.3423119,-0.245235,node,417216057
AESSEAL New York Stadium,Stadium,,New York Way,Rotherham,S60 1FJ,"New York Way, Rotherham, S60 1FJ","12,021",http://www.newyorkstadium.net,,53.4268737,-1.3625212,way,188840229
Afan Ales and Fine Wines,Pub,24,Station Road,Port Talbot,SA13 1JB,"24 Station Road, Port Talbot, SA13 1JB",,https://www.afanales.co.uk/,+441639415411,51.5936272,-3.7810269,node,11497110279
AFC Blackpool Football Club,Stadium,,,,,,,,,53.7785854,-3.0204361,way,218540041
AFC Emley,Stadium,,,,,,,,,53.6126907,-1.6319136,way,143299628
Affidea Stadium,Stadium,85,Ravenhill Park,Belfast,,"85 Ravenhill Park, Belfast",,,,54.5765413,-5.9045141,way,428492574
Afrobeats,Nightclub,3,Session Street,Dundee,DD1 5DL,"3 Session Street, Dundee, DD1 5DL",,,+44 1382 782663,56.4605755,-2.9802051,node,7873925129
Afrobeats Bar Nightclub,Nightclub,,,Dundee,DD1 5DN,"Dundee, DD1 5DN",,https://www.facebook.com/afrobreatsdundee,,56.4605659,-2.9801678,way,740484183
After 8 Entertainments,Nightclub,15-17,Upper George Street,Luton,LU1 2RD,"15-17 Upper George Street, Luton, LU1 2RD",,,,51.8796784,-0.4193366,node,7179257721
After Dark,Nightclub,112,London Street,Reading,RG1 4SJ,"112 London Street, Reading, RG1 4SJ",,https://www.theafterdarkclub.com/,+44 118 9576847,51.4508499,-0.9679483,way,670269163
Afterdark,Nightclub,,,,,,,,,51.4545296,-2.5958406,way,468150392
Aggborough Stadium,Stadium,,Hoo Road,Kidderminster,DY10 1NB,"Hoo Road, Kidderminster, DY10 1NB",6444,,,52.3804746,-2.2427322,way,314907430
Agápē Centre,Conference centre,,,,,,,https://www.agapecentrebelfast.org/,,54.5783819,-5.9513009,node,307866891
Air,Nightclub,,,,,,,,,52.4755885,-1.8825007,way,73990181
Airdrie Arts Centre,Arts centre,,Anderson Street,Airdrie,ML6 0AA,"Anderson Street, Airdrie, ML6 0AA",,,,55.8666681,-3.9818866,way,231384699
AK,Nightclub,6,Queen Street,Norwich,NR2 4SQ,"6 Queen Street, Norwich, NR2 4SQ",,https://www.kerrysnorwich.com/above-kerry-s,,52.6304256,1.2976903,node,12715411830
Akasa,Events venue,5,Prince Edward Road,London,E9 5NN,"5 Prince Edward Road, London, E9 5NN",,,,51.5440267,-0.0256412,way,183778258
Alan Curbishley Stand,Stadium,,,,,,,,,51.4862509,0.0372263,way,1065893829
Alan Simpson Stand,Stadium,,,,,,,,,51.41466,-0.3632688,way,862526209
Alaska - Waterloo,Nightclub,129,Alaska Street,London,SE1 8XE,"129 Alaska Street, London, SE1 8XE",,https://www.alaskawaterloo.com/,,51.5038707,-0.1110929,node,11876483273
Albany Social Club Ltd,Nightclub,,,,,,,,,52.4586821,-1.9507446,way,120806664
Albany Theatre,Theatre,,Albany Road,Coventry,CV5 6JQ,"Albany Road, Coventry, CV5 6JQ",,https://www.albanytheatre.co.uk/,+44 24 7699 8964,52.4055137,-1.5239419,way,204862249
AlbaRosa meeting point,Events venue,,,,,,,https://www.albarosacc.com/,,53.8579465,-1.5847271,node,12536457114
Albemarle Music Centre,Theatre,,,,,,,https://www.hullmusichub.com/albemarle-music-centre/,,53.7461062,-0.346682,way,251384880
Albert Hall,Events venue,27,Peter Street,Manchester,M2 5QR,"27 Peter Street, Manchester, M2 5QR",,,,53.4782997,-2.2479026,way,30343319
Albert Hall,Theatre,,North Circus Street,Nottingham,NG1 5AA,"North Circus Street, Nottingham, NG1 5AA",,https://www.alberthallnottingham.co.uk/,,52.954313,-1.1562412,way,40324301
Albert Halls,Theatre,,Dumbarton Road,,FK8 2QL,"Dumbarton Road, FK8 2QL",,https://culturestirling.org/albert-halls/,+44 1786 473 544,56.1181255,-3.9418767,way,147216775
Albion Road Artists' Studios,Arts centre,,,,,,,,,55.9608324,-3.1641714,way,307612547
Alcester Unionist Club,Nightclub,,,,,,,,,52.2138314,-1.870632,node,476848506
Aldeburgh Jubilee Hall,Arts centre,,Crabbe Street,Aldeburgh,IP15 5BN,"Crabbe Street, Aldeburgh, IP15 5BN",,https://aldeburghjubileehall.co.uk/,,52.1531192,1.6023654,way,829843443
Alder Street Stadium,Stadium,,,,,,,,,53.5235553,-2.4847562,way,892634429
Aldershot Military Stadium,Stadium,,,,,,,,,51.2647333,-0.7545834,way,77738622
Aldersley Stadium,Stadium,,Aldersley Road,Wolverhampton,WV6 9NW,"Aldersley Road, Wolverhampton, WV6 9NW",,https://www.wvactive.com/centres/aldersley.html,,52.6055006,-2.1506599,way,242360179
Aldridge Arena and Banqueting,Arts centre,,,,,,,,,52.6041073,-1.9163133,node,4314028306
Aldridge Theatre,Theatre,,,,,,,https://www.frensham.org/,,51.1785346,-0.8085652,node,9757074245
Aldridge Youth Theatre,Theatre,,,,WS9 8NQ,WS9 8NQ,,,,52.6061667,-1.9150357,way,431450957
Aldwick Estate,Events venue,,,,,,,,,51.3455689,-2.7271403,node,12189039450
Aldwych Theatre,Theatre,,Aldwych,London,,"Aldwych, London",,http://www.aldwychtheatre.com,,51.5130714,-0.118817,way,148386208
Alexander Hamilton Memorial Bandstand,Bandstand,,,,,,,,,55.7020472,-3.9886149,way,1445216531
Alexandra Arts,Arts centre,72-73,James Street,Rugby,CV21 2SL,"72-73 James Street, Rugby, CV21 2SL",,,,52.3740121,-1.2579803,way,364108782
Alexandra Gardens Bandstand,Bandstand,,,,,,,,,51.4845686,-0.611906,way,826141406
Alexandra Head,Events venue,,,,,,,,,51.4549552,-3.1611773,way,1370878640
Alexandra Palace,Exhibition centre,,Alexandra Palace Way,London,N22 7AY,"Alexandra Palace Way, London, N22 7AY",,https://www.alexandrapalace.com/,,51.5942633,-0.1308694,way,4768526
Alexandra Palace Theatre,Theatre,,,,,,,https://www.alexandrapalace.com/theatre/,,51.5945562,-0.1312121,node,4826306052
Alexandra Theatre,Theatre,,,,,,,,,50.7827134,-0.6716449,node,10883035206
Alhambra,Theatre,,Marine Road West,Morecambe,LA4 4EU,"Marine Road West, Morecambe, LA4 4EU",,http://morecambe.me/,,54.0661774,-2.8802177,way,100533055
Alhambra,Theatre,,,,,,,,,56.0699044,-3.4578733,way,635795962
Alhambra Theatre,Theatre,,Morley Street,Bradford,BD7 1AJ,"Morley Street, Bradford, BD7 1AJ",,,,53.7916673,-1.7570673,way,159296322
Alibi,Nightclub,23-31,Bradbury Place,Belfast,BT7 1RR,"23-31 Bradbury Place, Belfast, BT7 1RR",,https://alibibelfast.com/,+44 28 90233131,54.5889331,-5.9351786,way,364180385
All Nations Centre,Conference centre,,Sachville Avenue,Cardiff,CF14 3NY,"Sachville Avenue, Cardiff, CF14 3NY",,https://www.allnationscentre.com/,,51.5053111,-3.1919042,node,7504107258
All Saints Hall,Events venue,,All Saints Lane,Bexhill-on-Sea,TN39 5HA,"All Saints Lane, Bexhill-on-Sea, TN39 5HA",,,+44 1424 732791,50.8563326,0.4682411,way,399347342
All Saints Memorial Hall,Events venue,,All Saints' Rd,Wyke Regis,DT4 9EZ,"All Saints' Rd, Wyke Regis, DT4 9EZ",,https://www.wykeregismemorialhall.org.uk/,,50.5979897,-2.4790647,way,1301298839
All Saints The Old Chapel,Events venue,,Darley Road,,BN20 7GE,"Darley Road, BN20 7GE",,https://www.allsaintschapeleastbourne.org,,50.7545548,0.2698493,way,1131833733
Alley Theatre,Theatre,,,,,,,https://www.alley-theatre.com/,+44 28 7138 4444,54.8277977,-7.4641392,node,3994636057
Allhallowgate Methodist Church Hall,Events venue,,Victoria Grove,Ripon,HG4 1LG,"Victoria Grove, Ripon, HG4 1LG",,https://www.allhallowgatemethodistchurch.co.uk/,,54.1375609,-1.5212473,way,990484789
Allianz Stadium,Stadium,200,Whitton Road,Twickenham,TW2 7BA,"200 Whitton Road, Twickenham, TW2 7BA",82000,https://allianzstadiumtwickenham.com/,,51.456052,-0.3415271,way,4253555
Alma Tavern Theatre,Theatre,18-20,Alma Vale Road,Bristol,BS8 2HY,"18-20 Alma Vale Road, Bristol, BS8 2HY",,https://www.almatavernandtheatre.co.uk/,,51.4626339,-2.6148744,node,4624372331
Almeida Theatre,Theatre,,,,,,,,,51.5394403,-0.1030764,node,299597608
Almondvale Stadium,Stadium,,Alderstone Road,Livingston,EH54 7DN,"Alderstone Road, Livingston, EH54 7DN",,,,55.8859873,-3.5220422,way,41913377
Alnwick Playhouse,Theatre,,Bondgate Without,Alnwick,NE66 1PQ,"Bondgate Without, Alnwick, NE66 1PQ",,https://www.alnwickplayhouse.co.uk/,+44 1665 510785,55.4124798,-1.7028498,way,129880691
Alphabetti Theatre,Theatre,,St James' Boulevard,Newcastle upon Tyne,NE1 4HP,"St James' Boulevard, Newcastle upon Tyne, NE1 4HP",,https://www.alphabettitheatre.co.uk/,+44 191 261 9125,54.9691163,-1.6236622,node,6900421283
Alpine,Nightclub,17-21,Railway Road,Lancashire,L39 2DN,"17-21 Railway Road, Lancashire, L39 2DN",,,,53.5680381,-2.8831776,node,4314971075
Alrewas Hayes,Conference centre,,,,,,,,,52.7297337,-1.7987491,node,429424863
Alton Assembly Rooms,Theatre,,High Street,Alton,GU34 1BA,"High Street, Alton, GU34 1BA",,https://altonassemblyrooms.com/,,51.1495867,-0.973795,way,314318635
Alton Football Club,Stadium,,Anstey Lane,Alton,GU34 2NB,"Anstey Lane, Alton, GU34 2NB",,,,51.1581953,-0.9650212,way,519761872
Alton Towers Conference Centre,Events venue,,,,,,,,,52.9844075,-1.8753367,way,1478683705
Altrincham Garrick Playhouse,Theatre,,,,,,,,,53.3937617,-2.350151,way,1016992671
Altrincham Little Theatre,Theatre,,,Altrincham,,Altrincham,,,,53.3834063,-2.351247,node,5035574888
Alun Armstrong Theatre,Theatre,,,,,,,,,54.8682565,-1.7022711,node,9347520950
Alvechurch Sports & Social Club,Nightclub,,Radford Road,Alvechurch,B48 7LD,"Radford Road, Alvechurch, B48 7LD",,,,52.3514325,-1.9587872,way,224759633
Always 21,Nightclub,,,,,,,https://21cheltenham.co.uk/,+44 1242 577977,51.8990093,-2.0759885,node,5465378072
Amanda Nicole School Of Dance,Theatre,,Bewicke Road,Wallsend,,"Bewicke Road, Wallsend",,,+44 191 289 2262,54.9914268,-1.4948841,node,4655851357
Amaryllis Fleming Concert Hall,Theatre,,,,,,,,,51.4994223,-0.1770767,way,479275674
Ambassador Cruise Line Ground,Stadium,,New Writtle Street,Chelmsford,CM2 0PG,"New Writtle Street, Chelmsford, CM2 0PG",,https://www.essexcricket.org.uk/,+44 1245 252420,51.7315785,0.4684149,way,353267911
Ambassadors,Theatre,,West Street,London,,"West Street, London",,https://www.theambassadorstheatre.co.uk/,,51.513041,-0.1278389,way,149173451
Amber Bar,Nightclub,1,Ropemaker Street,London,EC2Y 9AW,"1 Ropemaker Street, London, EC2Y 9AW",,http://www.amber-bar.co.uk/,,51.5194649,-0.089136,node,2168949323
America Square Conference Centre,Conference centre,,,,,,,,,51.5114745,-0.0768125,node,4178140802
American Express Stadium,Stadium,,Village Way,Brighton & Hove,BN1 9BL,"Village Way, Brighton & Hove, BN1 9BL",,https://www.brightonandhovealbion.com/club/stadiums/the-amex-stadium,,50.8615369,-0.0837087,way,28537290
Amethyst Park,Stadium,,,,,,,,,54.8595876,-1.829109,way,1006786528
Amey Theatre,Theatre,,,,,,,http://abingdonschool.savoysystems.co.uk/AbingdonSchool.dll/,,51.6724016,-1.2863289,way,107552347
Ammanford Miners' Theatre,Theatre,,,,,,,,,51.7924598,-3.9899901,way,49526420
AMP Studios,Events venue,897a,Old Kent Road,London,SE15 1NL,"897a Old Kent Road, London, SE15 1NL",,https://ampstudios.co.uk/,,51.4786949,-0.0540728,node,8852408931
Amphi-Theatre,Theatre,,,,,,,,,51.6163393,-3.9402095,way,93523721
Amphitheater,Theatre,,,,,,,,,54.4272557,-6.4481329,way,544850947
Amphitheater Carnfunnock,Theatre,,,,,,,,,54.8909916,-5.8469171,way,567943516
Amphitheatre,Theatre,,,,,,,,,51.3787835,-2.3285834,way,33390846
Amphitheatre,Theatre,,,,,,,,,51.5224669,-0.7176666,way,48374579
Amphitheatre,Theatre,,,,,,,,,51.4036026,0.0128518,way,144386185
Amphitheatre,Theatre,,,,,,,,,51.3768235,-2.4380115,way,265961468
Amphitheatre,Theatre,,,,,,,,,51.5557247,0.0039918,way,270190536
Amphitheatre,Theatre,,,,,,,,,54.7718651,-1.5748501,way,415762436
Amphitheatre,Theatre,,,,,,,,,51.5821795,-0.0619634,way,418042449
Amphitheatre,Theatre,,,,,,,,,51.4622928,-0.0824021,way,433225931
Amphitheatre,Theatre,,,,,,,,,52.378381,-1.1274053,way,550924026
Amphitheatre,Theatre,,,,,,,,,53.4778834,-2.2487522,way,570281429
Amphitheatre,Theatre,,,,,,,,,52.2364518,-3.3732451,way,864615438
Amphitheatre,Theatre,,,,,,,,,50.9366318,-1.7879069,way,874357121
Amphitheatre,Theatre,,,,,,,,,51.1675714,-0.241829,way,975418086
Amphitheatre,Theatre,,,,,,,,,50.6070509,-1.9518726,node,4402304242
Ampitheatre,Theatre,,,,,,,,,51.4141333,-0.7230686,way,191738190
Ampitheatre,Theatre,,,,,,,,,53.5496196,-2.7797768,way,1208181738
Ampitheatre,Theatre,,,,,,,,,52.1803966,0.13878,way,1513920174
Amplitheatre,Theatre,,,,,,,,,51.4552868,-0.2249109,way,115642468
Amrita Hall,Events venue,12,Fair Acres,Bromley,BR2 9UN,"12 Fair Acres, Bromley, BR2 9UN",,https://www.facebook.com/AmritaHallUK,,51.3906819,0.0161636,way,1020629143
AMT Auto East Stand,Stadium,,,,,,,,,53.8163513,-1.5809857,way,174125515
AMT Headingley Rugby Stadium,Stadium,,,,,,,,,53.8163397,-1.5821217,node,6178648083
An Aird,Stadium,,,,,,,,,56.8232263,-5.1019998,way,100833159
An Lanntair,Arts centre,,,,,,,https://lanntair.com/,,58.2082047,-6.3869414,node,494344084
An Lanntair - Auditorium,Theatre,,,,,,,,,58.2081498,-6.3871649,way,396467564
An Tobar and Mull Theatre,Arts centre,,Argyll Terrace,Tobermory,PA75 6PB,"Argyll Terrace, Tobermory, PA75 6PB",,https://www.antobarandmulltheatre.co.uk/,,56.6237122,-6.0701059,way,437706766
Anderson Electrical Arena,Stadium,350,Borrowash Road,Derby,DE21 7PH,"350 Borrowash Road, Derby, DE21 7PH",,https://www.pitchero.com/clubs/borrowashvictoria/,,52.910596,-1.3893175,way,216905213
Anfield,Stadium,,Anfield Road,Liverpool,L4 0TH,"Anfield Road, Liverpool, L4 0TH",54074,https://www.liverpoolfc.com/fans/fan-experience/visiting-anfield,,53.4308909,-2.9608027,way,4830206
Anfield Road Stand,Stadium,,,,,,,,,53.4313875,-2.9599494,way,188699281
Angel on the Green,Cafe,,Bishopthorpe Road,York,YO23 1JJ,"Bishopthorpe Road, York, YO23 1JJ",,,,53.9521063,-1.0843468,node,4545843191
Angles Theatre,Theatre,,,,,,,,,52.6638952,0.1590919,way,1017987458
Anglia and Norfolk Rooms Conference Suite,Conference centre,,,,,,,https://breckland.gov.uk/article/4495/Meeting-Room-Hire,,52.6721178,0.9596997,node,5887065767
Anglian Region Theatre School (ARTS),Arts centre,,,,,,,,,52.5379864,1.2611145,way,697951867
anjo,Nightclub,,,,,,,,,52.4736861,-1.8987459,node,1615320535
Annabel's Cabaret & Discotheque,Nightclub,,,,,,,,,50.368677,-4.1351214,node,7696326144
Annaghmore Raceway,Stadium,,,,,,,,,54.4649913,-6.6057485,way,623888346
Ansty Club,Nightclub,,,,,,,,,52.4471208,-1.417701,node,698476675
Anthony Barnard Theatre,Theatre,,,,,,,,,51.4380906,0.0401193,way,264117023
Anvil Hall,Events venue,,Victory Avenue,Gretna,DG16 5AB,"Victory Avenue, Gretna, DG16 5AB",,https://www.anvilhall.co.uk/,,54.996983,-3.0683243,way,990579957
AO Arena,Stadium,,Hunts Bank,Manchester,M3 1AR,"Hunts Bank, Manchester, M3 1AR",,https://www.ao-arena.com/,+44 161 950 5000,53.4881053,-2.244086,way,354135390
Apartment 58,Nightclub,,,,,,,,,51.5162499,-0.1298109,node,2323776027
APEC Taxis Stadium,Stadium,,,,,,,,,53.3167934,-2.6695927,way,147608725
Apex Conference Centre,Conference centre,,,,,,,https://www.apexhotels.co.uk/apex-city-of-bath-hotel/meetings-events/conference,,51.3818879,-2.3652743,node,5189026392
Apollo Bingo,Nightclub,,Crown Street,Caernarfon,LL55 1SY,"Crown Street, Caernarfon, LL55 1SY",,,,53.1420789,-4.2749486,way,403350443
Apollo Theatre,Theatre,31,Shaftesbury Avenue,London,W1D 7ES,"31 Shaftesbury Avenue, London, W1D 7ES",,https://www.nimaxtheatres.com/nimax/apollo,,51.5115661,-0.1334413,way,149173453
Apollo Theatre,Theatre,,Pyle Street,Newport,PO30 1JT,"Pyle Street, Newport, PO30 1JT",,http://www.apollo-theatre.org.uk/home,,50.6997901,-1.2925498,node,5117557062
Apollo Victoria Theatre,Theatre,17,Wilton Road,London,SW1V 1LG,"17 Wilton Road, London, SW1V 1LG",,https://www.atgtickets.com/venues/apollo-victoria-theatre/,,51.4955828,-0.1425625,way,219800264
Applejax,Nightclub,,,,,,,,,53.6544655,-2.6331788,node,570772923
Aqua,Nightclub,64-70,Gold Street,Kettering,NN16 8JE,"64-70 Gold Street, Kettering, NN16 8JE",,,,52.4006965,-0.7260633,node,7124612181
Aquarius Ballroom,Events venue,,,,,,,,,52.71037,-2.000649,way,310723614
Arabella's Arena,Theatre,,,,,,,,,51.8437901,1.0100969,way,1168226834
Arabesque School Of Dance And Drama,Arts centre,,Quarry Lane,Chichester,PO19 8NY,"Quarry Lane, Chichester, PO19 8NY",,,,50.8296759,-0.7569194,node,10760203143
Arad Goch,Theatre,,Stryd y Baddon / Bath Street,,SY23 2NN,"Stryd y Baddon / Bath Street, SY23 2NN",,https://aradgoch.cymru/,+441970 617998,52.4167403,-4.0835585,way,514770949
Arbour Park,Stadium,,,,,,,,,51.5198558,-0.5883682,way,935164075
ARC,Arts centre,,,,,,,,,54.5643619,-1.315553,node,2124655331
Arc Theatre,Theatre,,,,,,,,,54.5644173,-1.3155864,way,99274814
Arc Theatre,Theatre,,,,,,,,,51.3079912,-2.2221252,node,6083763571
Arch 12,Nightclub,,,,,,,,,53.4896992,-2.2367202,node,10887210305
Arch 402,Events venue,,Cremer Street,London,E2 8HD,"Cremer Street, London, E2 8HD",,,,51.5305362,-0.0759105,node,11020605603
Archipelago,Arts centre,,,,,,,,,53.3762215,-1.4683138,way,104036602
Archway Theatre,Theatre,,,,,,,https://archwaytheatre.co.uk,+44 1293 784398,51.1689747,-0.1617688,node,577419862
Arcola Tent,Theatre,,,,,,,,,51.5465394,-0.0743199,way,131882286
Arcola Theatre,Theatre,24,Ashwin Street,London,E8 3DL,"24 Ashwin Street, London, E8 3DL",,https://www.arcolatheatre.com/,,51.5469459,-0.0749083,way,397640221
Ardhowen Theatre,Theatre,97,Dublin Road,Enniskillen,,"97 Dublin Road, Enniskillen",,https://ardhowen.com,+44 28 6632 5440,54.3373002,-7.6264674,way,179213127
Ardwell Glasshouse,Events venue,,,Ardwell,,Ardwell,,https://ardwellglasshouse.com,+44 7547 398488,54.7666992,-4.9517909,node,11110250796
Area,Nightclub,,,,,,,,,52.3081225,-1.9418073,way,148532116
Area,Nightclub,,,,,,,,,51.487247,-0.122859,node,2686842564
Arena,Events venue,,,,,,,,,52.5437807,-0.3197981,way,89151495
Arena Torquay LTD.,Music venue,43,Torwood Street,Torquay,,"43 Torwood Street, Torquay",,https://www.arenatorquay.com/,,50.4613995,-3.5207038,node,5576566390
Argyllshire Gathering Halls,Events venue,,,,,,,,,56.418126,-5.473038,way,299667997
Aria Events,Events venue,,,,,,,,,51.606697,-0.4163841,node,12211429042
Arizona Lounge,Nightclub,134,Marylebone Road,London,,"134 Marylebone Road, London",,https://www.arizonalounge.com/,,51.5222318,-0.1580011,node,1614146298
Ark Royal,Events venue,51,Meridian Way,London,N9 0AR,"51 Meridian Way, London, N9 0AR",,https://arkroyalvenue.co.uk/,,51.6325289,-0.0379036,node,10605201887
Ark-T @ Templar Square,Arts centre,129,Pound Way,Oxford,OX4 3XH,"129 Pound Way, Oxford, OX4 3XH",,https://www.ark-t.org/,,51.7318753,-1.2167776,node,11610609867
Ark-T @ The Venue,Arts centre,242B,Barns Road,Oxford,OX4 3RQ,"242B Barns Road, Oxford, OX4 3RQ",,https://www.ark-t.org/,+441865772095,51.7319595,-1.2143211,node,8701950899
Arkells Stand,Stadium,,,,,,5800,,,51.5649509,-1.771306,way,95603503
Arlington Arts Centre,Theatre,Mary Hare School,Arlington Lane,Newbury,RG14 3BQ,"Mary Hare School Arlington Lane, Newbury, RG14 3BQ",,https://www.arlingtonarts.co.uk/,+44 1635 244246,51.4385753,-1.3291801,way,381267188
Arlington Stadium,Stadium,,,,,,,,,50.857399,0.2274583,way,394659855
Armadale Stadium,Stadium,,,,,,,,,55.8982039,-3.68304,way,266695360
Armagh GAA Athletic Grounds,Stadium,,,,,,,,,54.3437431,-6.6623349,way,575037774
Armstrong Hall,Theatre,,,Bristol,BS35 2BJ,"Bristol, BS35 2BJ",,,,51.6059838,-2.5254569,way,119318984
Armstrongs Social Club,Nightclub,,Grovehill Road,Beverley,HU17 0ED,"Grovehill Road, Beverley, HU17 0ED",,,,53.8411402,-0.4222353,node,4622079180
Arnold Circus Bandstand,Bandstand,,,,,,,,,51.5260422,-0.0749064,way,238388170
Arnolfini,Arts centre,16,Narrow Quay,Bristol,BS1 4QA,"16 Narrow Quay, Bristol, BS1 4QA",,http://www.arnolfini.org.uk/,+44 117 917 2300,51.449304,-2.5972851,way,123982876
Arora Ballroom & Conference Centre,Conference centre,,,,,,,https://iclondon-theo2.com/meetings/arora-ballroom,,51.502666,-0.0001081,way,535264025
Art Antics,Arts centre,,,,,,,,,56.4620355,-2.9846817,node,7982541447
Art Block,Arts centre,,,,,,,https://www.southlondongallery.org/education/open-plan/,+44 20 7703 6120,51.4754092,-0.0818986,node,5649419616
Art Gallery,Arts centre,,,,,,,,,52.4118972,-1.7801545,way,298277724
Art House Life (unit CE),Arts centre,,,,,,,,,50.7494344,-1.2747574,node,13801814664
Art K,Arts centre,7,Melbourne Grove,,,7 Melbourne Grove,,https://www.art-k.co.uk/,,51.4608369,-0.0796138,way,62222987
Art Opportunities - Scottish Autism,Arts centre,,Whins Road,Alloa,FK10 3SA,"Whins Road, Alloa, FK10 3SA",,,,56.120884,-3.7820059,node,13648474060
Art School Ilkley,Arts centre,4,Castle Yard,Ilkley,LS29 9DT,"4 Castle Yard, Ilkley, LS29 9DT",,https://www.artschoolilkley.co.uk/,,53.926691,-1.8248977,node,11019662489
Art-K,Arts centre,186-190,Henleaze Road,Bristol,BS9 4NE,"186-190 Henleaze Road, Bristol, BS9 4NE",,,,51.4875619,-2.6088485,way,1040938211
Art-K,Arts centre,24,Piries Place,Horsham,RH12 1EH,"24 Piries Place, Horsham, RH12 1EH",,,,51.0623751,-0.3274107,node,3118202468
Art-K,Arts centre,,,,,,,,,50.7457055,-1.8779927,node,9481781989
art-K,Arts centre,14,St Martin's Walk,Dorking,RH4 1UT,"14 St Martin's Walk, Dorking, RH4 1UT",,https://www.art-k.co.uk/class-dorking/,,51.2334391,-0.3317972,node,10980104606
Art-K,Arts centre,181,South Ealing Road,,,181 South Ealing Road,,,,51.4976725,-0.3054585,node,13275592736
art-K,Arts centre,,,,,,,,,51.6560576,-0.2077178,node,13583989658
Artcore,Arts centre,8,Albert Street,Derby,DE1 2DS,"8 Albert Street, Derby, DE1 2DS",,https://www.artcoreuk.com/,,52.9219407,-1.47562,way,116036488
Artcore,Arts centre,3,Charnwood Street,Derby,DE1 2GT,"3 Charnwood Street, Derby, DE1 2GT",,https://www.artcoreuk.com/,,52.9161657,-1.4752531,node,2923050429
Arthur Murry Dance School,Arts centre,242,Kilburn High Road,London,NW6 2BS,"242 Kilburn High Road, London, NW6 2BS",,http://www.dance-arthurmurray.co.uk/,,51.5429906,-0.1989692,way,95213599
Artic Stadium (Cray Valley Paper Mills FC and Stansfeld FC)),Stadium,,,,,,,,,51.450611,0.0347281,way,265081582
Artlink Centre for Community Arts,Arts centre,87,Princes Avenue,Hull,HU5 3QP,"87 Princes Avenue, Hull, HU5 3QP",,https://www.artlink.uk.net/,+44 1482 345 104,53.7546129,-0.3599171,way,69281566
Artrix,Arts centre,,School Drive,Bromsgrove,B60 1AX,"School Drive, Bromsgrove, B60 1AX",,https://www.artrix.co.uk/,+44 1527 577330,52.3386982,-2.0515444,way,54869293
Arts & Craft Studio,Arts centre,,,,,,,,,51.2060569,-3.4600932,node,738967788
Arts A1,Events venue,,,,,,,,,50.865999,-0.0892428,node,11144400297
Arts and Culture Project,Arts centre,,,,,,,,,51.6710668,-1.2827151,node,12942153239
"Arts Catalyst Centre for Arts, Science, and Technology",Arts centre,74-76,Cromer Street,London,WC1H 8DR,"74-76 Cromer Street, London, WC1H 8DR",,https://www.artscatalyst.org/,,51.5280014,-0.1216561,node,4307665990
Arts Centre,Arts centre,,,,,,,,,52.4092682,-1.5172923,way,299828649
Arts Centre,Arts centre,,,,,,,,,52.1632821,1.4975095,node,7973715955
Arts Centre Theatre,Theatre,,,,,,,,,52.4161438,-4.0627794,node,2655991437
Arts Centre Washington,Arts centre,,Biddick Lane,Washington,NE38 8AB,"Biddick Lane, Washington, NE38 8AB",,https://sunderlandculture.org.uk/our-venues/arts-centre-washington/,+44 191 561 3455,54.8857429,-1.519321,way,429455906
Arts Club,Nightclub,,Seel Street,Liverpool,,"Seel Street, Liverpool",,https://academymusicgroup.com/artsclubliverpool/,,53.4013513,-2.9780485,way,887378944
Arts Depot,Arts centre,5,Nether Street,London,N12 0GA,"5 Nether Street, London, N12 0GA",,https://www.artsdepot.co.uk/,,51.6128028,-0.1764278,way,20794099
Arts in Ramsgate Social Club,Arts centre,46,High Street,Ramsgate,CT11 9AG,"46 High Street, Ramsgate, CT11 9AG",,https://www.visitthanet.co.uk/events/high-street-social-club-118294/,+44 7450 916558,51.3343847,1.4183562,node,10017655196
Arts Lecture Theatre,Theatre,,,Aberdeen,AB24 3FX,"Aberdeen, AB24 3FX",,,,57.1654506,-2.0992628,way,604242675
Arts Theatre,Theatre,,,,,,,,,51.6088741,-1.6385255,way,62058620
Arts Theatre,Theatre,6,St Edward's Passage,Cambridge,CB2 3PJ,"6 St Edward's Passage, Cambridge, CB2 3PJ",,https://www.cambridgeartstheatre.com/,,52.2043468,0.1184929,way,165500554
Arts Theatre,Theatre,6-7,Great Newport Street,London,WC2H 7JB,"6-7 Great Newport Street, London, WC2H 7JB",,https://artstheatrewestend.co.uk,+44 20 7836 8463,51.5120985,-0.1275502,way,175158246
ArtsEkta,Arts centre,23-29,Fountain Street,Belfast,BT1 5EA,"23-29 Fountain Street, Belfast, BT1 5EA",,https://artsekta.org.uk,+44 28 9023 1381,54.5984117,-5.9320875,way,440735679
ArtsEkta,Arts centre,,,,,,,,,54.5984082,-5.9320643,node,13201706425
Artsite,Arts centre,,Theatre Square,Swindon,SN1 1QN,"Theatre Square, Swindon, SN1 1QN",,,,51.5594092,-1.7811205,way,164109762
Artspace,Arts centre,,,,,,,,,55.9354423,-3.1315109,node,316447975
Artspace Cinderford,Arts centre,,,,,,,,,51.823593,-2.4984535,node,8118271862
Artspace Studio Theatre,Theatre,,,,,,,,,53.6965483,-1.6307055,node,1357475981
ArtSpace82,Arts centre,,,,,,,,,50.5598672,-2.4430267,node,8898112461
Artz Centre,Arts centre,,,,WN8 0PB,WN8 0PB,,https://artzcentre.co.uk/,,53.5418918,-2.7270414,way,1117265289
Arundel Football Club,Stadium,,Mill Road,Arundel,BN18 9PA,"Mill Road, Arundel, BN18 9PA",,,,50.8547326,-0.5502123,node,11040338682
Arundel Priory Playhouse,Theatre,,London Road,Arundel,BN18 9AT,"London Road, Arundel, BN18 9AT",,https://www.arundelplayers.co.uk/,,50.8554355,-0.5570654,way,1307266974
Ashcroft Arts Centre,Theatre,,Osborn Road,Fareham,PO16 7DX,"Osborn Road, Fareham, PO16 7DX",,https://www.ashcroft.org.uk/,,50.855939,-1.1759759,node,471487209
Ashfield House,Events venue,,Wigan Road,Wigan,WN6 0BQ,"Wigan Road, Wigan, WN6 0BQ",,https://www.ashfieldhouseweddings.co.uk/,+44 1257 473 500,53.5803688,-2.6525291,way,128359392
Ashfield Stadium,Stadium,,,,,,,,,55.8860051,-4.2439445,way,660545305
Ashton Gate Stadium,Stadium,,Ashton Road,Bristol,BS3 2EJ,"Ashton Road, Bristol, BS3 2EJ",,https://www.ashtongatestadium.co.uk/,,51.4398719,-2.6205907,way,188698415
Ashton Gatehouse,Events venue,,Brunel Way,Bristol,BS3 2JJ,"Brunel Way, Bristol, BS3 2JJ",,,,51.4397806,-2.6300079,way,507315805
Asia House,Arts centre,,,,,,,,,51.5196242,-0.1461833,node,4562409395
Askern Greyhound Stadium,Stadium,,,,,,,,,53.6251481,-1.1541699,way,305231220
Aspex,Arts centre,,,Portsmouth,PO1 3BF,"Portsmouth, PO1 3BF",,https://www.aspex.org.uk/,+44 2392 778080,50.7936972,-1.106191,node,2650801239
Assembly Buildings,Exhibition centre,2-10,Fisherwick Place,Belfast,BT1 6DW,"2-10 Fisherwick Place, Belfast, BT1 6DW",,https://www.assemblybuildings.co.uk/,,54.5961171,-5.9338314,way,199547868
Assembly Hall,Theatre,,,Worthing,BN11 1HE,"Worthing, BN11 1HE",,,,50.8146443,-0.3725015,way,90971749
Assembly Hall Theatre,Theatre,,Crescent Road,,TN1 2LU,"Crescent Road, TN1 2LU",,https://assemblyhalltheatre.co.uk/,+44 1892 530613,51.132592,0.264564,way,56112162
Assembly Rooms,Theatre,54,George Street,Edinburgh,EH2 2LR,"54 George Street, Edinburgh, EH2 2LR",,,,55.9528411,-3.1986036,way,88210696
Assembly Rooms,Nightclub,,Market Place,Boston,PE21 6NN,"Market Place, Boston, PE21 6NN",,,,52.9773887,-0.0244027,node,1180826566
Assembly Rooms,Events venue,,Market Hill,Huntingdon,,"Market Hill, Huntingdon",,,,52.3304112,-0.1842354,node,10962303095
Assembly Roxy,Events venue,2,Roxburgh Place,Edinburgh,EH8 9SU,"2 Roxburgh Place, Edinburgh, EH8 9SU",,https://assemblyroxy.com/,,55.947418,-3.1841339,node,3070134267
Astons,Nightclub,"30,32",High Street,Bedford,MK40 1SP,"30,32 High Street, Bedford, MK40 1SP",,,,52.136208,-0.4666541,node,1314165877
Astons Late Bar,Nightclub,34,Front Street West,Bedlington,NE22 5UB,"34 Front Street West, Bedlington, NE22 5UB",,,,55.1314306,-1.5982293,way,125214778
Asylum Chapel,Events venue,,Asylum Road,,,Asylum Road,,https://maverickprojects.co.uk/,+44 20 7635 8033,51.4792894,-0.0607237,way,616417807
Athelstan Players Studio,Theatre,,,,,,,,,51.5891613,-2.1023374,way,291298640
Athena,Events venue,,,,,,,,,52.6353202,-1.1266613,way,89555140
Athenaeum,Theatre,,,,,,,,,50.3688247,-4.145844,way,241099890
Athletics Stadium,Stadium,,,,,,16000,,,51.4191477,-0.0687541,way,279950204
ATIK,Nightclub,,Brook Street,,,Brook Street,,,,53.0444969,-2.9951431,node,311778265
Atik,Nightclub,,Spinning School Lane,Tamworth,B79 7BD,"Spinning School Lane, Tamworth, B79 7BD",,https://www.atikclub.co.uk/tamworth,+44 1827 58772,52.6355389,-1.6933944,way,393498753
ATIK,Nightclub,,Dagger Lane,Hull,HU1 2LS,"Dagger Lane, Hull, HU1 2LS",,,,53.7423257,-0.3377777,node,10707900336
Atlantica Bar & Club,Bar,7-8,Market Street,Newport,NP20 1FU,"7-8 Market Street, Newport, NP20 1FU",,,+44 1633 252 611,51.5893105,-2.9962099,node,6874316128
Atomic Theatre Arts,Arts centre,4,Sandy Lane,,,4 Sandy Lane,,https://www.atschoolofdance.co.uk/,+44 7729 856159,53.3684573,-2.5789887,node,12995563951
Attfield Theatre,Theatre,,,,SY11 1PZ,SY11 1PZ,,https://www.attfieldtheatre.co.uk/,,52.8607681,-3.0548646,node,2283017699
Attic Theatre,Theatre,,,,,,,,,52.1916383,-1.7016536,node,5152124711
Atyeo Stand,Stadium,,,,,,,,,51.4407052,-2.6206715,way,128620806
Auden Theatre,Theatre,,,,,,,,,52.9115104,1.1059209,way,375691521
Audley Theatre,Theatre,,,,,,,,,53.05373,-2.3010879,way,1047675579
Audrey Emerton Building,Conference centre,,Eastern Road,Brighton,BN2 5BE,"Eastern Road, Brighton, BN2 5BE",,https://audreyemerton.co.uk/,,50.8189122,-0.1181853,way,330453746
Auger Collective,Arts centre,600,Christchurch Road,,,600 Christchurch Road,,,,50.7275272,-1.8392685,node,9482266574
Aumento,Events venue,56,Green Lane,Derby,DE1 1RP,"56 Green Lane, Derby, DE1 1RP",,,,52.920452,-1.4781711,way,130988774
Aura,Nightclub,5,Bridge Place,Aberdeen,AB11 6HZ,"5 Bridge Place, Aberdeen, AB11 6HZ",,,,57.14443,-2.1018004,way,1039502763
Aura,Nightclub,,,,,,,,,53.4031672,-2.9790719,way,1175157248
Aures,Events venue,18,Leake Street,London,,"18 Leake Street, London",,https://www.aures-london.com/,,51.501767,-0.1154217,node,9994911783
Avant Garden,Events venue,,,,,,,https://www.crockfordbridgefarm.co.uk/,,51.3651554,-0.4840211,way,1277797478
Avenue Members Club,Nightclub,,,,,,,,,52.4426806,-1.9576745,way,140219094
Avenue Tennis,Stadium,,Featherby Road,,ME8 6AN,"Featherby Road, ME8 6AN",,,,51.3704388,0.5740677,way,466085191
Aviva Studios,Arts centre,,Water Street,Manchester,M3 4JQ,"Water Street, Manchester, M3 4JQ",,https://factoryinternational.org/aviva-studios/,,53.478188,-2.2577281,way,1089886229
AXM,Nightclub,90,Glassford Street,Glasgow,G1 1UR,"90 Glassford Street, Glasgow, G1 1UR",,,,55.8595223,-4.2484725,node,5318342497
Ayckbourn Theatre,Theatre,,,,,,,,,51.7788915,-0.0305759,way,795335973
Ayr Pavillion,Events venue,,Pavilion Road,Ayr,KA7 1EQ,"Pavilion Road, Ayr, KA7 1EQ",,https://ayrpavilion.com/,,55.4606159,-4.6403113,way,358917443
Azad Conference Hall,Events venue,,,,,,,,,52.5203827,-1.9989528,node,12211860372
Baab-e-Salaam Banqueting Hall,Events venue,33-37,Cottenham Lane,Salford,M7 1TW,"33-37 Cottenham Lane, Salford, M7 1TW",,,,53.4919406,-2.2561153,node,11952147874
Babbacombe Theatre,Theatre,,Downs Road,Babbacombe,TQ1 3LU,"Downs Road, Babbacombe, TQ1 3LU",,,,50.4787334,-3.5118769,way,198929512
Baby People Studios,Arts centre,3,Forman Street,Derby,DE1 1JQ,"3 Forman Street, Derby, DE1 1JQ",,https://www.babypeople.co.uk/,,52.921052,-1.4842171,way,59549314
Baby Platinum,Nightclub,58,King Street,Wigan,WN1 1BT,"58 King Street, Wigan, WN1 1BT",,,,53.5439781,-2.6302962,node,9137685840
Babylon ARTS,Arts centre,,,Ely,CB7 4AU,"Ely, CB7 4AU",,https://www.babylonarts.org.uk/,,52.3958506,0.2707387,node,29865179
BAC - Battersea Arts Center,Theatre,,,,,,,,,51.4648439,-0.1607466,node,1741807618
Bacchus,Nightclub,7a,Ramshill Road,Scarborough,YO11 2LN,"7a Ramshill Road, Scarborough, YO11 2LN",,www.bacchus-scarborough.co.uk,+44 1723 373689,54.2740744,-0.4029622,node,3727419378
Backlit,Arts centre,,Ashley Street,Nottingham,NG3 1JG,"Ashley Street, Nottingham, NG3 1JG",,https://backlit.org.uk/,+44 115 837 2426,52.9556764,-1.1356761,node,6521705524
Backwell School Productions,Theatre,,Station Road,Backwell,BS48 3BX,"Station Road, Backwell, BS48 3BX",,http://www.backwellschool.net,+44 1275 463371 x241,51.416129,-2.7381515,node,5474088852
Backyard Comedy Club,Theatre,231,Cambridge Heath Road,London,E2 0EL,"231 Cambridge Heath Road, London, E2 0EL",,https://backyardcomedyclub.co.uk/,,51.5253332,-0.0554864,node,7125946902
Bacon Theatre,Theatre,,,,,,,https://www.bacontheatre.co.uk/,+44 1242 258002,51.8925605,-2.1061489,way,156821180
Bacup Borough Football Club,Stadium,,,,,,,,,53.7081663,-2.1998211,way,1024514901
Baden-Powell House,Conference centre,65-67,Queen's Gate,London,,"65-67 Queen's Gate, London",,https://www.mpw.ac.uk/queens-gate-house/,,51.4955099,-0.1796687,way,392722404
Bailey's,Pub,13,Bailey Street,Newport,NP20 4DJ,"13 Bailey Street, Newport, NP20 4DJ",,,,51.5863922,-2.9988147,node,9984268262
Bakers' Hall,Events venue,,Harp Lane,London,EC3R 6DP,"Harp Lane, London, EC3R 6DP",,https://bakers.co.uk/,,51.50939,-0.0815549,node,12192729997
Ballet Cymru,Arts centre,,,Newport,NP10 9FQ,"Newport, NP10 9FQ",,https://ballet.cymru/,,51.5890614,-3.0536814,node,13066972247
Ballroom Arts,Arts centre,152A,High Street,Aldeburgh,IP15 5AQ,"152A High Street, Aldeburgh, IP15 5AQ",,https://ballroomarts.org/,,52.1513076,1.6016194,node,9969911828
Ballyearl Arts and Leisure Centre,Arts centre,,Doagh Road,Newtownabbey,,"Doagh Road, Newtownabbey",,,,54.7008038,-5.9563281,node,4393583122
Balmoor Stadium,Stadium,,Balmoor Terrace,Peterhead,AB42 1EQ,"Balmoor Terrace, Peterhead, AB42 1EQ",,,,57.5111385,-1.795924,way,116586977
Balmoral Stadium,Stadium,,,Aberdeen,AB12 3JP,"Aberdeen, AB12 3JP",,,,57.1125636,-2.0969717,way,606795246
BALTIC Centre,Arts centre,,South Shore Road,Gateshead,NE8 3BA,"South Shore Road, Gateshead, NE8 3BA",,https://baltic.art/,+44 191 478 1810,54.9692615,-1.5978011,way,31870028
Bamboo Theatre,Theatre,,,,,,,,,53.6924012,-2.2553277,way,380191335
Bambu,Nightclub,,,,,,,,,52.4751149,-1.8972149,node,315463326
Banana Block,Events venue,,,,,,,https://bananablock.org/,,54.5992925,-5.8948431,way,749606911
banc coffee & records,Cafe,,East Dock Road,Newport,NP20 2FX,"East Dock Road, Newport, NP20 2FX",,,,51.581602,-2.9835504,node,9399658983
Band on the Wall,Arts centre,25,Swan Street,Manchester,M4 5JZ,"25 Swan Street, Manchester, M4 5JZ",,https://bandonthewall.org/,,53.4852504,-2.2341494,node,2626249338
Band Stand,Bandstand,,,,,,,,,53.4314834,-1.3470737,way,45424796
Band stand,Bandstand,,,,,,,,,52.4484077,-2.1504639,way,85258763
Band Stand,Bandstand,,,,,,,,,52.5098924,-1.9266939,way,136487443
Band stand,Bandstand,,,,,,,,,54.9752483,-1.4961513,way,223322077
Band stand,Bandstand,,,,,,,,,54.7753909,-1.5624132,way,223325908
Band Stand,Bandstand,,,,,,,,,53.2087491,-0.5599228,way,226753522
Band stand,Bandstand,,,,,,,,,52.2659204,-2.1461849,way,228850774
Band Stand,Bandstand,,,,,,,,,53.5286785,-2.2837892,way,230698989
Band Stand,Bandstand,,,,,,,,,54.6854097,-1.240839,way,242884112
Band Stand,Bandstand,,,,,,,,,53.5355672,-2.2600929,way,246620720
Band Stand,Bandstand,,,,,,,,,54.8578732,-1.8413424,way,264795076
Band Stand,Bandstand,,,,,,,,,55.9985971,-3.7805483,way,270239889
Band Stand,Bandstand,,,,,,,,,54.6066715,-5.9636735,way,473048068
Band Stand,Bandstand,,,,,,,,,53.5527635,-2.6380473,way,514635951
Bandstand,Bandstand,,,,,,,,,51.4423914,-0.06155,way,5095217
Bandstand,Bandstand,,,,,,,,,51.5670987,-0.1865129,way,29337757
Bandstand,Bandstand,,,,,,,,,53.9915912,-1.5509305,way,39017803
Bandstand,Bandstand,,,,,,,,,51.4740862,-0.1043911,way,41690527
Bandstand,Bandstand,,,,,,,,,52.4176319,-4.0847963,way,43971816
bandstand,Bandstand,,,,,,,,,52.6680632,0.1653754,way,44590032
Bandstand,Bandstand,,,,,,,,,52.4664834,-1.9296454,way,67546419
Bandstand,Bandstand,,,,,,,,,52.4690475,-2.1100942,way,68923633
Bandstand,Bandstand,,,,,,,,,52.0900797,-1.9455262,way,80298140
Bandstand,Bandstand,,,,,,,,,55.1851864,-1.5103696,way,87964373
Bandstand,Bandstand,,,,,,,,,52.4511839,-1.9021648,way,89431389
Bandstand,Bandstand,,,,,,,,,51.3852557,-2.3687902,way,89761250
Bandstand,Bandstand,,,,,,,,,52.9334103,-1.1414108,way,96388721
Bandstand,Bandstand,,,,,,,,,54.8889513,-1.6613396,way,111314268
Bandstand,Bandstand,,,,,,,,,56.7361984,-2.6512245,way,115124644
Bandstand,Bandstand,,,,,,,,,54.9350425,-3.8199942,way,119754046
Bandstand,Bandstand,,,,,,,,,56.3792774,-3.8505312,way,134894425
Bandstand,Bandstand,,,,,,,,,56.3194142,-3.0078509,way,152197165
bandstand,Bandstand,,,,,,,,,52.5891424,-2.1412184,way,156553401
Bandstand,Bandstand,,,,,,,,,52.9497141,-1.1533271,way,186139798
Bandstand,Bandstand,,,,,,,,,54.9414445,-1.6051323,way,199518688
Bandstand,Bandstand,,,,,,,,,53.0301865,-1.4845108,way,202539527
Bandstand,Bandstand,,,,,,,,,50.7269707,-3.53072,way,218000696
Bandstand,Bandstand,,,,,,,,,52.5409016,-1.370198,way,221379471
Bandstand,Bandstand,,,,,,,,,51.7793916,0.1002603,way,223391778
Bandstand,Bandstand,,,,,,,,,50.5923144,-1.2158706,way,273936292
Bandstand,Bandstand,,,,,,,,,53.3822931,-2.9381152,way,297505185
Bandstand,Bandstand,,,,,,,,,53.0117567,-3.0536336,way,313291229
Bandstand,Bandstand,,,,,,,,,51.9529697,-0.274193,way,313300542
Bandstand,Bandstand,,,,,,,,,53.3239384,-3.824744,way,313493936
Bandstand,Bandstand,,,Tamworth,B79 7LQ,"Tamworth, B79 7LQ",,,,52.6322356,-1.6955817,way,388993125
Bandstand,Bandstand,,,,,,,,,54.9962105,-1.5350258,way,468507774
Bandstand,Bandstand,,,,,,,,,54.9033853,-5.0123271,way,488866147
Bandstand,Bandstand,,,,,,,,,52.1466583,-0.4646191,way,692252590
Bandstand,Bandstand,,,,,,,,,51.9504854,-3.4046744,way,727220194
Bandstand,Bandstand,,,,,,,,,55.9389276,-3.0454614,way,826882211
Bandstand,Bandstand,,,,,,,,,52.239931,-3.3789195,way,863030529
Bandstand,Bandstand,,,,,,,,,50.2650046,-5.0573273,way,1053942600
Bandstand,Bandstand,,,,,,,,,53.5670967,-2.8894784,way,1231718425
Bandstand,Bandstand,,,,,,,,,55.82156,-4.2132122,way,1497676900
Bandstand,Bandstand,,,,,,,,,55.9549947,-4.8122911,way,1497677248
Bandstand Shelter,Bandstand,,,,,,,,,52.0629382,1.1526298,way,313302570
Banff Castle Community & Arts Facilities,Arts centre,,,,,,,,,57.6666259,-2.5223547,way,337386733
Bankside Gallery,Arts centre,48,Hopton Street,London,SE1 9JH,"48 Hopton Street, London, SE1 9JH",,https://www.banksidegallery.com/,+44 20 7928 7521,51.5081907,-0.1011433,way,77755310
Bankside Open Spaces Trust,Bandstand,,,,,,,,,51.5030639,-0.0946167,way,1190839387
Banner Theatre Company,Theatre,,,,,,,,,52.5121753,-2.0158045,node,4168056428
Bar & Beyond,Nightclub,24-26,Prince of Wales Road,Norwich,NR1 1LG,"24-26 Prince of Wales Road, Norwich, NR1 1LG",,https://barandbeyond.co.uk/norwich/,,52.6298008,1.3001883,way,170316357
Bar Boujie,Nightclub,7,Pitt Street,Barnsley,S70 1AL,"7 Pitt Street, Barnsley, S70 1AL",,,,53.5520866,-1.4828016,way,320426213
Bar Diva,Nightclub,33-34,High Street,Dudley,DY1 1PJ,"33-34 High Street, Dudley, DY1 1PJ",,,,52.5096305,-2.0818982,way,669177587
Bar Monsta,Nightclub,,,,,,,,,51.5400479,-0.1421041,node,296889738
Bar Republiq,Nightclub,,,,,,,,,50.7220725,-1.8720987,way,1209358277
Barbican Arts Centre,Arts centre,,Silk Street,London,EC2Y 8DS,"Silk Street, London, EC2Y 8DS",,https://www.barbican.org.uk/theatre,,51.519867,-0.093841,way,34038687
Barbican Hall,Theatre,,,,,,,,,51.5202044,-0.093748,node,5157934312
Barbican Theatre,Theatre,,,,,,,,,50.3662303,-4.134339,way,663202448
Barbican Theatre,Theatre,,,,,,,,,51.5198304,-0.0929942,node,5157934313
Bardon Hill Football Club,Stadium,,,,,,,https://www.pitchero.com/clubs/bardonhillsports,,52.7138725,-1.3429183,way,493691993
Barfly,Theatre,,,,,,,,,52.4756359,-1.8869503,node,6329144094
Barn Theatre,Theatre,5,Beeches Road,Cirencester,GL7 1BN,"5 Beeches Road, Cirencester, GL7 1BN",,,,51.7167318,-1.9597126,way,1249139393
Barnabas Arts House,Arts centre,,New Ruperra Street,Newport,NP20 2BB,"New Ruperra Street, Newport, NP20 2BB",,http://barnabasartshouse.co.uk/,+44 1633 673 739,51.5820777,-2.9899034,node,9032613983
Barnes Homeguard Association Club House,Events venue,76a,Richmond Park Road,London,SW14 8LA,"76a Richmond Park Road, London, SW14 8LA",,,,51.4622649,-0.2665927,way,564814959
Barnes Theatre,Theatre,,,,,,,,,52.7022211,-2.7636898,way,291940518
Barnett Hill Conference Centre,Conference centre,,,,,,,,,51.1990094,-0.5345058,node,30229658
Barnfield Theatre,Theatre,,Barnfield Road,Exeter,EX1 1SN,"Barnfield Road, Exeter, EX1 1SN",,https://www.barnfieldtheatre.org.uk/,+44 1392 271808,50.7228648,-3.5257473,way,30384719
Barnoon Workshop,Arts centre,,,,,,,,,50.2141716,-5.4828829,way,266931785
Barnsley Civic Hall,Arts centre,,Hanson Street,Barnsley,S70 2HZ,"Hanson Street, Barnsley, S70 2HZ",,https://www.barnsleycivic.co.uk,,53.5536218,-1.4797535,way,61650329
Barnt Green Social Club,Nightclub,1,Blackwell Road,Birmingham,B45 8BT,"1 Blackwell Road, Birmingham, B45 8BT",,https://barntgreensocialclub.co.uk/,,52.358618,-1.9908756,node,320045406
Barony Halls,Events venue,16,Rottenrow,Glasgow,G4 0RA,"16 Rottenrow, Glasgow, G4 0RA",,,,55.8617198,-4.2370821,way,82117901
Barony Theatre,Theatre,,Borrowstoun Road,Bo'ness,EH51 9RS,"Borrowstoun Road, Bo'ness, EH51 9RS",,https://www.baronyplayers.co.uk/,,56.0055071,-3.6080062,way,599277628
baroque bar and nightclub,Nightclub,,,,,,,,,51.4389976,-3.1748346,node,11584120286
Barra Hall Park Bandstand,Bandstand,,,,,,,,,51.5174204,-0.4248173,node,8258516059
Barra Hall Park Open-Air Theatre,Theatre,,,,,,,,,51.5184934,-0.4232419,way,888278196
Barras Art and Design,Arts centre,,,,,,,,,55.8545996,-4.237189,way,102147475
Barrel House,Events venue,,,,,,,,,50.4317061,-3.6902191,way,907683085
Barrington Centre,Theatre,,,,,,,,,50.802059,-1.8927499,way,590590545
Barron Theatre,Theatre,,,,,,,,,56.3416436,-2.7966345,node,2408975723
Barrowland Ballroom,Theatre,244,Gallowgate,Glasgow,G4 0TT,"244 Gallowgate, Glasgow, G4 0TT",,https://barrowland-ballroom.co.uk/,+44 141 552 4601,55.8551312,-4.2367333,way,102147476
Bartley Green Social Club,Nightclub,,,,,,,,,52.4341333,-2.0034281,way,156358442
Barton Stadium,Stadium,,Wharton Road,Winsford,CW7 3AE,"Wharton Road, Winsford, CW7 3AE",,http://www.winsfordunitedfc.co.uk/,,53.1924001,-2.5122859,way,317114765
Base,Nightclub,8-10,Baker Street,Hawick,TD9 9BW,"8-10 Baker Street, Hawick, TD9 9BW",,,,55.4242803,-2.7864386,node,13011384033
Basement,Nightclub,13-15,Marsh Street South,,ST1 1JA,"13-15 Marsh Street South, ST1 1JA",,,,53.0241166,-2.1785108,node,5659414204
Basement 45,Nightclub,8,Frogmore Street,Bristol,BS1 5NA,"8 Frogmore Street, Bristol, BS1 5NA",,,,51.4535466,-2.6007624,way,292008227
Basement Club,Nightclub,,,,,,,,,51.5257101,-0.0833391,way,157236271
Basford Hall Conference Centre,Conference centre,55,Goldcrest Road,Nottingham,NG6 8PT,"55 Goldcrest Road, Nottingham, NG6 8PT",,http://www.basfordhall.co.uk/,,52.9855563,-1.1988849,node,3398931847
Bashall Barn Shop and Cafe,Events venue,,,,,,,https://bashallbarn.co.uk/,+44 1200 428964,53.8736984,-2.4409748,way,61646921
Basing House,Nightclub,25,Kingsland Road,London,E2 8AA,"25 Kingsland Road, London, E2 8AA",,,,51.5289008,-0.0781053,way,164483488
Bath Road Bandstand,Bandstand,,,,,,,,,50.7548346,-1.5296089,way,156959033
Battersea Arts Centre,Arts centre,,,London,SW11 5TN,"London, SW11 5TN",,,,51.4649615,-0.1607901,way,28671469
Bawtry New Hall,Events venue,,Station Road,Doncaster,DN10 6PU,"Station Road, Doncaster, DN10 6PU",,https://bawtrytowncouncil.co.uk/new-hall/,,53.4322361,-1.0188084,node,11824276111
Bay Gallery,Arts centre,,,,,,,,,53.2956886,-3.7269938,node,5983946033
Bayview Stadium,Stadium,,Harbour View,Leven,KY8 3RW,"Harbour View, Leven, KY8 3RW",,,,56.188862,-2.9991904,way,188763500
BBC Hoddinott Hall,Theatre,,,,,,,,,51.4652839,-3.1629343,node,9130398101
BCLM Confrence Centre,Events venue,,,,,,,,,52.5197083,-2.075103,node,11694716961
BCP Council,Bandstand,,,,,,,,,50.7242536,-1.8181809,way,245497300
Beaconsfield,Arts centre,22,Newport Street,London,SE11 6AY,"22 Newport Street, London, SE11 6AY",,https://beaconsfield.ltd.uk/,+44 20 7582 6465,51.4920939,-0.1186789,way,192338447
Beaconside Conference Centre,Events venue,,Weston Road,Stafford,ST18 0BF,"Weston Road, Stafford, ST18 0BF",,https://www.beaconsideconference.co.uk/,+44 1785 550121,52.8123136,-2.0817286,way,109560989
Beat Generator Live!,Nightclub,70N,North Lindsay Street,Dundee,DD1 1PS,"70N North Lindsay Street, Dundee, DD1 1PS",,,,56.4608594,-2.9761394,node,5029459821
BEAT London,Nightclub,48,Margaret Street,London,,"48 Margaret Street, London",,https://beat-london.com/,,51.5164703,-0.1416838,node,6135314065
Beaver Works,Nightclub,36,Whitehouse Street,Leeds,LS10 1AD,"36 Whitehouse Street, Leeds, LS10 1AD",,,+447943 814078,53.7836525,-1.5343321,node,13168124202
Beccles Public Hall and Theatre,Theatre,,Smallgate,Beccles,NR34 9AD,"Smallgate, Beccles, NR34 9AD",,https://www.becclespublichall.co.uk/,,52.4580976,1.5644324,way,924799790
Bedbury Hall,Nightclub,,,,,,,,,53.4148406,-2.1236197,node,2516437508
Bedford Blues Rugby Club,Stadium,,Goldington Road,Bedford,MK40 3NF,"Goldington Road, Bedford, MK40 3NF",,https://www.bedfordrugby.co.uk/,,52.1407128,-0.4575807,way,3103273
Bedford iCreate,Arts centre,,,,,,,,,52.1352089,-0.4748199,way,133514444
Bedford Town FC - The Eyrie Stadium,Stadium,,Meadow Lane,Cardington,MK44 3LW,"Meadow Lane, Cardington, MK44 3LW",,,,52.1288345,-0.4130459,node,10059623491
Bedlam Theatre,Theatre,11B,Bristo Place,Edinburgh,EH1 1EZ,"11B Bristo Place, Edinburgh, EH1 1EZ",,,,55.9462373,-3.1906429,way,42580755
Bedrocks,Nightclub,,Golden Square,Berwick upon Tweed,TD15 1BG,"Golden Square, Berwick upon Tweed, TD15 1BG",,,,55.7701844,-2.0053491,node,3732117192
Bedwas RFC,Stadium,,The Bridgefield,Bedwas,CF83 8DZ,"The Bridgefield, Bedwas, CF83 8DZ",,,,51.588522,-3.2021026,way,192341579
Bedwas Workmen's Hall,Theatre,,Newport Road,Bedwas,CF83 8BJ,"Newport Road, Bedwas, CF83 8BJ",,https://www.bedwasworkmenshall.co.uk/,,51.5907853,-3.1909401,node,10140474159
Bedworth Civic Hall,Theatre,,,,,,,,,52.478628,-1.4714707,way,150623461
Beeston Manor,Events venue,,Quaker Brook Lane,Preston,PR5 0RA,"Quaker Brook Lane, Preston, PR5 0RA",,,,53.7450509,-2.6021346,way,336529768
Beggarwood Ampitheatre,Theatre,,,,,,,,,51.230921,-1.1404514,way,512342297
Belfast Waterfront Conference and Exhibition Centre,Theatre,2,Lanyon Place,Belfast,BT1 3WH,"2 Lanyon Place, Belfast, BT1 3WH",,https://www.waterfront.co.uk/,+44 28 9033 4400,54.5975081,-5.9196703,way,685293735
Belgrade Theatre,Theatre,,,Coventry,CV1 1GS,"Coventry, CV1 1GS",,,,52.4098454,-1.5143628,way,25312555
Belgrave Music Hall and Canteen,Pub,1,Cross Belgrave Street,Leeds,LS2 8JP,"1 Cross Belgrave Street, Leeds, LS2 8JP",,,,53.8008212,-1.5412864,way,313112609
Bell Street Hall,Events venue,,Bell Street,Chelmsford,CM2 7JR,"Bell Street, Chelmsford, CM2 7JR",,,+44 1245 477501,51.7161145,0.5014262,way,1272189232
Belle View Stadium,Stadium,,,,,,,,,54.8501332,-1.8241248,way,1006786534
Belle Vue Stadium,Stadium,,Doncaster Road,Wakefield,WF1 5EY,"Doncaster Road, Wakefield, WF1 5EY",,,,53.6698538,-1.4792627,way,553986731
Bellfield Park Bandstand,Bandstand,,,,,,,,,57.4697101,-4.226769,way,112004825
Bellslea Park,Stadium,,,,,,,,,57.689343,-2.0053127,way,65011360
Belvoir Players Studio Theatre,Theatre,94,Belvoir Drive,Belfast,BT8 7FR,"94 Belvoir Drive, Belfast, BT8 7FR",,,,54.5524399,-5.9335822,way,480102466
Benjamin Perry Boathouse,Events venue,,Phoenix Wharf,Bristol,BS1 6TJ,"Phoenix Wharf, Bristol, BS1 6TJ",,,,51.4486021,-2.5925017,way,128525828
Benn Hall,Arts centre,,Newbold Road,Rugby,CV21 2LN,"Newbold Road, Rugby, CV21 2LN",,,,52.3757171,-1.264012,way,300586141
Bernie Grant Arts Centre,Arts centre,,,,,,,,,51.5874139,-0.073165,way,229395046
Berrill Lecture Theatre,Theatre,,,,,,,,,52.0247069,-0.7076568,node,420546636
bet365 Stadium,Stadium,,Stanley Matthews Way,Stoke-on-Trent,ST4 4EG,"Stanley Matthews Way, Stoke-on-Trent, ST4 4EG",27740,https://www.stokecityfc.com/,,52.9882895,-2.1755447,way,124603901
Bethel Convention Centre,Conference centre,,Kelvin Way,West Bromwich,B70 7JW,"Kelvin Way, West Bromwich, B70 7JW",,https://bethelconventioncentre.co.uk,,52.5109546,-2.0033261,way,1334520598
Beulah Baptist Church Hall,Events venue,,Clifford Road,Bexhill-on-Sea,TN40 1QA,"Clifford Road, Bexhill-on-Sea, TN40 1QA",,https://www.beulahbaptist.co.uk/,,50.8419815,0.4739079,way,1095514432
Beverley Racecourse,Stadium,,,,,,,,,53.8431895,-0.4573647,way,322701515
Bharatiya Vidya Bhavan,Arts centre,,,London,W14 9HE,"London, W14 9HE",,https://bhavan.net/,,51.489831,-0.2070521,way,151526843
Bickham Barn,Events venue,,,,,,,https://bickhambarn.co.uk/,,50.6497496,-3.5370466,node,8853211004
Bicton Arena,Stadium,,,,,,,,,50.666214,-3.3244212,way,246171091
Biddle Bros.,Pub,88,Lower Clapton Road,London,E5 0QR,"88 Lower Clapton Road, London, E5 0QR",,,,51.5531948,-0.0529057,way,593535886
Big School Room,Conference centre,,,,,,,,,50.9472657,-2.5177415,node,12757508121
Bigfellas,Nightclub,11-13,Beastfair,Pontefract,WF8 1AL,"11-13 Beastfair, Pontefract, WF8 1AL",,,,53.6909991,-1.3127414,way,875699581
BigImprov - The Bradford Improv Group,Theatre,90,Sunbridge Road,Bradford,BD1 2NJ,"90 Sunbridge Road, Bradford, BD1 2NJ",,https://www.bigimprov.org.uk,,53.7941158,-1.7572478,node,7931921365
Bingley Arts Centre,Arts centre,,Main Street,Bingley,BD16 2LZ,"Main Street, Bingley, BD16 2LZ",,,,53.8477297,-1.8392885,way,57687365
Birchvale Theatre,Theatre,,Maxwell Street,Dalbeattie,DG5 4AG,"Maxwell Street, Dalbeattie, DG5 4AG",,https://www.birchvale.scot,+447717676254,54.9331239,-3.8263238,way,403034492
Birchwood House,Conference centre,,,,,,,,,51.5050945,-3.1671049,way,1326468686
Birdies,Nightclub,42,Heath Mill Lane,Birmingham,B9 4AR,"42 Heath Mill Lane, Birmingham, B9 4AR",,,,52.4758207,-1.8829852,way,1165341289
Birds of the World Arena,Theatre,,,,,,,,,51.8474557,-0.5426012,node,9322345964
Birmingham Alexander Stadium,Stadium,,Walsall Road,Birmingham,B42 2LR,"Walsall Road, Birmingham, B42 2LR",,https://www.alexander-stadium.co.uk/,,52.5312332,-1.905101,relation,15644617
Birmingham Conference & Exhibition Centre,Conference centre,,,,,,,,,52.4758848,-1.899527,node,5559476868
Birmingham Hippodrome Theatre,Theatre,,Hurst Street,Birmingham,B5 4TB,"Hurst Street, Birmingham, B5 4TB",,https://www.birminghamhippodrome.com/,,52.4742862,-1.8980756,way,73070884
Birmingham Music School,Arts centre,,,,,,,,,52.4910448,-1.9115989,node,3502063705
Birmingham Open Media,Arts centre,1,Dudley Street,Birmingham,B5 4EG,"1 Dudley Street, Birmingham, B5 4EG",,https://www.bom.org.uk/,,52.4765772,-1.897502,node,3208290620
Birmingham Rep,Theatre,,Broad Street,Birmingham,B1 2EP,"Broad Street, Birmingham, B1 2EP",,,,52.4794824,-1.9093625,way,145229283
Bisham Abbey,Events venue,,,,,,,,,51.5579641,-0.7797957,node,12176997083
Bishops Lydeard Association Football Club,Stadium,,Cothelstone Road,Taunton,TA4 3BA,"Cothelstone Road, Taunton, TA4 3BA",,https://www.blafc.org.uk/,,51.0674503,-3.1841955,way,332438370
Bisley Stand,Stadium,,,Newport,NP19 0UU,"Newport, NP19 0UU",,,,51.5886828,-2.9878639,way,894717922
Bistro Live,Nightclub,488,Midsummer Boulevard,Milton Keynes,MK9 2EA,"488 Midsummer Boulevard, Milton Keynes, MK9 2EA",,https://www.bistrolive.com/,+44 1908 231313,52.0389828,-0.7604229,node,11840412559
Black Country Atelier,Arts centre,,,,,,,,,52.4868114,-1.907657,node,2995130187
Black Horse,Pub,29,Monkgate,York,YO31 7PB,"29 Monkgate, York, YO31 7PB",,,,53.9637558,-1.0768418,node,27237812
Black Swan Theater,Theatre,,Black Swan Loke,North Walsham,NR28 9BX,"Black Swan Loke, North Walsham, NR28 9BX",,https://newstages.co.uk/theatre/,,52.8208199,1.3877288,way,1410066409
Blackbrook House,Conference centre,,Ashbourne Road,Belper,DE56 2DB,"Ashbourne Road, Belper, DE56 2DB",,http://www.blackbrookhouse.com/,,53.0276072,-1.5042872,way,129248959
Blackfriars Theatre & Arts Centre,Theatre,11,Spain Lane,Boston,PE21 6HP,"11 Spain Lane, Boston, PE21 6HP",,https://www.blackfriarsartscentre.co.uk/,,52.9761353,-0.0224371,node,976945426
Blackheath Coronation Social Club,Nightclub,,George Avenue,,B65 9BD,"George Avenue, B65 9BD",,,,52.4769276,-2.0378172,node,5612366974
Blackheath Liberal Club,Nightclub,51,John Street,,B65 0EP,"51 John Street, B65 0EP",,,,52.4743504,-2.0442153,node,340414784
Blackmore Theatre,Theatre,,,,,,,,,50.6182231,-3.4106961,node,525596940
Blackpool Cricket Club,Stadium,,Barlow Crescent,Blackpool,FY3 9EQ,"Barlow Crescent, Blackpool, FY3 9EQ",,,,53.8146332,-3.0290433,way,102777466
Blacksmith's Arms,Pub,,Main Street,Doncaster,DN11 8LB,"Main Street, Doncaster, DN11 8LB",,,,53.4173119,-1.0772944,way,1256719695
Blackstock Farm,Events venue,,Grove Hill,Hellingly,BN27 4HF,"Grove Hill, Hellingly, BN27 4HF",,https://www.blackstockestate.co.uk,,50.8966358,0.269778,way,1040314827
Blackwood Miners Institute,Arts centre,,High Street,Blackwood,NP12 1BB,"High Street, Blackwood, NP12 1BB",,https://www.blackwoodminersinstitute.com/,+44 1495 227 206,51.6695219,-3.1959405,way,998152906
Blaenafon Workmen’s Hall,Events venue,,High Street,Blaenavon,NP4 9PT,"High Street, Blaenavon, NP4 9PT",,https://www.blaenavonworkmenshall.uk/contact-us,+44 7894 745 143,51.7730609,-3.0864022,node,12735462442
blagclub Kensington,Nightclub,11,Russell Gardens,London,,"11 Russell Gardens, London",,https://blagclub.com/,+44 20 7243 0123,51.5001549,-0.211026,node,7394550611
Blaise amphitheatre,Theatre,,,,,,,,,51.5059002,-2.630886,way,1191806963
Blake Theatre,Theatre,,,,,,,,,51.8112301,-2.7130208,way,167777679
Blame Gloria,Nightclub,22,Small Street,Bristol,BS1 1DW,"22 Small Street, Bristol, BS1 1DW",,,,51.4549325,-2.5943907,way,290602736
Blanco's Restaurant,Restaurant,,Green Park Street,Port Talbot,SA12 6NT,"Green Park Street, Port Talbot, SA12 6NT",,https://www.blancoshotel.co.uk,+44 1639 864 500,51.5946909,-3.7879777,node,12031070799
Blenheim Gardens Bandstand,Bandstand,,,,,,,,,51.2074141,-3.474823,way,666113830
BLISS Bridgwater,Nightclub,62,High Street,Bridgwater,TA6 3BN,"62 High Street, Bridgwater, TA6 3BN",,,,51.1278344,-3.0074894,way,132976235
Bloom,Nightclub,,,,,,,,,51.5026519,-0.1878287,node,7103266996
Bloom,Arts centre,39,Longden Coleham,Shrewsbury,SY3 7DQ,"39 Longden Coleham, Shrewsbury, SY3 7DQ",,https://www.bloom-art.co.uk/,,52.7041334,-2.7472315,node,13638071854
Bloomfield Road Stadium,Stadium,,Seasiders Way,Blackpool,FY1 6JJ,"Seasiders Way, Blackpool, FY1 6JJ",,,,53.8048708,-3.0482471,way,124427534
Bloomsbury Theatre,Theatre,15,Gordon Street,London,WC1H 0AH,"15 Gordon Street, London, WC1H 0AH",,https://www.ucl.ac.uk/culture/bloomsbury-theatre-studio,+44 20 3108 1000,51.5250669,-0.1327965,way,383553353
Blossom Barn Weddings,Events venue,,,,,,,,,53.5421473,-1.7349522,node,9890343085
Blossoms Jungle,Nightclub,,,,,,,,,52.5859793,-2.1298405,node,6329144092
Blotts Country Club,Events venue,,Adbolton Lane,Nottingham,NG12 2LU,"Adbolton Lane, Nottingham, NG12 2LU",,https://www.blotts.com/,,52.9452244,-1.0734832,way,71223887
Blue Angel,Nightclub,,,,,,,,,53.4009386,-2.9763784,node,27419484
Blue Elephant Theatre,Theatre,,,,,,,,,51.4800491,-0.0983422,way,70923813
Blue Orange Theatre,Theatre,118,Great Hampton Street,Birmingham,B18 6AD,"118 Great Hampton Street, Birmingham, B18 6AD",,,,52.489191,-1.9082658,way,98162037
Blue Orchid Fun House,Events venue,43,St George's Walk,Croydon,CR0 1YL,"43 St George's Walk, Croydon, CR0 1YL",,,,51.3732101,-0.0978336,node,2106381775
Blundell Park,Stadium,,,Cleethorpes,DN35 7PY,"Cleethorpes, DN35 7PY",,,,53.5701931,-0.04651,way,217858059
Blunsdon Abbey Stadium,Stadium,,,,,,,,,51.6072148,-1.7919789,way,184883737
Blush,Nightclub,37,Duke Street,London,W1U 1LN,"37 Duke Street, London, W1U 1LN",,,,51.5150059,-0.1516133,node,2272747707
Blyth Links Bandstand,Bandstand,,,,,,,,,55.1119501,-1.4996789,way,313080980
Boarder's Dining Room,Events venue,59,Chanterhill Road,Enniskillen,BT74 6DE,"59 Chanterhill Road, Enniskillen, BT74 6DE",,,,54.3496878,-7.6196167,node,7370304083
Boardwalk,Nightclub,,,Chwilog,LL53 6HX,"Chwilog, LL53 6HX",,,,52.9050026,-4.3326155,node,471977426
Boat and Horses Pub,Pub,,Broadway,Oldham,OL9 8AU,"Broadway, Oldham, OL9 8AU",,,,53.527872,-2.1594657,node,11265061765
Bob and Tamar Manoukian Costume Centre,Arts centre,,,,,,,,,51.4805233,0.2534339,way,875842545
Bob Lucas Stadium,Stadium,,,,,,,,,50.6202129,-2.4850695,way,115244592
Bob Shankley Stand,Stadium,,,,,,,,,56.4744721,-2.9725092,way,84500521
Bobby Cox Stand,Stadium,,,,,,,,,56.474811,-2.9746672,way,84500990
Boconnion,Events venue,,,Bodmin,PL30 4QA,"Bodmin, PL30 4QA",,https://www.boconnion.co.uk/,+44 1208 220488,50.4897813,-4.7273642,node,11017028250
Bodo's Schloss,Nightclub,2a,Kensington High Street,London,W8 4PT,"2a Kensington High Street, London, W8 4PT",,https://www.bodosschloss.com/,,51.5025449,-0.1877803,node,4177285145
Bohemia,Nightclub,20,Collingwood Street,Newcastle upon Tyne,NE1 1JF,"20 Collingwood Street, Newcastle upon Tyne, NE1 1JF",,,+44 191 2603040,54.9701318,-1.6128694,node,4515143091
Bohemia,Nightclub,,,Durham,DH1 1SQ,"Durham, DH1 1SQ",,https://www.bohemiabars.com/,,54.7782032,-1.5759909,node,10684040826
Bohuk Institute,Arts centre,,,,,,,https://www.bohunkinstitute.co.uk/,,52.9511225,-1.1390248,node,2961365469
Boiler House,Events venue,152,Brick Lane,London,E1 6RU,"152 Brick Lane, London, E1 6RU",,http://www.boilerhouse-foodhall.co.uk,,51.5217888,-0.0714994,way,136161373
Boiler Shop,Music venue,20,South Street,Newcastle upon Tyne,NE1 3PE,"20 South Street, Newcastle upon Tyne, NE1 3PE",,https://www.boilershop.net/,,54.9671486,-1.6152944,way,135413568
Boiling Wells Amphitheatre,Theatre,,,,,,,,,51.4749691,-2.5749071,way,1462916581
Bolehall Swifts,Stadium,,Rene Road,,B77 3NW,"Rene Road, B77 3NW",,,,52.6360562,-1.6721816,relation,5721735
Bolivar Hall,Events venue,54,Grafton Way,London,W1T 5DL,"54 Grafton Way, London, W1T 5DL",,,+44 20 7388 5788,51.523578,-0.1378599,way,294886280
Bollington Arts Centre,Arts centre,,Wellington Road,Bollington,SK10 5JR,"Wellington Road, Bollington, SK10 5JR",,http://www.bollingtonartscentre.org.uk,,53.2980669,-2.1053997,node,3423450871
Bolton Little Theatre,Theatre,,,,,,,,,53.5773049,-2.4367539,way,507033127
Boltz,Nightclub,16,Kent Street,Birmingham,B5 6RD,"16 Kent Street, Birmingham, B5 6RD",,https://www.boltz-club.com/,,52.4725279,-1.8965976,way,963985128
Bomb Factory Art Foundation,Arts centre,,,,,,,https://www.bombfactory.org.uk/,,51.5659201,-0.1313956,node,4838589313
Bomba,Nightclub,,,,,,,,,50.7189377,-3.5312766,node,13147580029
Bonar Hall,Events venue,,,,,,,,,56.4574781,-2.9770564,way,45046107
Bonbon Pottery,Arts centre,3,Royal Crest Avenue,,,3 Royal Crest Avenue,,https://www.bonbonpottery.co.uk/,,51.5011209,0.030109,node,11170065116
Bonington Theatre,Theatre,,High Street,Nottingham,NG5 7EE,"High Street, Nottingham, NG5 7EE",,https://www.gedling.gov.uk/leisure/boningtontheatre/,+44 115 901 3640,53.0063317,-1.1279559,node,1859966188
Bonkers Playhouse,Theatre,27a,Victoria Street,Kettering,NN16 0BU,"27a Victoria Street, Kettering, NN16 0BU",,,,52.4004296,-0.7227255,node,5548322577
Bonus Arena,Theatre,,Myton Street,Hull,HU1 2PS,"Myton Street, Hull, HU1 2PS",,,,53.7419168,-0.3416541,way,500985321
BOOK A BAR LTD,Events venue,,,,,,,https://www.bookabar.events/,+44 800 122 3169,51.235316,0.5621851,node,8842143886
Boom Box,Nightclub,,,,,,,,,54.6042485,-5.9312854,way,454883951
Boom! Studios,Arts centre,,,,,,,https://www.boomstudios.org.uk/,,54.6611736,-5.6682349,node,6327270741
Bootham Tavern,Pub,,Bootham,York,YO30 7BW,"Bootham, York, YO30 7BW",,,,53.9634208,-1.0860693,node,558801092
Bootleg Social,Music venue,30,Topping Street,Blackpool,FY1 3AQ,"30 Topping Street, Blackpool, FY1 3AQ",,,,53.819385,-3.0500877,node,8493867462
Borderville,Stadium,,,,,,,,,52.6655526,-0.4689301,way,696251730
Bordesley Labour Club,Nightclub,18,Whitmore Road,Birmingham,B10 0NP,"18 Whitmore Road, Birmingham, B10 0NP",,,,52.4703131,-1.8623004,way,79861646
Bordesley Park Farm,Events venue,,,,,,,,,52.3264827,-1.9304205,way,256699467
Borondo,Nightclub,,,,,,,,,51.4905646,-0.0811836,node,13859056976
Borough Briggs,Stadium,,Boroughbriggs Road,Elgin,IV30 1AP,"Boroughbriggs Road, Elgin, IV30 1AP",,https://www.elgincity.net/,,57.6518102,-3.3206899,way,65601462
Borough Park,Stadium,,,,CA14 2DT,CA14 2DT,,,,54.6486791,-3.5510972,way,247193873
Borough Theatre,Theatre,,,,,,,,,51.8219925,-3.0181001,node,2429925412
Boston Music Room,Theatre,178,Junction Road,London,N19 5QQ,"178 Junction Road, London, N19 5QQ",,https://www.bostonmusicroom.co.uk/,,51.5573334,-0.1383779,node,10681094108
Botanical Suite,Events venue,,Meadow Road,Derby,DE1 2BH,"Meadow Road, Derby, DE1 2BH",,https://botanicalsuite.co.uk/,,52.921984,-1.4658339,node,6797511727
Botanicum,Events venue,,,,,,,https://huttonwandesleystables.co.uk/,,53.9469938,-1.2240708,way,1314187466
Boulevard,Theatre,3-9,Churchill Street,Newcastle upon Tyne,NE1 4HF,"3-9 Churchill Street, Newcastle upon Tyne, NE1 4HF",,https://www.boulevardnewcastle.co.uk/,+44 191 250 7068,54.9672772,-1.6229804,way,184418980
Boulevard Theatre,Theatre,6,Walker's Court,London,W1F 0BT,"6 Walker's Court, London, W1F 0BT",,http://boulevardtheatre.co.uk,,51.5126933,-0.1341786,node,7033967885
Boundary Park,Stadium,,Furtherwood Road,Oldham,OL1 2PB,"Furtherwood Road, Oldham, OL1 2PB",,https://www.oldhamathletic.co.uk/,,53.5552042,-2.1283458,way,63113573
Bournbrook and Selly Oak Social Club,Nightclub,13A,Hubert Road,Birmingham,B29 6DX,"13A Hubert Road, Birmingham, B29 6DX",,,,52.4439896,-1.9342401,way,55685231
Bourne Town FC (The Wakes),Stadium,,Abbey Road,Bourne,PE10 9EN,"Abbey Road, Bourne, PE10 9EN",,,,52.7666669,-0.371665,way,1021662910
Bournemouth International Centre,Theatre,,Exeter Road,,BH2 5BH,"Exeter Road, BH2 5BH",,https://www.bic.co.uk/,+44 1202 456400,50.7163359,-1.8788395,way,117685374
Bournemouth Little Theatre Club,Theatre,,,,,,,,,50.7478124,-1.8787927,node,2413990344
Bow Arts Trust (Bow Road Studios),Arts centre,181-183,Bow Road,London,E3 2SJ,"181-183 Bow Road, London, E3 2SJ",,https://bowarts.org/studios/bow-road-studios,,51.5288248,-0.0175485,node,3581168628
Bower Fold,Stadium,,Mottram Road,Stalybridge,SK15 2RT,"Mottram Road, Stalybridge, SK15 2RT",,,,53.4753135,-2.0438464,way,557290068
Bowie Band Stand,Bandstand,,,,,,,,,51.4035394,-0.0345943,way,878634053
Bowlers Exhibition Centre,Conference centre,,,,,,,,,53.4689337,-2.331495,way,166423538
Box,Nightclub,431,Sauchiehall Street,Glasgow,G2 3LG,"431 Sauchiehall Street, Glasgow, G2 3LG",,,,55.8659746,-4.2691869,node,10989027572
Box Cricket Club,Stadium,,,,,,,,,51.4154267,-2.2533316,way,377064444
Boxmoor Hall,Theatre,,,,,,,https://www.boxmoorhall.co.uk/,,51.7447727,-0.4758987,node,1037144688
Boxmoor Playhouse,Theatre,72,St Johns Road,Hemel Hempstead,HP1 1NP,"72 St Johns Road, Hemel Hempstead, HP1 1NP",,,,51.7455555,-0.4801802,way,98446186
bp pulse LIVE,Events venue,,Perimeter Road,Birmingham,B40 1NT,"Perimeter Road, Birmingham, B40 1NT",,https://www.bppulselive.co.uk/,,52.4484171,-1.7204631,node,9711139465
Bradbury Glade,Events venue,,,,TS21 2ES,TS21 2ES,,https://wonderlandweddingvenues.co.uk/our-venues/bradbury-glade-bg/,,54.6455383,-1.4978474,node,13104277081
Bradford Arts Centre,Arts centre,1,Forster Court,,BD1 4TY,"1 Forster Court, BD1 4TY",,https://bdartscentre.co.uk/,+44 1274 303340,53.7952783,-1.7487277,node,13253684601
Bradford Live,Theatre,1,Thornton Road,Bradford,BD1 2EP,"1 Thornton Road, Bradford, BD1 2EP",,https://trafalgartickets.com/bradford-live-bradford,,53.7923268,-1.7569517,way,175506723
Bradford Playhouse,Theatre,4-12,Chapel Street,Bradford,BD1 5DL,"4-12 Chapel Street, Bradford, BD1 5DL",,,,53.7935669,-1.7457683,way,631814345
Braehead Arena,Stadium,,,,,,,,,55.8767085,-4.3649855,way,1032004889
Bragborough Hall,Events venue,,,,,,,https://www.bragboroughhallbusinesscentre.com,,52.2863428,-1.1831202,node,8818178221
Bramall Lane,Stadium,,Bramall Lane,Sheffield,S2 4SU,"Bramall Lane, Sheffield, S2 4SU",32125,https://www.sufc.co.uk/,,53.370373,-1.4707614,way,731980938
Brandon Club 1885,Nightclub,,Main Street,Brandon,CV8 3HW,"Main Street, Brandon, CV8 3HW",,,,52.384233,-1.4003053,node,705074661
Brandywell Stadium,Stadium,,Lone Moor Road,Derry,,"Lone Moor Road, Derry",,,,54.9905161,-7.3360373,way,428489640
Brangwyn Hall,Theatre,,Guildhall Road South,Swansea,SA1 4PE,"Guildhall Road South, Swansea, SA1 4PE",,https://www.brangwyn.co.uk/,,51.6136964,-3.9601894,way,106399852
Brannigans,Nightclub,,Market Street,Blackpool,FY1 1ET,"Market Street, Blackpool, FY1 1ET",,,,53.8179563,-3.0552538,way,146610678
Branxholm Park,Events venue,,,Hawick,TD9 0JT,"Hawick, TD9 0JT",,https://www.branxholmpark.co.uk/,,55.3963669,-2.8483632,node,10264629841
Brasshouse,Nightclub,,,,,,,,,56.0728721,-3.4621581,node,5935153414
Braxted Park Estate,Events venue,Braxted Park Estate,"Great Braxted, Essex, CM8 3EN",,,"Braxted Park Estate Great Braxted, Essex, CM8 3EN",,https://www.braxtedpark.co.uk/,+44 1621 892305,51.8054718,0.6898867,node,10050557786
Breakneck Comedy,Theatre,,Castle Street,Aberdeen,,"Castle Street, Aberdeen",,https://www.breakneckcomedy.co.uk/,,57.1489915,-2.0924898,node,9247003994
Brentwood Arts Therapy Centre,Arts centre,,,,,,,,,51.6376226,0.281286,way,1334260271
Brentwood Theatre,Theatre,15,Shenfield Road,Brentwood,CM15 8AG,"15 Shenfield Road, Brentwood, CM15 8AG",,,,51.6222061,0.3066572,node,4635997554
BrewDog Stadium,Stadium,,,,,,,,,53.4475227,-2.7259236,way,663013755
Brewery Arts Centre,Arts centre,122a,Highgate,Kendal,LA9 4HE,"122a Highgate, Kendal, LA9 4HE",,https://www.breweryarts.co.uk/,+44 1539 722833,54.3247573,-2.748496,way,71307135
Brewery Field,Stadium,,,,,,,,,51.5098395,-3.581752,way,54419576
Brewhouse Arts Centre,Arts centre,,Union Street,,,Union Street,,https://www.brewhouse.co.uk,,52.8029886,-1.63667,node,7120591573
Brick Works Nightclub,Nightclub,67-69,Westgate,Wakefield,WF1 1BW,"67-69 Westgate, Wakefield, WF1 1BW",,,,53.6819687,-1.5017235,node,360034865
Bridewell Theatre,Theatre,14,Bride Lane,London,EC4Y 8EQ,"14 Bride Lane, London, EC4Y 8EQ",,,,51.5134159,-0.1050251,way,107643531
Bridge Command,Theatre,63-64,Albert Embankment,London,SE1 7TJ,"63-64 Albert Embankment, London, SE1 7TJ",,https://bridgecommand.space,,51.486806,-0.1230121,node,12538601573
Bridge Gardens,Events venue,60,Washington Street,Glasgow,G3 8AZ,"60 Washington Street, Glasgow, G3 8AZ",,https://boxhub.uk/bridge-gardens/,,55.8575334,-4.268843,node,9990117516
Bridge House,Conference centre,,Bridge Street,Olney,MK46 4AB,"Bridge Street, Olney, MK46 4AB",,,,52.1504163,-0.7025036,way,96712760
Bridge House 2,Nightclub,,Bidder Street,London,E16 4ST,"Bidder Street, London, E16 4ST",,http://www.bridgehouse-2.com/,,51.5177982,0.0036549,node,4095264351
Bridge House Theatre,Theatre,,,,,,,,,52.2786924,-1.5761732,node,884270104
Bridge House Theatre,Theatre,2,High Street,London,SE20 8RZ,"2 High Street, London, SE20 8RZ",,https://thebridgehousetheatre.co.uk/,+44 20 8133 0311,51.4180693,-0.0604394,node,2803192197
Bridge Meadow Stadium,Stadium,,,,,,,,,51.8091545,-4.9675272,way,1267087155
Bridge Theatre,Theatre,3,Potters Fields Park,London,SE1 2SG,"3 Potters Fields Park, London, SE1 2SG",,https://bridgetheatre.co.uk/,,51.5040964,-0.0773186,node,5210995811
Bridgewater Hall,Theatre,,Lower Mosley Street,Manchester,M2 3WS,"Lower Mosley Street, Manchester, M2 3WS",,https://www.bridgewater-hall.co.uk/,+44 844 907 9000,53.4753687,-2.246026,way,165386099
Bridgwater Arts Centre,Arts centre,11-13,Castle Street,Bridgwater,TA6 3DD,"11-13 Castle Street, Bridgwater, TA6 3DD",,,,51.1294024,-3.0026672,way,117012792
Bridport Arts Centre,Arts centre,9,South Street,Bridport,DT6 3NR,"9 South Street, Bridport, DT6 3NR",,https://www.bridport-arts.com/,+44 1308 424204,50.73304,-2.7577242,way,176386258
Brighton Bandstand,Bandstand,,,Brighton,BN1 2LN,"Brighton, BN1 2LN",,,,50.8221047,-0.1548849,way,1466196380
Brighton Dome Studio Theatre,Theatre,,New Road,Brighton,BN1 1UG,"New Road, Brighton, BN1 1UG",,,,50.8236062,-0.1391253,way,104520964
Brighton Dome ticket office,Theatre,29,New Road,,BN1 1UE,"29 New Road, BN1 1UE",,,,50.823737,-0.13916,way,137403347
Brighton Little Theatre,Theatre,9,Clarence Gardens,Brighton,BN1 2EG,"9 Clarence Gardens, Brighton, BN1 2EG",,,,50.82361,-0.1486306,way,137965837
Brighton Music Hall,Nightclub,127-131,King's Road Arches,Brighton,BN1 2FN,"127-131 King's Road Arches, Brighton, BN1 2FN",,https://www.brightonmusichall.co.uk/,,50.8207325,-0.1466374,node,6979189202
Brighton Open Air Theatre (B.O.A.T),Theatre,,,,,,,https://brightonopenairtheatre.co.uk,,50.8361659,-0.1538486,way,104262840
Brighton Racecourse,Stadium,,Freshfield Road,Brighton & Hove,BN2 9XZ,"Freshfield Road, Brighton & Hove, BN2 9XZ",,,,50.8297515,-0.1122357,way,392435017
Brindley Theatre,Theatre,,High Street,Runcorn,WA7 1BG,"High Street, Runcorn, WA7 1BG",,https://www.thebrindley.org.uk/,,53.3407034,-2.7313918,way,28537510
Brisbane Road,Stadium,,Brisbane Road,London,E10 5NF,"Brisbane Road, London, E10 5NF",,https://www.leytonorient.com/,,51.5601073,-0.0126577,way,10604113
Bristol Beacon,Theatre,,Colston Street,Bristol,BS1 5AR,"Colston Street, Bristol, BS1 5AR",,,,51.4547006,-2.5983012,way,94826517
Bristol County Ground,Stadium,,Nevil Road,Bristol,BS7 9EJ,"Nevil Road, Bristol, BS7 9EJ",,https://gloscricket.co.uk/,+44 117 910 8000,51.4770637,-2.5843806,way,632267350
Bristol Hippodrome,Theatre,,St Augustine's Parade,Bristol,BS1 4UZ,"St Augustine's Parade, Bristol, BS1 4UZ",,http://www.LiveNation.co.uk/Bristol,,51.4532303,-2.5987218,way,288563299
Bristol Manor Farm Football Club,Stadium,,Portway,Bristol,BS9 2HS,"Portway, Bristol, BS9 2HS",,,,51.48168,-2.6505501,way,164058455
Bristol Old Vic,Theatre,,King Street,Bristol,BS1 4ED,"King Street, Bristol, BS1 4ED",,https://bristololdvic.org.uk/,+44 117 949 3993,51.4522296,-2.5942109,way,123964058
Britannia Panopticon,Theatre,,,,,,,https://www.britanniapanopticon.org,,55.8569611,-4.2470152,node,1524846544
Britannia Theatre,Theatre,,Britannia Pier,Great Yarmouth,,"Britannia Pier, Great Yarmouth",,,,52.6081934,1.7400231,way,175867380
British Arena,Events venue,,,,,,,https://britisharena.com,,54.9143393,-1.3852023,node,2667748783
Briton Ferry Musical Theatre Company,Arts centre,,,,,,,,,51.632497,-3.8181862,node,605439604
Britten Studio,Theatre,,,,,,,,,52.1634392,1.4969073,node,7973716042
Brixham Rugby Club - Astley Park,Stadium,,,,,,,,,50.3909249,-3.5082121,way,142681280
Brixham Theatre,Theatre,,New Road,Brixham,TQ5 8TA,"New Road, Brixham, TQ5 8TA",,http://www.brixhamtheatre.uk/,,50.3942996,-3.5162843,node,880762788
Broad Walk bandstand,Bandstand,,,,,,,,,51.5305999,-0.1497781,way,370498328
Broadbent Theatre,Theatre,,Snarford Road,Lincoln,LN3 5AW,"Snarford Road, Lincoln, LN3 5AW",,,,53.3236531,-0.370794,way,97720298
Broadfield Stadium,Stadium,,Winfield Way,Crawley,RH11 9RX,"Winfield Way, Crawley, RH11 9RX",,https://www.crawleytownfc.com/,,51.0996495,-0.1947861,relation,13346215
Broadhurst Park,Stadium,330,Lightbowne Road,Manchester,M40 0FJ,"330 Lightbowne Road, Manchester, M40 0FJ",4400,,,53.5166013,-2.1803783,relation,5162838
Broadway Boulevard,Nightclub,,Mostyn Broadway,Llandudno,LL30 1YR,"Mostyn Broadway, Llandudno, LL30 1YR",,,,53.3212449,-3.816203,node,298776906
Broadway Theatre,Theatre,,Catford Road,London,SE6 4RU,"Catford Road, London, SE6 4RU",,,,51.4452713,-0.0203503,way,2956188
Broadwick Studio,Events venue,30,Water Street,London,E14 5GX,"30 Water Street, London, E14 5GX",,https://broadwick.com/divisions/broadwick-studio/,,51.5027426,-0.0129791,node,13261924817
Broadwood Stadium,Stadium,,Ardgoil Drive,Cumbernauld,G68 9NE,"Ardgoil Drive, Cumbernauld, G68 9NE",,,,55.944588,-4.0378432,way,182440795
Brocas Hall,Events venue,,,,,,,,,51.3306816,-1.0653013,way,914768603
Brockley Jack Theatre,Theatre,,Brockley Road,London,SE4 2DH,"Brockley Road, London, SE4 2DH",,https://www.brockleyjack.co.uk,+44 20 8291 6354,51.4534948,-0.038386,node,2715385289
Brocstedes Park,Stadium,,,,,,,,,53.5037924,-2.6647147,relation,1831077
Bromford Bridge Members Club,Nightclub,,,,,,,,,52.5064682,-1.8179192,way,163191000
Bromford Residents Club,Nightclub,,,,,,,,,52.5067287,-1.8188349,way,163190998
Bromley Football Club,Stadium,,Hayes Lane,Bromley,BR2 9EF,"Hayes Lane, Bromley, BR2 9EF",5000,,,51.390086,0.021108,way,28477036
Bromley Little Theatre,Theatre,,North Street,Bromley,BR1 1SB,"North Street, Bromley, BR1 1SB",,https://bromleylittletheatre.org/,,51.4076274,0.016134,way,1370853645
Bromsgrove School of Music,Arts centre,13-15,Worcester Road,Bromsgrove,B61 7DL,"13-15 Worcester Road, Bromsgrove, B61 7DL",,http://www.bromsgroveschoolofmusic.co.uk/,,52.3330679,-2.0625978,node,3505188644
Brookdale Club and Theatre,Theatre,,Bridge Lane,Stockport,SK7 3AB,"Bridge Lane, Stockport, SK7 3AB",,https://thebrookdaleclub.com/,,53.3740533,-2.1575208,way,290471768
Brookfield Barn,Events venue,,Winterpit Lane,Horsham,RH13 6LY,"Winterpit Lane, Horsham, RH13 6LY",,https://brookfieldbarn.co.uk/,+44 1403 900606,51.0423236,-0.2668099,way,227130817
Brookside Theatre,Theatre,,,Romford,RM1 3NH,"Romford, RM1 3NH",,,,51.5761504,0.1852421,way,556810885
Brookvale Social Club,Nightclub,,,,,,,,,52.520395,-1.860269,way,176359686
Brudenell Social Club,Pub,33,Queen's Road,Leeds,LS6 1NY,"33 Queen's Road, Leeds, LS6 1NY",,https://www.brudenellsocialclub.co.uk/,+44 113 275 2411,53.809934,-1.5707742,way,248480535
Brunton Park,Stadium,,Warwick Road,Carlisle,CA1 1LL,"Warwick Road, Carlisle, CA1 1LL",,,,54.895483,-2.9136147,way,47484057
Brunton Theatre,Theatre,,,,,,,,,55.9438357,-3.057048,way,32204390
Bryn Weddings and Events,Events venue,,,,,,,https://www.brynweddingsandevents.co.uk/about,,53.2750359,-3.7905558,node,13666317494
Bryngarw House,Events venue,,,,CF32 8UU,CF32 8UU,,,,51.5583405,-3.5814015,way,167078367
Buckland Athletic Football Club,Stadium,,,Newton Abbot,TQ12 5JU,"Newton Abbot, TQ12 5JU",,,,50.5132,-3.5955777,way,310029679
Budda Lounge,Nightclub,3,Winchester Street,Southampton,SO15 2EL,"3 Winchester Street, Southampton, SO15 2EL",,,,50.9123672,-1.4045336,way,168803968
Buddha Club,Events venue,25,Marine Parade,Great Yarmouth,NR30 2EN,"25 Marine Parade, Great Yarmouth, NR30 2EN",,https://www.theempiregy.com/,,52.6044387,1.7359592,node,9817353237
Buddle Arts Centre,Arts centre,,,,,,,,,54.9943277,-1.5364974,way,386421897
Buff Club,Nightclub,151,Bath Street,Glasgow,G2 4SQ,"151 Bath Street, Glasgow, G2 4SQ",,,,55.8640815,-4.2611429,node,1734640845
Bullens Road Stand,Stadium,,,,,,,,,53.4385833,-2.9655981,way,202299664
Bulls Head Event Field,Events venue,,,,,,,,,50.8769324,0.36518,way,342725130
Bulpit Lane,Stadium,,Bulpit Lane,Hungerford,RG17 0AY,"Bulpit Lane, Hungerford, RG17 0AY",,,,51.4089954,-1.513455,way,466157403
Burdall's Yard,Theatre,7a,Anglo Terrace,,BA1 5NH,"7a Anglo Terrace, BA1 5NH",,https://www.burdallsyard.co.uk/,,51.3905668,-2.3560454,way,677061147
Burgess Hill Theatre,Theatre,98,Church Walk,Burgess Hill,RH15 9AS,"98 Church Walk, Burgess Hill, RH15 9AS",,,,50.9568524,-0.1324346,way,620397617
Burgess Hill Town FC,Stadium,,Maple Drive,Burgess Hill,RH15 8DL,"Maple Drive, Burgess Hill, RH15 8DL",,,,50.9672242,-0.1242233,way,345627686
Burley Park Bandstand,Bandstand,,,Leeds,LS4 2LD,"Leeds, LS4 2LD",,,,53.809311,-1.5790173,way,776323036
Burnby Hall Gardens,Bandstand,,,,,,,,,53.9280167,-0.7751119,way,1305269753
Burnley Mechanics,Theatre,,Manchester Road,Burnley,BB11 1BH,"Manchester Road, Burnley, BB11 1BH",,,,53.7878005,-2.2444438,way,314064405
Burnley Youth Theatre,Theatre,,Queen's Park Road,Burnley,BB10 3LB,"Queen's Park Road, Burnley, BB10 3LB",,https://burnleyyouththeatre.org/,,53.7978026,-2.2281787,way,479720324
Burrell Classrooms & Theatre,Theatre,,,,,,,,,50.2614517,-5.0426402,way,1047731863
Burton Taylor Studio,Theatre,,Gloucester Street,Oxford,OX1 2BN,"Gloucester Street, Oxford, OX1 2BN",,https://www.oxfordplayhouse.com/about-us/history/burton-taylor-studio,+44 1865 305350,51.7545959,-1.2610202,way,100294890
Burwell House,Conference centre,46,North Street,,CB25 0EF,"46 North Street, CB25 0EF",,http://www.burwellhouse.com/,,52.2836591,0.3256008,way,122886690
Bush Hall,Theatre,310,Uxbridge Road,London,W12 7LJ,"310 Uxbridge Road, London, W12 7LJ",,https://www.bushhallmusic.co.uk/,+44 20 8222 6955,51.5065561,-0.2316814,way,931657720
Bush Inn,Pub,69,High Street,Blaina,NP13 3BN,"69 High Street, Blaina, NP13 3BN",,,+44 1495 292 132,51.7646615,-3.1597632,node,9701793592
Bush Theatre,Theatre,7,Uxbridge Road,London,,"7 Uxbridge Road, London",,https://www.bushtheatre.co.uk,,51.5051178,-0.2260037,way,112603207
Business & Banqueting,Events venue,,,,,,,,,53.7797576,-2.8979652,node,6906531122
Business Design Centre,Events venue,52,Upper Street,London,N1 0QH,"52 Upper Street, London, N1 0QH",,https://www.businessdesigncentre.co.uk,,51.5355695,-0.1049911,node,13233494209
Business Hub,Events venue,,,,,,,,,54.7883602,-1.662296,node,11125053388
Bussey Roof D,Events venue,133,Rye Lane,London,SE15 4ST,"133 Rye Lane, London, SE15 4ST",,,,51.4700337,-0.0663978,way,597454241
Bute Yard,Events venue,61-67,High Street,"Rothesay, Isle of Bute",PA20 9AU,"61-67 High Street, Rothesay, Isle of Bute, PA20 9AU",,https://www.buteyard.com/,,55.8356417,-5.0532647,node,11233596364
Buzzin' Brushes,Arts centre,,Hamlet Court Road,Westcliff-on-Sea,,"Hamlet Court Road, Westcliff-on-Sea",,,,51.5383601,0.6927111,node,1038708495
Byre Theatre,Theatre,,Abbey Street,St Andrews,KY16 9LA,"Abbey Street, St Andrews, KY16 9LA",,,,56.3389125,-2.7915631,way,315991170
Cadogan Hall,Theatre,5,Sloane Terrace,London,SW1X 9DQ,"5 Sloane Terrace, London, SW1X 9DQ",,https://www.cadoganhall.com/,+44 20 7730 4500,51.4937972,-0.1572408,way,95437784
Cadogan Suite,Events venue,,,,,,,,,51.4870595,-0.167985,way,904633406
CADS,Arts centre,,Arley Street,Sheffield,S2 4QP,"Arley Street, Sheffield, S2 4QP",,https://www.cads-online.co.uk/,,53.3709442,-1.4744228,way,1363881080
Cae-y-Castell,Stadium,,,,,,,,,53.2492171,-3.1257998,way,1238802314
Caerleon AFC,Stadium,,Cold Bath Road,Newport,NP18 1NF,"Cold Bath Road, Newport, NP18 1NF",,,,51.6110221,-2.9620992,way,835158938
Caerleon Arts Centre,Arts centre,,Ponthir Road,Newport,NP18 3NN,"Ponthir Road, Newport, NP18 3NN",,,,51.6187423,-2.9599024,node,10098645327
Caerphilly Workmen's Hall,Theatre,20,Castle Street,Caerphilly,CF83 1NY,"20 Castle Street, Caerphilly, CF83 1NY",,https://caerphillyworkmenshall.org/,+44 2920 882 268,51.5777906,-3.2175245,node,9312581422
Cafe de Paris,Nightclub,,,,,,,,,51.5106259,-0.1321248,way,289643423
Cafe Oto,Cafe,18-22,Ashwin Street,London,E8 3DL,"18-22 Ashwin Street, London, E8 3DL",,https://www.cafeoto.co.uk/,,51.5469448,-0.0747012,way,397640224
Cafe Parfait,Nightclub,194,Above Bar Street,Southampton,SO14 7DW,"194 Above Bar Street, Southampton, SO14 7DW",,,,50.9090951,-1.4044999,way,168802132
Cafe Play Mumbles,Events venue,,,,,,,,,51.575686,-4.0001961,node,7063771393
Café 1001,Nightclub,,Dray Walk,London,E1 6QL,"Dray Walk, London, E1 6QL",,https://www.cafe1001.co.uk/,+44 20 7770 6050,51.5207916,-0.0720755,way,270424942
Caird Hall,Theatre,,City Square,Dundee,,"City Square, Dundee",,,,56.4599805,-2.9684919,way,45403863
Caledonian Stadium,Stadium,,,,IV1 1FF,IV1 1FF,,,,57.495018,-4.217608,way,1365845993
Calli's Corner,Arts centre,66,South Street,Dorking,RH4 2HD,"66 South Street, Dorking, RH4 2HD",,,,51.2304743,-0.3347084,node,6869239785
Calstock Arts,Arts centre,,Sand Lane,,PL18 9QX,"Sand Lane, PL18 9QX",,https://calstockarts.org/,+44 1822 833183,50.4966401,-4.2082399,node,2696829159
Camberley Theatre,Theatre,,Knoll Road,,GU15 3SY,"Knoll Road, GU15 3SY",,https://www.camberleytheatre.co.uk/,+44 1276 707600,51.3380573,-0.7420693,way,166344297
Cambridge Junction,Arts centre,1,Clifton Way,Cambridge,CB1 7GX,"1 Clifton Way, Cambridge, CB1 7GX",,,+44 1223 511511,52.1907426,0.1361646,way,28629451
Cambridge Rugby Union Football Club,Stadium,,Grantchester Road,Cambridge,CB3 9ED,"Grantchester Road, Cambridge, CB3 9ED",,https://cambridgerugby.co.uk/,+441223312437,52.1942337,0.0972165,way,3997835
Cambridge Theatre,Theatre,,Earlham Street,London,WC2H 9HU,"Earlham Street, London, WC2H 9HU",,http://www.cambridgetheatre.co.uk,,51.513631,-0.1265435,way,149173456
Camden Arts Centre,Arts centre,52,Arkwright Road,London,NW3 6DG,"52 Arkwright Road, London, NW3 6DG",,https://www.camdenartcentre.org/,+44 20 7472 5500,51.5511852,-0.1834845,way,306386812
Camden Centre,Events venue,,,,,,,,,51.5290853,-0.1249856,node,2192775004
Camden People's Theatre,Theatre,60,Hampstead Road,London,,"60 Hampstead Road, London",,,,51.5264023,-0.1383956,way,116815556
Camel Bar,Nightclub,,,,,,,,,50.7220958,-1.8722003,way,1209358278
Camel Club,Nightclub,1,Byram Court,Huddersfield,HD1 1BS,"1 Byram Court, Huddersfield, HD1 1BS",,,,53.6473579,-1.7829338,node,314446330
Camel Club,Nightclub,,,,,,,http://camelclubliverpool.co.uk/,,53.4036709,-2.9806235,node,1651726816
Cameo,Nightclub,18-20,Langney Road,Eastbourne,BN21 3EU,"18-20 Langney Road, Eastbourne, BN21 3EU",,https://www.cameonightclub.co.uk/eastbourne,,50.7687251,0.2883353,way,579729159
Cameo,Nightclub,,Station Road,,TN23 1EZ,"Station Road, TN23 1EZ",,https://www.cameonightclub.co.uk/ashford,,51.1447639,0.8747253,node,1026964751
Cameo,Nightclub,,,,,,,,,51.5753143,0.1825428,node,5370783368
Cameo Nightclub,Nightclub,,Glen Fern Road,Bournemouth,BH1 2JA,"Glen Fern Road, Bournemouth, BH1 2JA",,,,50.7219368,-1.8738162,node,3610662830
Camp and Furnace,Nightclub,67,Greenland Street,Liverpool,L1 0BY,"67 Greenland Street, Liverpool, L1 0BY",,,,53.3943872,-2.9804124,way,196782622
Campfire Circle,Theatre,,,,,,,,,53.5156825,-2.7229196,way,325788838
Campfire Circle,Stadium,,,,,,,,,52.9782686,-1.4448953,way,446534412
Campfire Circle,Theatre,,,,,,,,,51.6522229,0.0007569,way,868015748
Campfire Circle,Theatre,,,,,,,,,51.6510327,0.0022703,way,868015753
Campfire Circle,Theatre,,,,,,,,,51.3211984,0.049369,way,868096804
Canada Room,Events venue,,,,,,,,,54.5845278,-5.9352092,node,11031992158
Canal Cafe Theatre,Theatre,13,Westbourne Terrace Road,London,,"13 Westbourne Terrace Road, London",,https://canalcafetheatre.com/,,51.5210488,-0.1842895,node,6833741799
Canalside Conference Centre,Conference centre,,,,,,,,,53.1891909,-2.4392478,node,12894864613
Canary Wharf Theatre,Theatre,4,Charter Street,London,,"4 Charter Street, London",,https://www.troubadourtheatres.com/canary-wharf-theatre,,51.5036423,-0.0129904,way,791658597
Candleston Stand,Stadium,,,Newport,NP19 0UU,"Newport, NP19 0UU",,,,51.5878338,-2.9881353,way,894717923
Cannonwalls and Claverhouse,Arts centre,117,High Street,Kirkcudbright,,"117 High Street, Kirkcudbright",,,,54.8349689,-4.0528084,way,842232958
Canon Medical Arena,Stadium,,,,,,,,,53.3948357,-1.4253272,way,599315988
Cantilever Park,Stadium,,Common Lane,Warrington,WA4 2RS,"Common Lane, Warrington, WA4 2RS",,,,53.3770337,-2.5698456,way,554230790
Canvas,Nightclub,62,Leeming Street,Mansfield,NG18 1NG,"62 Leeming Street, Mansfield, NG18 1NG",,,,53.1462372,-1.1942941,node,4932250018
Canvey Island Band Stand,Bandstand,,,,,,,,,51.512361,0.5967592,node,9036289968
Capitol,Music venue,,,,,,,,,55.8661228,-4.2684122,node,1312364662
Capone's,Nightclub,,,,,,,,,51.6819614,-2.353562,way,653781523
Capones,Nightclub,,,,,,,,,50.6150933,-3.3661083,way,106065086
Cappielow Park,Stadium,,,,,,,,,55.9412507,-4.7271341,way,613446291
Car Boot Sale,Events venue,,,,,,,,,53.8112031,-2.8917611,way,995514400
Carbon Nightclub,Nightclub,,,Stowmarket,IP14 1RQ,"Stowmarket, IP14 1RQ",,https://www.welovecarbon.com/club,,52.1890191,0.9990479,node,8948753930
Cardiff Arms Park,Stadium,,,,,,,,,51.4795946,-3.1835239,way,973627106
Cardiff City Stadium,Stadium,,Leckwith Road,Cardiff,CF11 8AZ,"Leckwith Road, Cardiff, CF11 8AZ",,https://www.cardiffcitystadium.co.uk/,,51.4728259,-3.2029452,way,68424396
Cardiff International Sports Stadium,Stadium,,,,,,,https://www.cardiff.gov.uk/content.asp?nav=2%2C2868%2C2967%2C3001%2C4662%2C4664,,51.4726821,-3.2105366,way,90034011
Cardiff Students Union Great Hall,Theatre,,Park Place,Cardiff,CF10 3QN,"Park Place, Cardiff, CF10 3QN",,https://www.cardiffstudents.com,,51.4884777,-3.1774039,node,6046997422
Cardiff Wales Stadium,Stadium,,,,,,,,,51.4874729,-3.1918809,way,779005346
Cardigan Guildhall,Events venue,,,Cardigan / Aberteifi,SA43 1JL,"Cardigan / Aberteifi, SA43 1JL",,,,52.0838316,-4.6609761,way,319383034
Cardinal Place Roof Garden,Arts centre,,,,,,,,,51.4979062,-0.1412604,way,962600887
Cargo,Nightclub,27,Withy Grove,Manchester,M4 2BS,"27 Withy Grove, Manchester, M4 2BS",,,,53.4847301,-2.2410157,node,2683693108
Carisbrooke Hall,Events venue,,,,,,,,,51.5140456,-0.1619221,node,452396928
Carlton Bandstand,Bandstand,,,,,,,,,53.7098988,-1.0199237,way,883421039
Carlton-in-Lindrick Civic Centre,Events venue,,,,,,,https://www.civiccentre.org.uk/,,53.3566881,-1.1222787,way,265440705
Carmarthen Harriers Stadium,Stadium,,,,,,,,,51.8442671,-4.3218039,way,161308559
Carn Marth Theatre,Theatre,,,,,,,https://carnmarth.org.uk/,,50.2221052,-5.2041899,way,1239137667
Carnegie Hall,Theatre,,,Dunfermline,KY12 7JA,"Dunfermline, KY12 7JA",,,,56.0718721,-3.4536656,way,429713101
Carnegie Theatre and Arts Centre,Theatre,,Finkle Street,Workington,CA14 2BD,"Finkle Street, Workington, CA14 2BD",,https://carnegietheatre.co.uk/,+44 1900 602122,54.6448193,-3.5481084,way,294324229
Carriageworks,Arts centre,6,Love Lane,Denbigh,LL16 3LS,"6 Love Lane, Denbigh, LL16 3LS",,,,53.1827187,-3.4222412,node,12396785818
Carrow Road Stadium,Stadium,,,,,,27220,,,52.622027,1.3092837,way,662365383
Cart and Horses,Pub,1,Maryland Point,London,E15 1PF,"1 Maryland Point, London, E15 1PF",,,,51.5458275,0.0043035,way,465890007
Cartmel Old Grammar,Events venue,,,,LA11 7SG,LA11 7SG,,https://www.cartmeloldgrammar.com/,,54.2054481,-2.9553516,way,71303253
Carver Theatre,Theatre,,,,,,,,,53.3927771,-2.0631544,way,547203676
Casablanca Jazz Club,Nightclub,5,Middle Street,,BN1 1AL,"5 Middle Street, BN1 1AL",,https://www.casablancajazzclub.com/,,50.8208544,-0.1434176,node,1155446685
Casement Park,Stadium,,,,,,,,,54.5733673,-5.9840464,way,148543725
Casey’s Cordingley Hall,Events venue,,,Telford,TF2 8JS,"Telford, TF2 8JS",,https://www.caseysvenues.co.uk/,,52.7204081,-2.441187,way,420619723
Cassiobury Bandstand,Bandstand,,,,,,,,,51.6594858,-0.4139321,way,1078485251
CAST,Theatre,,Waterdale,Doncaster,DN1 3BU,"Waterdale, Doncaster, DN1 3BU",,https://castindoncaster.com/,,53.5200696,-1.1310763,way,439364994
Castell Howell Stand,Stadium,,,,,,,,,51.4866877,-3.1919959,way,971194323
Castle Fields Bandstand,Bandstand,,,,,,,,,52.2994468,-0.6833099,node,2927611404
Castle Galleries,Arts centre,,,,,,,,,53.4150007,-1.4095282,way,480208195
Castle Park Arts Centre,Arts centre,,Park Court,Frodsham,WA6 6SB,"Park Court, Frodsham, WA6 6SB",,,,53.2926358,-2.7308138,node,439220267
Castle Park Stadium,Stadium,,,,,,,,,53.5337002,-1.0781514,way,1359151238
Castle Theatre,Theatre,,Vulcan Street,Aberystwyth,,"Vulcan Street, Aberystwyth",,,,52.4131316,-4.0880298,way,122605335
Castle Theatre,Theatre,,,,,,,,,52.5085375,1.7434665,way,1027107845
Castlecroft Stadium,Stadium,,Castlecroft Road,South Staffordshire,,"Castlecroft Road, South Staffordshire",,,,52.5748706,-2.1892394,way,406276848
Castlefield Bowl,Theatre,,,,,,,,,53.476037,-2.2562912,way,480681874
Cat Cafe @ The Film Atelier,Arts centre,,,,,,,,,51.4421137,-0.0102778,node,10712463917
Cat in the Wall,Bar,4,The Stonebow,York,YO1 7NY,"4 The Stonebow, York, YO1 7NY",,,,53.9589903,-1.0785614,node,6141577597
Cathouse,Nightclub,15,Union Street,Glasgow,G1 3RB,"15 Union Street, Glasgow, G1 3RB",,https://cathouse.co.uk/,+44 141 248 6606,55.8586358,-4.2570792,node,1322796875
Catons Lane,Stadium,,,,,,,,,52.0273868,0.2399794,way,1021509724
Catrin Finch Centre,Arts centre,,,,,,,,+44 1978 293293,53.0535057,-3.0023162,way,271036632
Caudwell Hall,Theatre,,,,,,,,,51.3983643,-0.8116385,way,733100187
CAVC Business Centre,Events venue,1,Canal Parade,Cardiff,CF10 5FE,"1 Canal Parade, Cardiff, CF10 5FE",,https://cavc.ac.uk/,,51.4719887,-3.1755912,node,9198003494
Cavendish Conference Centre,Arts centre,22,Duchess Mews,London,W1G 9DT,"22 Duchess Mews, London, W1G 9DT",,https://www.cavendishvenues.co.uk/west-end-conference-venues/,,51.5194747,-0.1456315,way,669875308
Cavern Club,Nightclub,,Mathew Street,Liverpool,L2 6RE,"Mathew Street, Liverpool, L2 6RE",,,,53.4062724,-2.9879004,node,4511184490
Caxton Theatre,Theatre,128,Cleethorpe Road,Grimsby,DN31 3HW,"128 Cleethorpe Road, Grimsby, DN31 3HW",,https://caxtontheatre.com/,+44 1472 345 167,53.5747683,-0.071383,node,9673670355
CCTvenues South Quay,Conference centre,193,Marsh Wall,London,E14 9SG,"193 Marsh Wall, London, E14 9SG",,https://www.cctvenues.co.uk/venues/canary-wharf,+44 20 7537 6545,51.5006821,-0.0148188,node,3498730349
Cecil Sharp House,Arts centre,2,Regent's Park Road,London,NW1 7AY,"2 Regent's Park Road, London, NW1 7AY",,,,51.5381595,-0.1493219,way,27426199
Cefn Lea Christian Conference Centre,Conference centre,,,,,,,www.cefnlea.com,,52.463627,-3.3378341,way,938372555
Celebrations,Events venue,,,,,,,,,51.4564605,0.1362522,way,964097928
Cell Studios,Arts centre,,Grosvenor Way,London,E5 9NE,"Grosvenor Way, London, E5 9NE",,,,51.5645281,-0.0531737,node,11296514544
Celtic Manor Conference Centre,Events venue,,,Newport,NP18 1HQ,"Newport, NP18 1HQ",,,,51.6029634,-2.9314725,way,857940769
Celtic Park,Stadium,,,,,,,,,54.993149,-7.3334468,way,656475469
Celtic Park,Stadium,,,Glasgow,G40 3RE,"Glasgow, G40 3RE",60411,,,55.8500692,-4.2055615,way,1279407593
CEME Conference Centre,Conference centre,,Marsh Way,Rainham,RM13 8EU,"Marsh Way, Rainham, RM13 8EU",,https://www.cemeconference.co.uk/,,51.5185288,0.1711507,way,316292543
Centenary Gallery,Arts centre,,,,,,,,,53.8080907,-1.5525639,node,1025703041
Centeneries Theatre,Theatre,,,,,,,,,53.84817,-2.4685413,way,62228370
Central Bandstand,Bandstand,,,,,,,,,51.37282,1.1241052,way,567078834
Central Park,Stadium,,,Cowdenbeath,KY4 9QQ,"Cowdenbeath, KY4 9QQ",,,,56.1088912,-3.3471186,way,193186459
Central Park Stadium,Stadium,,,,,,,,,51.3483028,0.758832,way,394693529
Central Station Venue,Nightclub,,,,,,,https://centralstationvenue.com/,,53.0457352,-2.9958437,node,31321593
Centrala,Arts centre,158,Fazeley Street,Birmingham,B5 5RT,"158 Fazeley Street, Birmingham, B5 5RT",,https://centrala-shop.co.uk/,,52.4790117,-1.8823126,node,5208305185
Centre Court,Stadium,,,,,,14979,,,51.4338527,-0.2140638,way,119502509
Centre Court,Stadium,,,,,,,,,55.9229856,-3.2348785,way,220274539
Centre for Contemporary Arts,Arts centre,,Sauchiehall Street,Glasgow,G2 3JD,"Sauchiehall Street, Glasgow, G2 3JD",,https://www.cca-glasgow.com/,+44 141 352 4900,55.8658707,-4.2650284,node,280211473
Centre for Science and Art,Arts centre,13,Lansdown,Stroud,GL5 1BB,"13 Lansdown, Stroud, GL5 1BB",,https://www.roomhirestroud.co.uk/,,51.7468964,-2.2159575,node,7304997863
Centre Stage,Theatre,,,,,,,,,51.5112327,-0.2218071,way,997427879
Centre Stage,Theatre,,Warren Road,Minehead,TA24 5SH,"Warren Road, Minehead, TA24 5SH",,,,51.206546,-3.4585768,node,5745213749
Centre Stage,Theatre,,Butlins Upper Bognor Road,Bognor Regis,PO21 1JJ,"Butlins Upper Bognor Road, Bognor Regis, PO21 1JJ",,,,50.7847746,-0.6622154,node,9713350336
CentrEd,Events venue,,,,,,,https://www.excel.london/,,51.5070715,0.0286841,node,8259816397
centrespace,Arts centre,6,Leonard Lane,Bristol,BS1 1EA,"6 Leonard Lane, Bristol, BS1 1EA",,,,51.4546582,-2.5953521,way,123971631
Century Theatre,Theatre,,Ashby Road,Coalville,LE67 3LN,"Ashby Road, Coalville, LE67 3LN",,https://centurytheatre.co.uk/,,52.7263478,-1.382545,node,3735990782
Ceramic Shack,Arts centre,23,Piries Place,Horsham,RH12 1EH,"23 Piries Place, Horsham, RH12 1EH",,,,51.0623709,-0.3272741,node,3118202467
Cervantes Theatre,Theatre,,Old Union Yard Arches,,,Old Union Yard Arches,,https://www.cervantestheatre.com/,,51.5030722,-0.1017357,node,4903954851
Chadderton Road End,Stadium,,,,,,,,,53.5551237,-2.1294773,way,190250778
Chads Theatre,Theatre,,,,,,,,,53.3731028,-2.1884661,way,265348922
Chalk,Nightclub,13,Pool Valley,Brighton,BN1 1NJ,"13 Pool Valley, Brighton, BN1 1NJ",,,,50.8198926,-0.1384526,way,430540312
Chalkwell Park Rooms,Events venue,,,,,,,https://www.parkviewchalkwell.co.uk/,,51.5452329,0.6764245,way,292193330
Chambers,Nightclub,77,High Street,Runcorn,WA7 1AH,"77 High Street, Runcorn, WA7 1AH",,,,53.3410901,-2.7347528,way,42177131
Chambers,Nightclub,,Barnard Street,Darlington,,"Barnard Street, Darlington",,,,54.5255855,-1.5597094,node,3872586261
Chamberspace,Events venue,,,,,,,,,53.4792431,-2.2488442,node,6903309711
Champion Hill,Stadium,,,,,,,,,51.4613155,-0.083975,way,663055373
Chancer's,Nightclub,,,,,,,,,55.0693093,-3.6094088,node,11906814114
Channels Estate,Events venue,,Pratts Farm Lane East,Chelmsford,CM3 3PT,"Pratts Farm Lane East, Chelmsford, CM3 3PT",,https://channelschelsmford.co.uk/,+44 1245 440005,51.7732355,0.4984604,node,10050553583
Chapel Arts Centre,Arts centre,,,,,,,https://www.chapelarts.org/,,51.3795875,-2.3604457,way,120530684
Chapel Hall,Events venue,,St John's Road,Sandhurst,,"St John's Road, Sandhurst",,,,51.3445717,-0.795098,way,1055577119
Chapel Street Arts Centre,Arts centre,19,Chapel Street,Derby,DE1 3GU,"19 Chapel Street, Derby, DE1 3GU",,https://www.chapelstreetarts.co.uk/,+44 1332 370911,52.9258236,-1.4799901,relation,1267343
Chapter,Arts centre,40,Market Road,Cardiff,CF5 1QE,"40 Market Road, Cardiff, CF5 1QE",,https://www.chapter.org/,+44 29 2030 4400,51.4830588,-3.2035804,way,86251053
Charing Cross Theatre,Theatre,,Villiers Street,London,WC2N 6NL,"Villiers Street, London, WC2N 6NL",265,https://www.charingcrosstheatre.co.uk/,+44 8444 930 650,51.5076633,-0.1243661,node,345886715
Charles Cryer Studio Theatre,Theatre,,,,,,,http://www.secombetheatre.co.uk/charles+cryer+studio+theatre,,51.3659217,-0.159608,node,33869776
Charlie,Nightclub,15,Berkeley Street,London,,"15 Berkeley Street, London",,http://www.fbmayfair.co.uk/,,51.5084728,-0.1433611,node,5724481761
Charlie's Angels and Club Oops!,Nightclub,30,Alie Street,London,E1 8DA,"30 Alie Street, London, E1 8DA",,http://www.cluboops.co.uk,,51.5135378,-0.0712782,node,662188966
Charlie's Loft,Events venue,14 - 16,Stewart Street,Milngavie,G62 6BY,"14 - 16 Stewart Street, Milngavie, G62 6BY",,https://www.charliesloft.com/,,55.9402366,-4.318871,node,13326831137
Charter Hall,Events venue,,Cowdray Avenue,Colchester,CO1 1YH,"Cowdray Avenue, Colchester, CO1 1YH",,https://colchester-events.co.uk/venue/charter-hall/,,51.8966386,0.9059,node,13789145116
Charter Theatre,Theatre,,,,,,,,,53.7596487,-2.6967544,node,662485019
Chasers,Nightclub,,,,,,,,,51.4626811,-2.5082054,node,2783537593
Chats Palace,Arts centre,42-44,Brooksby's Walk,London,E9 6DF,"42-44 Brooksby's Walk, London, E9 6DF",,https://chatspalace.com/,+44 20 8533 0227,51.5502689,-0.0426032,way,116953211
Cheekiez,Nightclub,5,Barry Street,Bradford,BD1 2AL,"5 Barry Street, Bradford, BD1 2AL",,,,53.7947097,-1.7574235,way,1474907147
Chelmsley and District Conservative Club,Nightclub,,,,,,,,,52.4791245,-1.7458853,node,283112613
Chelmsley Wood Royal British Legion Club,Nightclub,,,,,,,,,52.4890578,-1.7350452,way,193546060
Chelsea Theatre,Theatre,,,,,,,,,51.4816266,-0.1798598,node,8436843662
Cheltenham Art Club,Arts centre,,,,,,,,,51.9033826,-2.07879,node,11950527973
Cheltenham Borough Council,Bandstand,,,,,,,,,51.8947486,-2.0804978,way,166075438
Cheltenham Centaur,Stadium,,,,,,,,,51.9189879,-2.0685487,way,244444261
Cheltenham Racecourse,Stadium,,,Cheltenham,GL50 4SH,"Cheltenham, GL50 4SH",,,,51.9193384,-2.0673246,way,169279084
Chequer Mead,Theatre,,De La Warr Road,East Grinstead,RH19 3BS,"De La Warr Road, East Grinstead, RH19 3BS",,https://www.chequermead.org.uk/,,51.1260969,-0.0042629,way,266378188
Cherry Red Records Stadium,Stadium,,Plough Lane,London,SW17 0NR,"Plough Lane, London, SW17 0NR",9000,https://www.afcwimbledon.co.uk,,51.431247,-0.1868534,way,845872683
Cherrywood Road,Stadium,,Cherrywood Road,Farnborough,GU14 8UD,"Cherrywood Road, Farnborough, GU14 8UD",7000,https://farnboroughfc.co.uk/,,51.3104155,-0.7623043,way,77739615
Chertsey Town FC,Stadium,,Alwyns Lane,Chertsey,KT16 9DW,"Alwyns Lane, Chertsey, KT16 9DW",,https://chertseytownfc.co.uk/,,51.3926681,-0.5079414,way,1498767981
Chesil Theatre,Theatre,,Chesil Street,Winchester,SO23 0HU,"Chesil Street, Winchester, SO23 0HU",,,,51.0601215,-1.3069519,way,467258168
Chester Forum Theatre,Theatre,,,,,,,,,53.1910605,-2.8936077,way,256333788
Chic,Nightclub,3-7,Maiden Street,Weymouth,DT4 8BB,"3-7 Maiden Street, Weymouth, DT4 8BB",,,,50.6096036,-2.4535832,way,1240178905
Chic,Nightclub,28,Horsefair,Birmingham,B1 1DD,"28 Horsefair, Birmingham, B1 1DD",,,,52.4737964,-1.8991419,node,1615320531
Chicago's,Nightclub,,,,,,,,,52.4557675,-2.1452074,way,27924758
Chicheley Hall,Events venue,,,,MK16 9JJ,MK16 9JJ,,https://chicheleyhall.co.uk/,,52.1040704,-0.679328,way,347916801
Chichester Festival Theatre,Theatre,,Broyle Road,Chichester,PO19 6AP,"Broyle Road, Chichester, PO19 6AP",,https://www.cft.org.uk/,+44 1243 781 312,50.8429232,-0.7772322,way,27364549
Chichester Jazz Club,Nightclub,,,,,,,,,50.8345699,-0.7781349,node,4743414667
Chickenshed,Theatre,290,Chase Side,London,N14 4PE,"290 Chase Side, London, N14 4PE",,https://www.chickenshed.org.uk,,51.6444114,-0.1451016,way,9871270
Chilli Barn,Events venue,,East Chevin Road,Otley,LS21 3DD,"East Chevin Road, Otley, LS21 3DD",,https://chillibarn.co.uk/,,53.8934401,-1.6716705,way,88180046
Chilli Studios,Arts centre,,New Bridge Street,Newcastle upon Tyne,NE1 2TQ,"New Bridge Street, Newcastle upon Tyne, NE1 2TQ",,https://www.chillistudios.co.uk,+44 191 209 4058,54.9745222,-1.5971346,node,13135996581
Chippenham Park Wedding Marquee,Events venue,,,,,,,,,52.2955961,0.4386813,way,1415625076
Chippenham Town Football Club,Stadium,,,,,,,,,51.4655977,-2.1287706,way,35041275
Chisenhale Art Place,Arts centre,64-84,Chisenhale Road,London,,"64-84 Chisenhale Road, London",,https://chisenhale.co.uk/,,51.5330577,-0.0397096,way,303003722
Chorale21,Community centre,,Church Lane,Glastonbury,BA6 9DR,"Church Lane, Glastonbury, BA6 9DR",,https://chorale21.org.uk/,,51.1482435,-2.7160604,node,12343906275
Chorley Theatre,Theatre,10,Dole Lane,Chorley,PR7 2RL,"10 Dole Lane, Chorley, PR7 2RL",,https://chorleytheatre.com/,,53.653178,-2.6336503,way,595418864
Christchurch Bandstand,Bandstand,,,,,,,https://www.christchurch-tc.gov.uk/the-bandstand/,,50.7308826,-1.7756745,node,11115844269
Christchurch Methodist Hall,Events venue,,Springfield Road,Bexhill-on-Sea,TN40 2BX,"Springfield Road, Bexhill-on-Sea, TN40 2BX",,http://www.christchurchmethodist.org/roomhire.html,+44 1424 216456,50.8516302,0.4752142,way,399499522
Christopher Lee Theatre,Theatre,,,,,,,,,51.3624527,-0.8044472,way,589667842
Chrysalis Theatre,Theatre,,Japonica Lane,Milton Keynes,MK15 9JY,"Japonica Lane, Milton Keynes, MK15 9JY",,,,52.0576688,-0.7300602,way,337775383
Chulmleigh Pavilion,Events venue,,,,,,,http://www.chulmleigh.org/local/Chulmleigh%20Pavillion%201.htm,,50.9131597,-3.8786232,way,844845826
Church Hill Theatre,Theatre,33,Morningside Road,Edinburgh,EH10 4DR,"33 Morningside Road, Edinburgh, EH10 4DR",,,+44 131 447 7597,55.9326301,-3.2093563,way,130755064
Church Lane,Stadium,,,,,,,,,53.3664427,-1.9931294,relation,1836809
Church Room,Events venue,,,,,,,,,54.4379378,-0.8071012,way,620109637
Churchill Hall,Events venue,,,,,,,,,51.3435108,-0.7602745,way,261217123
Cidermill Theatre,Theatre,,Cidermill Lane,Chipping Campden,GL55 6HU,"Cidermill Lane, Chipping Campden, GL55 6HU",,https://perform.campden.school/,,52.0545401,-1.7771764,way,1041891936
cinch Stadium,Stadium,,Weedon Road,Northampton,NN5 5BG,"Weedon Road, Northampton, NN5 5BG",15249,,,52.2394979,-0.9197319,way,61186872
Circomedia,Theatre,,Portland Square,Bristol,BS2 8SJ,"Portland Square, Bristol, BS2 8SJ",,https://www.circomedia.com/,,51.4612135,-2.5846759,way,24239202
Circuit,Nightclub,,Canons Road,Bristol,BS1 5UH,"Canons Road, Bristol, BS1 5UH",,,,51.4501061,-2.5989129,way,300376782
CIRCUIT,Nightclub,,Greyfriars Road,Cardiff,CF10 3DP,"Greyfriars Road, Cardiff, CF10 3DP",,https://circuitclub.co.uk/,+44 29 2023 3854,51.4832081,-3.1755908,node,7590302141
Circuit,Nightclub,154,Clarence Street,Kingston upon Thames,KT1 1QP,"154 Clarence Street, Kingston upon Thames, KT1 1QP",,https://circuitclub.co.uk/kingston/,+44 20 8547 2848,51.4114692,-0.3001784,node,11267868904
Circus Tavern,Nightclub,,Meads Corner,Purfleet,RM19 1TS,"Meads Corner, Purfleet, RM19 1TS",,https://www.circustavern.org/,+44 1708 863 838,51.4858597,0.2463712,way,83523764
CircusMASH,Arts centre,2,Vicarage Road,Birmingham,B14 7RA,"2 Vicarage Road, Birmingham, B14 7RA",,,,52.4327378,-1.8946281,way,59122718
Cirque Le Soir,Nightclub,,,,,,,http://www.cirquelesoir.com/,+44 20 7287 8001,51.5129506,-0.1389218,node,5568733249
Citadel Showground,Events venue,,,,,,,,,52.8524776,-2.6360316,way,1288637297
Citadel Youth Centre,Arts centre,,Commercial Street,Edinburgh,,"Commercial Street, Edinburgh",,https://www.citadelyouthcentre.org.uk/,,55.9771942,-3.1760028,node,588412998
Citizens' Theatre,Theatre,119,Gorbals Street,Glasgow,G5 9DS,"119 Gorbals Street, Glasgow, G5 9DS",,https://citz.co.uk/,+44 141 429 5561,55.8507577,-4.2527827,way,14592020
City Church Hub,Events venue,77-79,Frampton Road,Gloucester,GL1 5QB,"77-79 Frampton Road, Gloucester, GL1 5QB",,https://www.citychurchhub.org/,,51.852391,-2.2513809,node,13361178755
City Hall Salisbury,Arts centre,,,,,,,,,51.0702019,-1.8004825,way,245256335
City Halls & Old Fruitmarket,Theatre,90-98,Candleriggs,Glasgow,G1 1NQ,"90-98 Candleriggs, Glasgow, G1 1NQ",,https://www.glasgowconcerthalls.com/city-halls/Pages/default.aspx,+44 141 353 8000,55.8587976,-4.2446922,way,58703683
City Theatre,Theatre,,Fowlers Yard,Durham,DH1 3RA,"Fowlers Yard, Durham, DH1 3RA",,,,54.7766947,-1.577001,way,143920593
CityCoast Centre,Conference centre,,,,,,,https://www.citycoastcentre.co.uk/,,50.8309364,-0.2097894,way,235281185
Civic House,Events venue,26,Civic Street,Glasgow,G4 9RH,"26 Civic Street, Glasgow, G4 9RH",,,,55.8710789,-4.2591863,way,178991836
Civic Theatre,Theatre,,Fairfield Road,Chelmsford,CM1 1JG,"Fairfield Road, Chelmsford, CM1 1JG",,https://www.chelmsford.gov.uk/theatres/whats-on/civic-theatre/,+44 1245 606505,51.7364255,0.465644,way,253058436
Clandeboye Park,Stadium,,,,,,,,,54.6515732,-5.6843535,way,38705687
Clapham Grand,Music venue,21-25,Saint John's Hill,London,SW11 1TT,"21-25 Saint John's Hill, London, SW11 1TT",,,,51.4631201,-0.1694509,node,1112173871
Clapton Community Football Club,Stadium,,,,,,,https://www.claptoncfc.co.uk/,,51.5420129,0.0223211,way,1369776434
Clapton Country Club,Events venue,38-40,Upper Clapton Road,London,E5 8BQ,"38-40 Upper Clapton Road, London, E5 8BQ",,https://www.claptoncountryclub.co.uk/,,51.5599249,-0.0556154,node,10916506415
Claptrap,Nightclub,108A,High Street,,DY8 1EE,"108A High Street, DY8 1EE",,,,52.455502,-2.144531,node,6274879586
Claremont Amphitheatre,Theatre,,,,,,,,,51.3570092,-0.3794072,way,1113381350
Clarence Hall,Events venue,,Beaufort Street,Crickhowell,NP8 1BN,"Beaufort Street, Crickhowell, NP8 1BN",,https://www.clarencehallcrickhowell.org.uk,+44 1873 810 024,51.8583682,-3.136228,node,9573564821
Clarence Park Band Stand,Bandstand,,,,,,,,,53.6727234,-1.50357,way,4431297
Clay Time,Arts centre,,,,,,,,,51.560212,-0.098746,node,7278465758
Claysongs Ceramics Studio,Arts centre,521,East Whins,,,521 East Whins,,,,57.654327,-3.5922595,node,3682808090
CLB BLK,Nightclub,,,,,,,,,55.8665344,-3.9743623,node,11158755232
Cleaves Conference Centre,Conference centre,6,Castle Gate,Nottingham,NG1 7AS,"6 Castle Gate, Nottingham, NG1 7AS",,,,52.9514604,-1.1497472,node,2741090853
Cledara Abbey Stadium,Stadium,,Newmarket Road,Cambridge,CB5 8LN,"Newmarket Road, Cambridge, CB5 8LN",8127,,,52.2120369,0.1541888,way,3752661
Cleeve FC,Stadium,,,,,,,,,51.9372483,-2.0582475,way,208892126
Cleve Lodge,Events venue,23,Elm Avenue,Nottingham,NG10 4LR,"23 Elm Avenue, Nottingham, NG10 4LR",,https://clevelodge.co.uk/,,52.9004109,-1.2807687,way,146800936
Clevedon Hall,Events venue,,,Clevedon,BS21 7RQ,"Clevedon, BS21 7RQ",,https://clevedonhall.co.uk/,,51.4359804,-2.8636938,way,77910623
CLF Theatre,Theatre,133,Rye Lane,London,SE15 4ST,"133 Rye Lane, London, SE15 4ST",,,,51.4698695,-0.0676429,node,5688517955
Cliffe House,Conference centre,140,Lane Head Road,Huddersfield,HD8 8DB,"140 Lane Head Road, Huddersfield, HD8 8DB",,http://www.cliffehouse.co.uk/,,53.5813066,-1.7112911,way,1349944004
Cliffs Pavilion,Theatre,,,,,,1630,https://southendtheatres.org.uk/Online/about-cliffs-pavilion,,51.5352202,0.6969694,way,90282544
Cliftonhill Stadium,Stadium,,Main Street,Coatbridge,ML5 3RB,"Main Street, Coatbridge, ML5 3RB",,,,55.8601656,-4.0112829,way,183418767
Cliftonville Bandstand,Bandstand,,,,,,,,,51.3915354,1.3976614,way,559266610
Clitheroe Castle Bandstand,Bandstand,,,,,,,,,53.8705366,-2.3947304,way,341220369
Clock Factory,Nightclub,63,Union Street,Bristol,BS1 2DU,"63 Union Street, Bristol, BS1 2DU",,,,51.457555,-2.5924723,way,392174320
Clonter Opera Theatre,Theatre,,,,,,,,,53.2047368,-2.2651798,way,172151762
Clore Studio,Arts centre,,,,,,,,,51.4745398,-0.079716,way,287756456
Clothworkers' Centenary Hall,Theatre,,,Leeds,LS2 9JT,"Leeds, LS2 9JT",,,,53.8058044,-1.5536106,way,84656158
Club 051,Nightclub,,,,,,,,,53.4049002,-2.9766218,way,44722936
Club 147,Nightclub,141,Upper Mostyn Street,Llandudno,LL30 2PE,"141 Upper Mostyn Street, Llandudno, LL30 2PE",,,,53.3266004,-3.8320517,way,223308907
Club 49,Nightclub,49,Greek Street,London,W1D 4EG,"49 Greek Street, London, W1D 4EG",,,,51.5140269,-0.1309992,node,13571496073
Club 601,Nightclub,,,,,,,,,56.3409779,-2.8001519,node,3704642523
Club 66,Nightclub,24,Silver Street,Bury,BL9 0DH,"24 Silver Street, Bury, BL9 0DH",,,,53.5926707,-2.2990646,node,11907076030
Club 701,Nightclub,516,Old Kent Road,London,SE1 5BA,"516 Old Kent Road, London, SE1 5BA",,,,51.4847275,-0.0686499,node,10713085507
Club Academy,Events venue,,Oxford Road,Manchester,M13 9PR,"Oxford Road, Manchester, M13 9PR",,https://www.manchesteracademy.net/,,53.4643695,-2.2324871,node,13078344738
Club Aquarium,Nightclub,,,,,,,,,51.5260155,-0.0854498,node,264624316
Club Atomic,Nightclub,,Finkle Street,Selby,,"Finkle Street, Selby",,,,53.7844204,-1.0692671,way,300360825
Club Carib,Events venue,,,,,,,,,52.5142209,-1.9887032,node,12186841385
Club Cassius,Nightclub,,,,,,,,,50.3703476,-4.1349876,way,725888252
Club Chemistry,Nightclub,15,Station Road East,Canterbury,CT1 2RB,"15 Station Road East, Canterbury, CT1 2RB",,,,51.2744158,1.076881,way,145609322
Club Eden,Nightclub,1,Station Road,Llanelli,,"1 Station Road, Llanelli",,,,51.680334,-4.1631824,way,1201562478
Club Era,Nightclub,16,Friar Street,,RG1 1DB,"16 Friar Street, RG1 1DB",,,,51.4568582,-0.9716745,node,11739525866
Club Ice,Nightclub,,,,,,,,,51.5993623,-3.3405901,node,9812347262
Club Ice Lounge,Nightclub,177-181,Rushey Green,London,SE6 4BD,"177-181 Rushey Green, London, SE6 4BD",,https://silkslondon.com/club/,+44 20 8285 1262,51.4449024,-0.0197357,node,11089376886
Club Inferno,Nightclub,,,,,,,,,50.3686824,-4.1442455,way,1001900261
Club International,Nightclub,,,,,,,,,50.1545193,-5.068853,node,11984284462
Club KA,Nightclub,,Kings Arms Street,North Walsham,NR28 9JX,"Kings Arms Street, North Walsham, NR28 9JX",,,,52.8211492,1.3860342,node,13169267488
Club Lomah,Nightclub,90b,Walcot Street,,BA1 5BG,"90b Walcot Street, BA1 5BG",,https://www.walcothousebath.com/,,51.3864135,-2.3593844,node,524896167
Club LQD,Nightclub,92,Argyle Street,Birkenhead,,"92 Argyle Street, Birkenhead",,,,53.3905865,-3.0197141,way,254467869
Club Mambo,Nightclub,3,Victoria Street,Liverpool,L2 5QA,"3 Victoria Street, Liverpool, L2 5QA",,,,53.4068253,-2.9884674,way,1176909554
Club Reina,Nightclub,85,Charterhouse Street,London,EC1M 6HJ,"85 Charterhouse Street, London, EC1M 6HJ",,http://www.clubreina.co.uk,,51.5196932,-0.1022056,node,5468301612
Club Replay,Nightclub,,Wood Street,Stockport,SK3 0DH,"Wood Street, Stockport, SK3 0DH",,,,53.4070044,-2.1671336,node,8836587641
Club Retro,Nightclub,,,,,,,,,52.477251,-1.9012158,node,313203126
Club Revenge,Nightclub,32-34,Old Steine,Brighton,BN1 1EL,"32-34 Old Steine, Brighton, BN1 1EL",,https://www.revenge.co.uk/,,50.8201611,-0.1364042,way,137389409
Club Rock,Nightclub,Unit 7,Englishgate Plaza,Carlisle,CA1 1QS,"Unit 7 Englishgate Plaza, Carlisle, CA1 1QS",,http://www.clubrockcarlisle.co.uk/,+44 1228 535556,54.8910633,-2.9299592,node,3874817994
Club Salvation,Nightclub,25,Tanner Row,York,YO1 6JP,"25 Tanner Row, York, YO1 6JP",,,,53.9582012,-1.0874581,node,1613212083
Club Shop,Stadium,,,,,,,,,53.2819124,-3.6989051,way,1274599530
Club Tropicana,Nightclub,,,Skegness,PE24 5TR,"Skegness, PE24 5TR",,https://www.theclubtropicana.com/,,53.2160725,0.3344365,way,230896009
Club Tropicana,Nightclub,33,Sackville Street,Manchester,M1 3LZ,"33 Sackville Street, Manchester, M1 3LZ",,https://www.therembrandtmanchester.com/club-tropicana,+44 330 111 2024,53.4770393,-2.2370625,node,1295097473
Club Tropicana,Nightclub,23,Lothian Road,Edinburgh,EH1 2DJ,"23 Lothian Road, Edinburgh, EH1 2DJ",,,,55.9483402,-3.2061121,node,3112300366
Club Tropicana,Nightclub,70,Chapel Street,Aberdeen,AB10 1SN,"70 Chapel Street, Aberdeen, AB10 1SN",,,,57.1455805,-2.1097788,node,9209792498
Club Unique,Nightclub,,,,,,,,,50.9686488,-1.3519985,node,3417288473
Club Veeda,Nightclub,6,Adelaide Street,St Albans,AL3 5BH,"6 Adelaide Street, St Albans, AL3 5BH",,https://www.clubveeda.com/,+44 1727 898398,51.7546921,-0.3369831,way,163992997
Club XS,Nightclub,41-43,Albert Road,Middlesbrough,TS1 1NS,"41-43 Albert Road, Middlesbrough, TS1 1NS",,,,54.5769937,-1.2347017,way,1125523299
Club ZarZar,Nightclub,,,,,,,,,50.9407739,-2.6282811,node,13197980561
Club Zeros,Events venue,,Jute Lane,,,Jute Lane,,,,51.655642,-0.0303733,node,3579105052
Club395,Events venue,,Little Ann Street,Bristol,BS2 9EB,"Little Ann Street, Bristol, BS2 9EB",,https://www.club395.uk/,,51.4595335,-2.5783385,node,13136156555
Clwb Ifor Bach,Nightclub,11,Womanby Street,Cardiff,CF10 1BR,"11 Womanby Street, Cardiff, CF10 1BR",,https://clwb.net/,+44 2920 232 199,51.480524,-3.1815231,node,852071475
Clwb Rygbi Rhuthun,Stadium,,Lon Fawr,Ruthin,LL15 2AA,"Lon Fawr, Ruthin, LL15 2AA",,,,53.111074,-3.3189979,way,391470288
Clwyd Theatr,Theatre,,,Mold,CH7 1YA,"Mold, CH7 1YA",,,,53.1792422,-3.1368143,node,287104873
CMYK,Nightclub,105-109,The Broadway,London,SW19 1QG,"105-109 The Broadway, London, SW19 1QG",,https://www.barcmyk.co.uk/,,51.419206,-0.2011149,way,480477253
Co-op Live,Stadium,1,Sportcity Way,Manchester,M11 3DL,"1 Sportcity Way, Manchester, M11 3DL",,https://www.cooplive.com/,,53.4863874,-2.1999378,way,1216848400
Coachworks,Arts centre,,,,,,,,,51.5507828,-0.0623515,node,11303632141
Coalition,Nightclub,171-181,King's Road Arches,Brighton,BN1 1NB,"171-181 King's Road Arches, Brighton, BN1 1NB",,,,50.8201387,-0.1433917,node,1515288223
Cobalt Studios,Theatre,,,,,,,https://www.cobaltstudios.co.uk/,,54.976064,-1.5956792,way,730307302
Cocktail Academia,Nightclub,29a,Widmore Road,Bromley,BR1 1RW,"29a Widmore Road, Bromley, BR1 1RW",,,,51.4062232,0.0170313,node,11068119080
Coco,Nightclub,,,,,,,,,53.5233584,-1.1314754,node,5101050888
CoCo bar & lounge,Nightclub,1,Town Quay,Southampton,SO14 2AQ,"1 Town Quay, Southampton, SO14 2AQ",,,,50.8961082,-1.4041217,node,919731999
CoCo Che Bar,Nightclub,34A,Peel Street,Barnsley,S70 2RE,"34A Peel Street, Barnsley, S70 2RE",,,,53.552163,-1.4840746,way,320431274
Cocoa,Nightclub,,Broad Street,Barry,,"Broad Street, Barry",,,,51.3992779,-3.2826544,way,945823068
Cococure,Nightclub,5,Minories,London,EC3N 1BJ,"5 Minories, London, EC3N 1BJ",,https://cococure.com,+44 7707 888048,51.5134732,-0.0757268,node,6548960314
Cococure Haus,Nightclub,,,,,,,,,51.5404309,0.0012734,node,11266512409
Code,Nightclub,18-20,West Port,Linlithgow,EH49 7AZ,"18-20 West Port, Linlithgow, EH49 7AZ",,,,55.9760524,-3.6115639,way,846379414
CodeNode,Conference centre,10,South Place,London,EC2M 7EB,"10 South Place, London, EC2M 7EB",,https://www.codenode.live/,+44 20 3621 2707,51.5185778,-0.0858102,node,11150904143
Colchester Arts Centre,Arts centre,,Church Street,Colchester,CO1 1NF,"Church Street, Colchester, CO1 1NF",,,,51.8886349,0.8943181,way,33211292
Coleg Trefeca,Conference centre,,,,,,,http://www.trefeca.org.uk/,,51.981461,-3.2482008,way,400799973
Coles Park Stadium,Stadium,,,,,,,,,51.6055782,-0.0927113,way,1308431771
Coleshill & District Social Club,Nightclub,,,,,,,,,52.4975166,-1.7066701,way,173956210
Colin Weir Stand,Stadium,,,,,,,,,55.8813562,-4.2702216,way,29014138
Collective - City Observatory,Arts centre,38,Calton Hill,Edinburgh,EH7 5AA,"38 Calton Hill, Edinburgh, EH7 5AA",,https://www.collective-edinburgh.art,+44 131 556 1264,55.9550001,-3.1835262,node,10117511077
College Mews Bandstand,Bandstand,,,,,,,,,51.4086253,-1.3280858,way,968819604
Colmore Gate,Conference centre,,,,,,,,,52.481896,-1.8965926,node,1098125993
Colour Factory,Events venue,8a,Queens Yard,London,,"8a Queens Yard, London",,https://www.colourfactory.com,,51.5432441,-0.0227726,way,344501804
Colour House Theatre,Theatre,,Watermill Way,London,SW19 2RD,"Watermill Way, London, SW19 2RD",,,,51.413517,-0.1833962,way,96106148
Colours,Events venue,2-4,Hoxton Square,London,,"2-4 Hoxton Square, London",,https://www.colourshoxton.com/,+44 20 7613 0709,51.5274715,-0.0817251,node,8687032091
Colwell Arts Centre,Arts centre,,Derby Road,Gloucester,GL1 4AD,"Derby Road, Gloucester, GL1 4AD",,,,51.8613337,-2.2306823,way,107042606
Combe Manor,Events venue,,,,,,,,,51.3449316,-1.4728863,node,3493148638
Comedy Station Comedy Club,Theatre,,Bank Hey Street,Blackpool,FY1 4RU,"Bank Hey Street, Blackpool, FY1 4RU",,https://blackpoolcomedyclub.com/,+44 1253 381381,53.8160873,-3.0544347,way,1284377298
Comedy Store,Theatre,7,Oxendon Street,London,SW1Y 4EE,"7 Oxendon Street, London, SW1Y 4EE",,,,51.5101213,-0.1322569,node,2145826681
Commerce House Community Theatre,Theatre,,,,,,,,,53.5754493,-2.4211833,node,7922146183
Community Stand,Stadium,,,,,,,,,52.2915191,-0.5864902,way,975288452
Compass Thaetre Company,Arts centre,,,,,,,,,53.3868937,-1.4723548,way,1208527194
Compass Theatre,Theatre,,,,,,,http://www.hillingdontheatres.uk/,,51.5622636,-0.4404421,way,888285527
Completely-Suzuki Stadium,Stadium,,Whaddon Road,Cheltenham,GL52 5NA,"Whaddon Road, Cheltenham, GL52 5NA",,,,51.9061492,-2.0601752,way,168256330
Con Club,Theatre,139,High Street,,BN7 1XS,"139 High Street, BN7 1XS",,https://www.lewesconclub.com/,,50.87232,0.005051,way,402964216
Concord Rangers Football Club,Stadium,,Thames Road,Canvey Island,SS8 0HH,"Thames Road, Canvey Island, SS8 0HH",,,,51.5125601,0.5754428,way,149495269
Concorde 2,Bar,,Madeira Drive,Brighton,BN2 1EN,"Madeira Drive, Brighton, BN2 1EN",,,,50.8172785,-0.1225314,way,904480523
Concorde Club,Events venue,,Stoneham Lane,Eastleigh,SO50 9HQ,"Stoneham Lane, Eastleigh, SO50 9HQ",,https://www.theconcordeclub.com/,,50.9561474,-1.3714623,way,241931757
Concordia Theatre,Theatre,,,,,,,,,52.5429553,-1.3716221,way,231939578
Conference Centre,Conference centre,,,,,,,,,51.5043601,-3.165572,way,297963990
Conference Centre,Conference centre,,,,,,,,,53.424348,-1.2369997,node,727908486
Conference Centre,Events venue,,Lodge Road,Newport,NP18 3XQ,"Lodge Road, Newport, NP18 3XQ",,https://abuhb.nhs.wales/,,51.6136929,-2.9635877,node,9344944024
Conference Centre (DoubleTree by Hilton Hotel),Conference centre,,,,,,,,,55.9456268,-3.2040909,node,5931907938
Conference Room,Conference centre,,,,,,,,,52.9810997,-3.4118608,way,484214179
Confessions,Events venue,,George Street,Burton-on-Trent,DE14 1DP,"George Street, Burton-on-Trent, DE14 1DP",,https://www.confessionsburton.co.uk/,+44 1283 296695,52.8052177,-1.6342622,way,274837161
Congress Theatre,Theatre,,Carlisle Road,Eastbourne,BN21 4JR,"Carlisle Road, Eastbourne, BN21 4JR",,https://www.eastbournetheatres.co.uk/whats-on,,50.7628107,0.2834028,way,822219092
Congress Theatre,Theatre,50,Gwent Square,Cwmbran,,"50 Gwent Square, Cwmbran",,,,51.6539483,-3.0208624,node,7157360580
Conquest Theatre,Theatre,,Tenbury Road,Bromyard,HR7 4LL,"Tenbury Road, Bromyard, HR7 4LL",,https://conquest-theatre.co.uk/,+44 1885 488575,52.1907511,-2.508745,way,151633044
Conservative Club,Events venue,,,Hornchurch,RM11 1RS,"Hornchurch, RM11 1RS",,,,51.5634555,0.219804,way,1135897783
Conservative Club,Events venue,,Stanley Street,Holyhead,LL65 1HG,"Stanley Street, Holyhead, LL65 1HG",,,,53.3117302,-4.6332846,way,1291669137
Constance Green Hall,Events venue,,,,,,,,,53.9875113,-1.5262392,node,7113294818
Contact,Theatre,,Oxford Road,Manchester,M15 6JA,"Oxford Road, Manchester, M15 6JA",,http://www.contact-theatre.org/,+44 161 2740600,53.4630211,-2.232016,way,136502886
Content,Events venue,,,,,,,https://contentliverpool.co.uk/,,53.3938436,-2.9771648,way,1324960153
Convene Sancroft St. Paul's,Events venue,,Rose Steet,London,,"Rose Steet, London",,,,51.5153586,-0.0998608,node,12558556101
Conway Hall,Events venue,25,Red Lion Square,London,WC1R 4RL,"25 Red Lion Square, London, WC1R 4RL",,https://conwayhall.org.uk,,51.5197612,-0.1183039,node,13020957380
Conwy Culture Centre,Arts centre,,,,,,,,,53.2819131,-3.8320617,way,963565505
Conygre Arts Centre,Arts centre,,,,,,,,,52.5210748,-2.0592586,way,1272210206
Coo Cathedral,Events venue,,,Alford,AB34 5JP,"Alford, AB34 5JP",,,,57.0831759,-2.7861754,way,97422048
Cooke's Studios,Arts centre,,,,,,,,,54.1167725,-3.226098,node,13852332544
Coombe Hall,Events venue,,,,,,,,,52.3849437,-1.3999452,way,617203572
Cooper Art Gallery,Arts centre,,Church Street,Barnsley,S70 2AH,"Church Street, Barnsley, S70 2AH",,https://www.cooper-gallery.com/,,53.5551377,-1.4817522,way,320660896
Coopers' Arms,Pub,,Northgate Street,,,Northgate Street,,,,52.4159557,-4.0778656,way,348686337
Copdock Hall Venue,Events venue,,Church Lane,Ipswich,IP8 3JZ,"Church Lane, Ipswich, IP8 3JZ",,https://www.copdockhall.com/,,52.0321031,1.0879602,way,1224731051
Copper Ceylon,Nightclub,32,East Street,Bromley,BR1 1QU,"32 East Street, Bromley, BR1 1QU",,,,51.4072167,0.0164512,node,420771879
Copse Suite,Events venue,,Jocks Lane,Bracknell,RG12 2BH,"Jocks Lane, Bracknell, RG12 2BH",,https://bracknelltowncouncil.gov.uk/recreation-facilities/council-sites/listing/copse-suite-jocks-lane,,51.4255473,-0.7664962,node,11491282720
Coral Brighton & Hove Greyhound Stadium,Stadium,,,,,,,http://www.brightonandhovegreyhoundstadium.co.uk/,,50.8421468,-0.1760961,way,1086041098
Corbett Theatre,Theatre,,,,,,,,,51.6499707,0.0768144,way,727230569
Corinthians Sports Club,Stadium,,,,,,,,,51.3828284,0.2948441,node,257374553
Corn Exchange,Events venue,,Wheeler Street,Cambridge,CB2 3QB,"Wheeler Street, Cambridge, CB2 3QB",,,,52.2041665,0.1198839,way,5094871
Corn Exchange,Events venue,20,Tuesday Market Place,King's Lynn,PE30 1JW,"20 Tuesday Market Place, King's Lynn, PE30 1JW",,,,52.7564269,0.3932946,way,219432093
Corn Exchange,Theatre,,,,OX10 0EG,OX10 0EG,,https://www.cornexchange.org.uk/,,51.599852,-1.1242439,way,220717541
Corn Exchange,Theatre,,,,,,,,,51.4006671,-1.3226335,way,229636728
Corn Exchange,Music venue,11,New Market Road,Edinburgh,EH14 1RJ,"11 New Market Road, Edinburgh, EH14 1RJ",,https://www.edinburghcornexchange.co.uk,,55.9272625,-3.2480099,way,317659511
Corn Exchange,Events venue,,High Street,Newport,NP20 1AA,"High Street, Newport, NP20 1AA",,https://www.cornexchangenewport.com,,51.5897429,-2.9972915,node,11390045199
Corn Exchange Hertford,Events venue,39,Fore Street,Hertford,SG14 1AL,"39 Fore Street, Hertford, SG14 1AL",,https://www.cornexchangehertford.co.uk/,+44 1727 844627,51.796541,-0.0764042,way,911523338
Corn Exchange Theatre,Theatre,,Broad Street,Stamford,PE9 1PX,"Broad Street, Stamford, PE9 1PX",,,,52.6529994,-0.4788516,way,1097397066
Corner Corner,Events venue,1,Redriff Road,London,SE16 7LL,"1 Redriff Road, London, SE16 7LL",,https://cornercorner.com/,,51.4963378,-0.0475721,node,12734667701
Corner Playhouse,Theatre,,,Sheffield,S21 4DN,"Sheffield, S21 4DN",,,,53.3090444,-1.3578343,way,396196570
Cornerstone,Events venue,29,Charles Street,Cardiff,CF10 2GA,"29 Charles Street, Cardiff, CF10 2GA",,,,51.4813269,-3.1733271,way,925407153
Cornerstone Arts Centre,Arts centre,,,,,,,,,51.6068226,-1.240501,way,973081276
Coronation Bandstand,Bandstand,,East Parade,,,East Parade,,,,50.8378286,0.4777632,way,313299744
Coronation Hall,Theatre,,County Square,Ulverston,LA12 7LZ,"County Square, Ulverston, LA12 7LZ",,https://www.thecoro.co.uk/,+44 1229 588994,54.1946473,-3.0943392,way,171264093
CorpAcq Stadium,Stadium,1,Stadium Way,Salford,M30 7EY,"1 Stadium Way, Salford, M30 7EY",,,,53.4692917,-2.3751921,way,150569911
Corporation,Nightclub,,Milton Street,Sheffield,S1 4JU,"Milton Street, Sheffield, S1 4JU",,https://corporation.org.uk/,,53.377483,-1.4759602,way,96402566
Corpus Playroom,Theatre,10,St Edward's Passage,Cambridge,CB2 3PJ,"10 St Edward's Passage, Cambridge, CB2 3PJ",,https://www.corpusplayroom.com/,,52.204504,0.1180484,way,169842585
Corran Halls,Theatre,,,,,,,,,56.4190395,-5.4760202,way,241634887
Corsica Studios,Nightclub,4/5,Elephant Road,London,SE17 1LB,"4/5 Elephant Road, London, SE17 1LB",,https://www.corsicastudios.com/,+44 20 7703 4760,51.4934892,-0.0987681,node,1548849869
Cosmopolitan Arts Centre,Arts centre,,,,,,,,,52.6425782,-1.13563,node,13654974967
Cossham Hall,Theatre,,,Bristol,BS35 2BJ,"Bristol, BS35 2BJ",,,,51.6062619,-2.5256429,way,119318988
Costello Athletics Stadium,Stadium,,,,,,,,,53.7374443,-0.409962,way,23697148
Coton & Hopwas Social Club,Nightclub,,School Lane,Tamworth,B78 3AD,"School Lane, Tamworth, B78 3AD",,,,52.6442797,-1.7378313,way,145796666
Cotswold Playhouse,Theatre,,Parliament Street,Stroud,GL5 1LW,"Parliament Street, Stroud, GL5 1LW",,,,51.745173,-2.2091199,way,468421451
Cotteridge Social Club,Nightclub,,,,,,,,,52.4162119,-1.9278083,way,106742719
Cottiers Theatre,Theatre,93-95,Hyndland Street,Glasgow,G11 5PU,"93-95 Hyndland Street, Glasgow, G11 5PU",,https://cottiers.com/boxes/the-theatre/,+44 141 357 4000,55.8739756,-4.3018314,node,2370863899
Cotton Club,Nightclub,60,Argyle Street,Birkenhead,CH41 6AF,"60 Argyle Street, Birkenhead, CH41 6AF",,,,53.3920029,-3.018668,way,1172414236
Counting House,Events venue,36,West Nicolson Street,Edinburgh,EH8 9DD,"36 West Nicolson Street, Edinburgh, EH8 9DD",,https://www.countinghouseedinburgh.co.uk/,,55.9444948,-3.1852753,node,910426589
County Ground,Stadium,,St James Street,Taunton,TA1 1JT,"St James Street, Taunton, TA1 1JT",,,,51.0188592,-3.1007059,way,28655137
County Ground,Stadium,,Abington Avenue,Northampton,NN1 4PR,"Abington Avenue, Northampton, NN1 4PR",6500,,,52.2480353,-0.8710075,way,61600204
Court Theatre,Theatre,,Station Road,Tring,HP23 5QY,"Station Road, Tring, HP23 5QY",,https://courttheatre.co.uk/,,51.798687,-0.6361214,way,78605308
Courtyard Arts,Arts centre,,Port Vale,Hertford,SG14 3AA,"Port Vale, Hertford, SG14 3AA",,https://www.courtyardarts.org.uk,,51.7987685,-0.0836725,way,817807083
Courtyard Theatre,Theatre,,Hazelwood Lane,Coulsdon,CR5 3QU,"Hazelwood Lane, Coulsdon, CR5 3QU",,,,51.2981302,-0.1695603,way,371494634
Cove Park,Arts centre,,,Helensburgh,G84 0PE,"Helensburgh, G84 0PE",,,,56.0345364,-4.8548927,way,1324500067
Covered End,Stadium,,,,,,,,,51.4870557,0.0370103,way,1065893827
Cowdray Hall,Theatre,,,,,,,http://www.aagm.co.uk/Venues/CowdrayHall/ch-overview.aspx,,57.1481491,-2.1032551,way,1037310511
Crabble,Stadium,,,,,,,,,51.1377853,1.2851252,way,54913381
Cradley Heath Labour Club,Nightclub,,,,,,,,,52.4707614,-2.0842373,node,534350710
Crafts Study Centre,Arts centre,,,,,,,,,51.215357,-0.8047001,way,1422545913
Crafty Cove,Nightclub,2,Wellington Road,Whitby,YO21 1DY,"2 Wellington Road, Whitby, YO21 1DY",,,,54.4854869,-0.615547,way,1257911467
Cramphorn Studio,Theatre,,Fairfield Road,Chelmsford,CM1 1JG,"Fairfield Road, Chelmsford, CM1 1JG",,https://www.chelmsford.gov.uk/theatres/about-us/cramphorn-studio/,+44 1245 606505,51.7362744,0.4656736,way,305920271
Cranhill Arts,Arts centre,,,,,,,,,55.8669199,-4.1767086,node,1951419178
Cranleigh Arts Centre,Theatre,1,High Street,Cranleigh,GU6 8AS,"1 High Street, Cranleigh, GU6 8AS",,http://www.cranleighartscentre.org/?page=aboutus#BM_2,+44 1483 278000,51.1409051,-0.4857398,node,462167053
Crate,Arts centre,1,Bilton Square,Margate,CT9 1EE,"1 Bilton Square, Margate, CT9 1EE",,https://www.cratespace.co.uk/,,51.3882204,1.380775,node,2622182366
Craven Art House,Arts centre,55,Otley Street,Skipton,BD23 1ET,"55 Otley Street, Skipton, BD23 1ET",,,,53.9616561,-2.0115928,way,366277988
Craven Cottage,Stadium,,Stevenage Road,London,SW6 6HH,"Stevenage Road, London, SW6 6HH",25700,,,51.4748994,-0.2215318,way,4380344
Crazy Coqs,Theatre,21,Sherwood Street,London,W1F 7ED,"21 Sherwood Street, London, W1F 7ED",,https://www.brasseriezedel.com/crazy-coqs/,,51.5106226,-0.1355842,node,13472566365
Crear,Events venue,,,,PA29 6YD,PA29 6YD,,,,55.840293,-5.6485747,way,199677144
Creative and Performing Arts Centre,Theatre,,,,,,,,,51.4376648,-0.3493323,way,667225456
Creative Space,Arts centre,56-58,North Street,,,56-58 North Street,,,,51.4410224,-2.6040826,way,288988245
Creative Sparkworks,Arts centre,157,Lambeth Walk,London,SE11 6EE,"157 Lambeth Walk, London, SE11 6EE",,https://www.creative-sparkworks.org/,,51.4923619,-0.1169604,node,4995776909
Creatology,Arts centre,,,,,,,,,52.9699298,-2.6844554,node,6553283826
Crediton Arts Centre,Arts centre,,East Street,Crediton,EX17 3AX,"East Street, Crediton, EX17 3AX",,,,50.7889508,-3.6517114,node,360252468
Credo Centre,Events venue,14-20,John Street,Aberdeen,AB25 1BT,"14-20 John Street, Aberdeen, AB25 1BT",,https://www.thecredocentre.co.uk/,,57.1516476,-2.1016539,node,6036392242
Creek Creative,Arts centre,1,Abbey Street,Faversham,ME13 7BE,"1 Abbey Street, Faversham, ME13 7BE",,https://creek-creative.org/,,51.3178006,0.8924893,node,12949255734
Crescent Arts Centre,Arts centre,2-4,University Road,Belfast,BT7 1NH,"2-4 University Road, Belfast, BT7 1NH",,,,54.5878831,-5.9350276,way,426131703
Crescent Gardens Bandstand,Bandstand,,The Crescent,Filey,YO14 9JS,"The Crescent, Filey, YO14 9JS",,,,54.2070415,-0.2861791,way,1298163904
Cricket ground,Events venue,,,,,,,,,51.0100348,-3.10305,node,10965687720
Cricket Pavilion,Stadium,,,,,,,,,50.6818222,-1.2878013,way,167141945
Crieff Visitor Centre,Arts centre,,,Crieff,PH7 4HQ,"Crieff, PH7 4HQ",,https://www.crieff.co.uk/,,56.3628945,-3.8521818,node,387660213
Crilly Park,Stadium,,,,,,,,,53.5310099,-2.4839924,relation,1831084
Crindau Constitutional Club,Pub,45-47,Malpas Road,Newport,NP20 5PJ,"45-47 Malpas Road, Newport, NP20 5PJ",,,+44 1633 761 494,51.5984758,-3.0005281,node,544383788
Criterion,Theatre,224,Piccadilly Circus,London,W1J 9HP,"224 Piccadilly Circus, London, W1J 9HP",,,,51.5096166,-0.1339883,way,149173459
Criterion Theatre,Theatre,,Berkeley Road South,Coventry,CV5 6EF,"Berkeley Road South, Coventry, CV5 6EF",,https://www.criteriontheatre.co.uk/,,52.3981183,-1.5298855,way,158729662
Croeso Stand,Stadium,,,,,,,,,51.4864017,-3.1912999,way,220942394
Croft Hall,Events venue,24,The Croft,Hungerford,RG17 0HY,"24 The Croft, Hungerford, RG17 0HY",,https://www.crofthall.co.uk/hungerford/,,51.4161749,-1.5188926,way,1056876456
Croft Park,Stadium,,Plessey Road,Blyth,NE24 3JE,"Plessey Road, Blyth, NE24 3JE",,,,55.1207584,-1.5113515,way,38894709
Cromarty Training Centre - The Old Brewery,Theatre,,,,,,,https://www.cromartyartstrust.org.uk/old-brewery,,57.6791404,-4.0279228,node,1352603258
Cross Castles Party Rooms,Events venue,,,,,,,,,54.0805255,-6.6060942,node,12192804762
Crossley House,Events venue,,,,,,,,,53.721858,-1.8731667,way,901228343
Crow Hill,Events venue,,,,,,,,,53.6001016,-1.9214649,way,299466923
Crown Ground,Stadium,,Livingstone Road,Accrington,BB5 5BX,"Livingstone Road, Accrington, BB5 5BX",,,,53.765403,-2.3709958,way,35155939
Crown Hall Farm,Events venue,,Dozen's Bank,Spalding,PE11 3ND,"Dozen's Bank, Spalding, PE11 3ND",,https://www.crownhallfarm.co.uk/,,52.7867773,-0.2070447,way,1239894184
Crown Inn,Pub,59,West Bay Road,Bridport,DT6 4AX,"59 West Bay Road, Bridport, DT6 4AX",,https://palmersbrewery.com/pubs/crown-inn-bridport/,+44 1308 422037,50.7228968,-2.7570045,way,1293280220
Crown Lodge Event & Wedding Venue,Events venue,,,,TN25 5HE,TN25 5HE,,https://www.crownlodge-kent.co.uk/,+441233813212,51.1711994,0.9719985,node,1205710622
Crown Oil Arena,Stadium,,,,,,,,,53.6207887,-2.1799109,way,37764621
Crown Wharf,Theatre,,,,,,,,,52.9024059,-2.1502786,way,1033814869
Croydon Clocktower,Arts centre,,Katharine Street,Croydon,CR9 1ET,"Katharine Street, Croydon, CR9 1ET",,,,51.3720634,-0.0994604,way,193799548
Croydon Conference Centre,Conference centre,5-9,Surrey Street,Croydon,CR0 1RG,"5-9 Surrey Street, Croydon, CR0 1RG",,,,51.372152,-0.101153,way,200340699
Cruise Chester,Nightclub,4,St John Street,Chester,CH1 1DA,"4 St John Street, Chester, CH1 1DA",,https://www.cruisechester.com/,+44 1244 408000,53.1902108,-2.8882113,way,279299103
Crumlin Road Gaol,Conference centre,53-55,Crumlin Road,Belfast,BT14 6ST,"53-55 Crumlin Road, Belfast, BT14 6ST",,https://www.crumlinroadgaol.com/,+44 28 90741500,54.6095375,-5.9421885,way,18839044
Cruz 101,Nightclub,101,Princess Street,Manchester,M1 6DD,"101 Princess Street, Manchester, M1 6DD",,,,53.4771968,-2.239319,node,5832926287
Crystal Bar,Nightclub,23-31,Carver Street,Sheffield,S1 4FS,"23-31 Carver Street, Sheffield, S1 4FS",,https://crystalbarsheffield.co.uk/,,53.3805726,-1.4737064,way,105506840
Crystal Palace Bowl,Bandstand,,,,,,,,,51.4240208,-0.0691193,way,815501713
Cube Bar And Clubrooms,Nightclub,29,Stryd Y Deon,Bangor,LL57 1UR,"29 Stryd Y Deon, Bangor, LL57 1UR",,,,53.2290049,-4.1234235,way,48826968
CultureMix,Arts centre,7,Queens Walk,Reading,RG1 7QF,"7 Queens Walk, Reading, RG1 7QF",,,,51.45437,-0.9772324,node,1629465835
CULTVR,Events venue,325-327,Penarth Road,Cardiff,CF11 8TT,"325-327 Penarth Road, Cardiff, CF11 8TT",,https://www.cultvr.cymru,,51.4595684,-3.1964981,node,12291766416
Cultúrlann McAdam Ó Fiaich,Arts centre,216,Falls Road,Belfast,,"216 Falls Road, Belfast",,https://www.culturlann.ie/ga,,54.592156,-5.9610614,way,505091359
Cumbernauld Theatre,Theatre,,,,,,,,,55.9575864,-3.9755331,way,513287761
Curious Directive,Theatre,49,Elm Hill,Norwich,NR3 1HG,"49 Elm Hill, Norwich, NR3 1HG",,https://www.curiousdirective.com/,,52.6321008,1.2977533,node,9510845150
Curradine Barns,Events venue,,,,,,,,,52.2800453,-2.2879797,node,11271745340
Curtis Mayfield House,Arts centre,,Carliol Square,Newcastle upon Tyne,NE1 6UF,"Carliol Square, Newcastle upon Tyne, NE1 6UF",,,,54.9725909,-1.6081648,way,296624334
Curve,Theatre,60,Rutland Street,Leicester,LE1 1SB,"60 Rutland Street, Leicester, LE1 1SB",,https://www.curveonline.co.uk/,+44 116 242 3560,52.6355473,-1.1274937,way,89689480
Custom House Gallery,Arts centre,,,,,,,,,55.9767406,-3.1705897,node,5535848862
Customs House Theatre,Theatre,,,South Shields,NE33 1ES,"South Shields, NE33 1ES",,https://www.customshouse.co.uk/,,54.9949035,-1.4407018,way,139031298
Cutlers' Hall,Events venue,7-15,Church Street,Sheffield,S1 1HG,"7-15 Church Street, Sheffield, S1 1HG",500,https://www.cutlershall.co.uk/,+44 1142 768 149,53.3820879,-1.4696963,way,103085522
Cwmaman Theatre,Theatre,,,,,,,https://www.cwmamantheatre.co.uk/,,51.6853777,-3.4420437,node,9266419342
Cwmbran Stadium,Stadium,,Henllys Way,Cwmbran,NP44 3YS,"Henllys Way, Cwmbran, NP44 3YS",,https://www.torfaenleisuretrust.co.uk/,+44 1633 627 101,51.6431478,-3.0207713,way,887359459
Cwmdu Studios,Arts centre,,,,,,,,,51.9026705,-3.1939751,way,1125739052
Cwrw,Pub,32,King Street,Carmarthen,SA31 1BS,"32 King Street, Carmarthen, SA31 1BS",,,+44 1267 223 230,51.8578559,-4.3037778,node,12445011307
Cygnet New Theatre,Theatre,,Friar's Gate,Exeter,EX2 4AZ,"Friar's Gate, Exeter, EX2 4AZ",,,,50.7191737,-3.5295817,way,114441766
Cyril Follett memorial hall,Events venue,,,,,,,,,51.2323121,-0.334458,way,58922996
Cyril Knowles Stand,Stadium,,,,,,,,,54.6891047,-1.2119567,way,167801984
D2,Nightclub,1,Belmont Street,Aberdeen,,"1 Belmont Street, Aberdeen",,,,57.1462059,-2.1011993,node,9209792489
Dalesdown Christian Conference Centre,Conference centre,,Honeybridge Lane,Horsham,RH13 8NX,"Honeybridge Lane, Horsham, RH13 8NX",,https://www.dalesdown.org.uk/,,50.9484482,-0.3455803,way,662353756
Dalrymple Hall,Theatre,,,,,,,,,57.6907092,-2.0039848,way,467817456
Dalston Superstore,Nightclub,117,Kingsland High Street,London,E8 2PB,"117 Kingsland High Street, London, E8 2PB",,http://dalstonsuperstore.com/,+44 20 7254 2273,51.5500956,-0.0753689,way,395184529
Dalton Old Pump House,Events venue,,,,SR7 8RQ,SR7 8RQ,,https://www.daltonoldpumphouse.com/,,54.8154801,-1.3621706,way,190491908
Daltons,Events venue,,Madeira Drive,Brighton,BN2 1TB,"Madeira Drive, Brighton, BN2 1TB",,https://www.daltonsbrighton.com/,,50.8190245,-0.1343902,way,1414891568
Dance Krazy,Arts centre,,,,,,,,,52.998484,0.0805414,node,7294910291
Dance Pointe,Arts centre,5,Swine Gate,Grantham,NG31 6RJ,"5 Swine Gate, Grantham, NG31 6RJ",,,,52.9144436,-0.6424239,node,10096214281
Daneside Theatre,Theatre,,Park Road,,CW12 1DP,"Park Road, CW12 1DP",,,,53.1657201,-2.2108054,way,538940780
Danny Bergara Stand,Stadium,,,,,,,,,53.4000293,-2.166631,way,554243356
Dare To,Nightclub,1,Alfred Street,Bristol,BS2 0RF,"1 Alfred Street, Bristol, BS2 0RF",,,,51.4537226,-2.5739384,way,529808756
Darlington Hippodrome,Theatre,,Parkgate,Darlington,DL1 1RR,"Parkgate, Darlington, DL1 1RR",,https://www.darlingtonhippodrome.co.uk/,+44 1325 486555,54.5246513,-1.5484929,way,384150934
Darwen Theatre,Theatre,,,,,,,,,53.6966863,-2.4662255,way,985483309
Datchworth Scout Hut,Events venue,,,,,,,,,51.8506633,-0.1640828,way,945610054
Daventry Town Football Club,Stadium,,Browns Road,Daventry,NN11 4NS,"Browns Road, Daventry, NN11 4NS",,,,52.2572635,-1.1896189,way,498383862
David Josefowitz Recital Hall,Theatre,,,,,,,,,51.5234322,-0.1520719,way,684622788
David Roberts Art Foundation,Arts centre,,Symes Mews,London,NW1 7JE,"Symes Mews, London, NW1 7JE",,http://davidrobertsartfoundation.com,+44 20 7383 3004,51.5353127,-0.1396862,way,225442628
Day-Star Theatre,Theatre,,,,,,,,,52.9928508,-2.5163562,way,531169502
De La Warr Pavilion,Arts centre,,Marina,Bexhill-on-Sea,TN40 1DP,"Marina, Bexhill-on-Sea, TN40 1DP",,http://www.dlwp.com/,+44 1424 229111,50.8375169,0.4715276,way,247116304
De Montfort Hall,Theatre,,Granville Road,,LE1 7RU,"Granville Road, LE1 7RU",,https://www.demontforthall.co.uk/,,52.6250266,-1.1220186,way,103427868
De Mulder-Lloyd Stand,Stadium,,,,,,,,,53.5337706,-1.0786826,way,1359151228
De Valence Pavilion,Events venue,,Upper Frog Street,Tenby,SA70 7JD,"Upper Frog Street, Tenby, SA70 7JD",,,,51.6728165,-4.7018373,way,513859024
De Vere,Conference centre,,,,,,,,,51.6710595,-1.8986971,node,11122068152
De Vito’s,Nightclub,7,Millgate,Arbroath,DD11 1NN,"7 Millgate, Arbroath, DD11 1NN",,,,56.5584233,-2.586028,node,13374108265
Dead Wax,Bar,18,Saint Georges Street,Norwich,NR3 1BA,"18 Saint Georges Street, Norwich, NR3 1BA",,https://www.deadwaxnorwich.pub/,+44 1603 955016,52.631047,1.2952413,way,103337946
Dean Street Social Club,Pub,1a,Dean Street,Newport,NP19 7FB,"1a Dean Street, Newport, NP19 7FB",,,+44 1633 674 926,51.5935477,-2.9826121,node,12442434486
Decadence,Nightclub,,Lady Bank,,B79 7NB,"Lady Bank, B79 7NB",,http://www.castlehoteltamworth.co.uk/decadence.htm,+44 1827 317700,52.6328185,-1.6973999,node,3960698977
Decades Bar & Club,Nightclub,6-7,King Street,Tamworth,B79 7DB,"6-7 King Street, Tamworth, B79 7DB",,https://decadesbarandclub.co.uk/,,52.6334282,-1.6965116,way,393502255
Deco,Nightclub,,,,,,,,,53.7115417,-1.6273767,way,192621591
Dedham Art and Craft Centre,Arts centre,,,,,,,,,51.9588042,0.9949836,way,396802594
Deepdale Stadium,Stadium,,Sir Tom Finney Way,Preston,PR1 6RU,"Sir Tom Finney Way, Preston, PR1 6RU",,,,53.7721949,-2.6885232,way,193207310
Deeside Stadium,Stadium,,Kelsterton Road,Deeside,CH5 4BR,"Kelsterton Road, Deeside, CH5 4BR",,,,53.2251284,-3.0766426,way,758783257
DEJAVU,Nightclub,11-13,Stanley Street,Blyth,NE24 2BS,"11-13 Stanley Street, Blyth, NE24 2BS",,,,55.1269462,-1.5057523,way,1068938591
Delaney's,Nightclub,,Newbury Street,Wantage,OX12 8BU,"Newbury Street, Wantage, OX12 8BU",,,,51.5882676,-1.425463,way,478160472
Delight,Arts centre,,,,,,,https://delightexhibit.com/london/,,51.5070718,-0.0922522,node,11557826353
Demons,Nightclub,93,King Street,Dudley,DY2 8NZ,"93 King Street, Dudley, DY2 8NZ",,,,52.5094969,-2.0828005,node,507143548
Dempsey's,Nightclub,1,Hereford Street,Sheffield,S1 4PR,"1 Hereford Street, Sheffield, S1 4PR",,http://www.dempseys-sheffield.com/,+44 114 275 4616,53.3743903,-1.4745377,way,103977459
Dens Park,Stadium,,Sandeman Street,Dundee,DD3 7JY,"Sandeman Street, Dundee, DD3 7JY",,https://dundeefc.co.uk/club/dens-park/,+44 1382 889966,56.474616,-2.9735449,way,26476777
Department of Life,Events venue,,Upper Clapton Road,London,E5 8BQ,"Upper Clapton Road, London, E5 8BQ",,https://www.amazingspaceweddings.co.uk/search/the-department-of-life,+44 20 3669 3594,51.5600349,-0.0559284,node,11290533252
Department Store & Co,Arts centre,55,Sadler Gate,Derby,DE1 3NQ,"55 Sadler Gate, Derby, DE1 3NQ",,https://departmentstoreco.com,+44 1332 480582,52.9233693,-1.4775732,way,130858347
Depot Venue,Music venue,142,Leith Walk,Edinburgh,EH6 5DT,"142 Leith Walk, Edinburgh, EH6 5DT",,https://leithdepot.com/venue.html,+44 131 555 4738,55.9681473,-3.1741771,node,5600831860
Derby Shakespeare Theatre Company,Theatre,93,Kedleston Road,Derby,DE22 1FR,"93 Kedleston Road, Derby, DE22 1FR",,http://www.derbyshakespeare.org.uk/,,52.9312404,-1.4889944,way,561825941
Derby Theatre,Theatre,15,Theatre Walk,Derby,DE1 2NF,"15 Theatre Walk, Derby, DE1 2NF",,https://www.derbytheatre.co.uk/,+44 1332 593939,52.9202327,-1.4716105,way,110221245
Derby Theatre Rehearsal Rooms,Arts centre,,Forman Street,Derby,DE1 1JQ,"Forman Street, Derby, DE1 1JQ",,https://www.derbytheatre.co.uk,,52.9212393,-1.4844386,way,59549326
Derbyshire County Cricket Club,Stadium,,Nottingham Road,Derby,DE21 6DA,"Nottingham Road, Derby, DE21 6DA",,,,52.9274918,-1.461071,way,107385079
Derwent Park,Stadium,,,,,,,,,54.648008,-3.5556792,way,123129638
"Design Centre, Chelsea Harbour",Arts centre,,Lots Road,London,SW10 0XE,"Lots Road, London, SW10 0XE",,https://www.dcch.co.uk/,,51.4760814,-0.1830505,node,12991962322
Desire Dance Studio,Theatre,,,Blyth,,Blyth,,,+44 7402 664 164,55.1260908,-1.5131052,node,4321197378
Desire Nightclub,Nightclub,,,,,,,,,52.8596323,-3.0538985,way,176664171
Deva Stadium,Stadium,,Bumpers Lane,Chester,CH1 4LT,"Bumpers Lane, Chester, CH1 4LT",,,,53.1892112,-2.9234934,way,554215456
Devonport Playhouse,Theatre,,,Plymouth,PL1 4DN,"Plymouth, PL1 4DN",,,,50.3728684,-4.1745243,way,240822654
Devonshire Park Theatre,Theatre,8-10,Compton Street,Eastbourne,BN21 4BW,"8-10 Compton Street, Eastbourne, BN21 4BW",,,,50.7631728,0.2850364,way,822219095
Dewsbury Rams,Stadium,,,,,,,,,53.6999338,-1.6025584,way,62055685
Dewsmoor Gallery,Arts centre,,,,,,,,,50.7978945,-3.6899249,node,345264498
Diamond Club,Nightclub,53,Cheapside,Luton,,"53 Cheapside, Luton",,http://www.clubdiamond.co.uk/,+44 7404 032954,51.8804123,-0.4140236,node,4204643112
Diamonds Nightclub,Nightclub,41,Stirling Street,Airdrie,ML6 0AH,"41 Stirling Street, Airdrie, ML6 0AH",,,,55.8658386,-3.9821296,node,10780213077
Digby Memorial Church Hall,Events venue,,Digby Road,Sherborne,,"Digby Road, Sherborne",,https://www.sherborneabbey.com/digby-memorial-church-hall/,,50.9455863,-2.5156453,node,10816469896
Digital,Nightclub,1-2,Times Square,Newcastle upon Tyne,NE1 4EP,"1-2 Times Square, Newcastle upon Tyne, NE1 4EP",,,,54.9675002,-1.6204908,node,215622716
Digital,Nightclub,12-16,Wellington Street,Barnsley,S70 1SS,"12-16 Wellington Street, Barnsley, S70 1SS",,,,53.5517386,-1.4817292,way,320427243
Digz,Nightclub,,,,,,,,,51.2088583,-4.1215219,node,9907479327
diorama,Arts centre,,,,,,,,,51.5258142,-0.1403557,node,2972228375
Discoteca No Problem,Nightclub,333,High Road,,,333 High Road,,,,51.5608757,0.0816204,way,1156173826
Discover Animals,Theatre,,,,,,,,,50.7852678,-0.663481,node,9713350343
Discover Leeks Pavilion,Stadium,,,,,,,,,51.4879014,-3.1923358,way,220942385
Discovery Barn,Events venue,,,,,,,,,51.2068847,-1.5618552,node,8231310308
Disgraceland,Nightclub,17,Baker Street,Middlesbrough,TS1 2LF,"17 Baker Street, Middlesbrough, TS1 2LF",,,,54.573316,-1.2363829,way,1223337445
District,Nightclub,61,Jordan Street,Liverpool,L1 0BW,"61 Jordan Street, Liverpool, L1 0BW",,,,53.3951866,-2.9812215,node,2265042278
District,Nightclub,127,Above Bar Street,Southampton,SO14 7FN,"127 Above Bar Street, Southampton, SO14 7FN",,,,50.9072179,-1.4050762,node,2536218399
District,Nightclub,2,Greyfriars Road,Cardiff,CF10 3AD,"2 Greyfriars Road, Cardiff, CF10 3AD",,https://districtnightclub.co.uk/club/cardiff/,,51.4832563,-3.1757537,node,11136823955
Dive Hu5,Bar,59,Princes Avenue,,HU5 3QY,"59 Princes Avenue, HU5 3QY",,,,53.7534185,-0.3605528,node,12496301376
Djanogly Theatre,Theatre,,,Nottingham,NG7 2RD,"Nottingham, NG7 2RD",,,,52.9382822,-1.1899223,node,984089751
Dockside Vaults,Events venue,,East Smithfield,London,E1W 1AT,"East Smithfield, London, E1W 1AT",,https://www.docksidevaults.com/events,,51.5076484,-0.0712725,node,11176568154
Document,Arts centre,30-64,Pennywell Road,Bristol,BS5 0TG,"30-64 Pennywell Road, Bristol, BS5 0TG",,,,51.4607996,-2.5777788,way,565988046
Dog & Duck Stadium,Stadium,53-61,London Road,Wellingborough,NN8 2DP,"53-61 London Road, Wellingborough, NN8 2DP",,,,52.2930877,-0.6821755,way,388335452
Doghouse,Cafe,93,Kirkgate,Leeds,LS2 7DJ,"93 Kirkgate, Leeds, LS2 7DJ",,https://doghousebarandbagelshop.co.uk/,+44 113 244 1396,53.7961175,-1.5387858,node,2135315776
Dolce Kensington Club,Nightclub,17a,Harrington Road,London,,"17a Harrington Road, London",,https://www.dolce-london.com/,+44 20 7589 0990,51.4939877,-0.1757796,node,7904778383
Dolman Stand,Stadium,,,,,,,,,51.4403215,-2.6196076,way,128620807
Dolman Theatre,Theatre,8,Emlyn Street,Newport,NP20 1HY,"8 Emlyn Street, Newport, NP20 1HY",,https://www.dolmantheatre.co.uk/,+44 1633 263670,51.5842495,-2.9920965,node,6875287272
Domain,Theatre,,,,,,,,,54.9783737,-1.607405,way,737438900
Domain Plaza Hall,Events venue,,,,,,,,,52.5196146,-1.99722,way,1318907293
Dominion Theatre,Theatre,269,Tottenham Court Road,London,W1T 7AQ,"269 Tottenham Court Road, London, W1T 7AQ",,http://www.dominiontheatrelondon.org.uk,,51.5169214,-0.1297404,way,183366864
Don Rogers Stand,Stadium,,,,,,4868,,,51.5640586,-1.7708185,way,95603476
Donald Gordon Theatre,Theatre,,,,,,,,,51.4648613,-3.1629717,node,9130398100
Donald Roy Theatre (Gulbenkian Centre),Theatre,,,Hull,HU6 7RX,"Hull, HU6 7RX",,,,53.7719216,-0.3673357,way,55578095
Doncaster Greyhound Stadium,Stadium,,,,,,,,,53.5888566,-1.0297439,way,306690791
Doncaster Little Theatre,Theatre,1,King Street,Doncaster,DN1 1JD,"1 King Street, Doncaster, DN1 1JD",,https://www.doncasterlittletheatre.co.uk/,,53.5234881,-1.1296945,way,1115339893
Doncaster Warehouse,Nightclub,27,North Bridge Road,Doncaster,DN5 9AD,"27 North Bridge Road, Doncaster, DN5 9AD",,https://www.audioxposure.net/,+441302 579081,53.5269228,-1.1417698,node,12449798001
Donmar Warehouse,Theatre,,Earlham Street,London,WC2H 9LX,"Earlham Street, London, WC2H 9LX",,https://www.donmarwarehouse.com/,,51.5139417,-0.1257733,node,4547813306
Donut Community Arts Studio,Arts centre,,,,,,,,,53.2377612,-1.4390749,way,303494602
Donzai sports bar & cuisine,Nightclub,,,,SN1 1BL,SN1 1BL,,,,51.562105,-1.7865716,node,2934376091
Doodles,Arts centre,29,Marchmont Crescent,Edinburgh,EH9 1HQ,"29 Marchmont Crescent, Edinburgh, EH9 1HQ",,https://www.doodlesscotland.co.uk/,+44 131 229 1399,55.9378976,-3.1933725,node,3111236576
Dorchester Town FC,Stadium,,,,,,,,,50.7005039,-2.4456255,way,119451718
Dorfman Theatre,Theatre,,,,,,,,,51.5070769,-0.1132985,node,5094593338
Dorking Halls,Theatre,,Reigate Road,,RH4 1SG,"Reigate Road, RH4 1SG",,,,51.2344882,-0.3256269,way,27680292
Dorothy's Showbar,Nightclub,7,Victoria Street,Liverpool,L2 5QA,"7 Victoria Street, Liverpool, L2 5QA",,,,53.4067368,-2.9883498,node,10933962012
Dove Studios,Arts centre,105,Dovehouse Street,,,105 Dovehouse Street,,https://www.dove-studios.com/,+44 7775 682094,51.4895214,-0.1722437,node,8270551551
Dovehouse Theatre,Theatre,,,,,,,,,52.4283893,-1.8131029,node,277574897
Dover Operatic & Dramatic Society,Arts centre,,Mill Street,Dover,CT16 3DN,"Mill Street, Dover, CT16 3DN",,,+44 1304 824400,51.1523447,1.2686964,node,12707937382
Dover RFC,Stadium,,,,,,,,,51.137783,1.2868311,way,67571548
Downham Hall Weddings & Events,Events venue,,Castledon Road,Downham,CM11 1LG,"Castledon Road, Downham, CM11 1LG",,https://www.downhamhall.com/weddings/,,51.6284545,0.5013723,node,13428415169
downmarket_,Events venue,17,Amhurst Terrace,London,E8 2BT,"17 Amhurst Terrace, London, E8 2BT",,https://eatworkart.com/hackney-downs-studios/studios/downmarket-event-hire,,51.5543059,-0.0662874,way,155181001
Downstairs at The Dome,Nightclub,178-180,Junction Road,London,N19 5QQ,"178-180 Junction Road, London, N19 5QQ",,https://domelondon.co.uk/,,51.5572911,-0.1383822,node,13162024712
Downtown USA,Nightclub,189 - 193,High Street,,IV30 1DJ,"189 - 193 High Street, IV30 1DJ",,,,57.6485275,-3.3181448,way,1109133348
Dragons Suite,Events venue,187,Kew Road,Richmond,TW9 2AZ,"187 Kew Road, Richmond, TW9 2AZ",,https://www.olddeerpark.co.uk/rooms/dragons-lounge/,+44 2083 326 696,51.4690092,-0.2953142,node,12674308987
Drama Studio,Theatre,,,,,,,,,54.2509083,-0.9954481,way,164865606
Drama Theatre,Theatre,,,,,,,,,50.4204007,-4.1088362,node,1812647854
Drayton Arms Theatre,Theatre,153,Old Brompton Road,,,153 Old Brompton Road,,https://www.thedraytonarmstheatre.co.uk/,+44 20 7835 2301,51.4906144,-0.1833764,node,8056908154
Dreadnought Rock,Nightclub,14-16,King Street,Bathgate,EH48 1AX,"14-16 King Street, Bathgate, EH48 1AX",,,,55.9002402,-3.640627,node,4560260636
Dressing Rooms,Stadium,,,Newport,NP19 0UU,"Newport, NP19 0UU",,,,51.5876018,-2.9873983,way,894717924
Drop The Dumbulls,Arts centre,,Dublin Street,Liverpool,L3 7DT,"Dublin Street, Liverpool, L3 7DT",,,,53.4200282,-2.996849,way,256476738
Droylsden Football Club,Stadium,,,,,,,,,53.4817807,-2.1450338,way,205106886
Drumbo Park,Stadium,57,Ballyskeagh Road,Lisburn,BT27 5TE,"57 Ballyskeagh Road, Lisburn, BT27 5TE",,,,54.5359648,-6.0037221,way,323831298
Drumsheds,Events venue,6,Glover Drive,London,N18 3HF,"6 Glover Drive, London, N18 3HF",,https://drumshedslondon.com/,+44 20 3834 3416,51.6080953,-0.04686,way,8668938
Dryad Works,Music venue,2,Parkwood Road,Sheffield,S3 8AG,"2 Parkwood Road, Sheffield, S3 8AG",,https://dryad.works/,,53.3982019,-1.483175,way,120476229
Duchess Theatre,Theatre,3-5,Catherine Street,London,WC2B 5LA,"3-5 Catherine Street, London, WC2B 5LA",,https://www.nimaxtheatres.com/duchess-theatre/,,51.5121364,-0.1197353,way,219799643
Duffryn Mawr,Events venue,,Common Road,Abergavenny,NP7 0EE,"Common Road, Abergavenny, NP7 0EE",,https://www.duffrynmawrcountryhouse.co.uk/,,51.8360739,-3.0898924,way,1417716997
Dugdale Centre,Arts centre,,,,,,,,,51.6505408,-0.0804846,node,885349093
Dugdale Theatre,Theatre,,,,,,,,,51.6505092,-0.0804658,node,2416635164
Duke of York's,Theatre,,St. Martin's Lane,London,WC2N 4BG,"St. Martin's Lane, London, WC2N 4BG",,http://www.ambassadortickets.com/Duke-Of-York%27s/Information,,51.5102014,-0.1273587,way,149173463
Dulwich Hamlet FC,Stadium,,,,,,,,,51.461737,-0.0840285,way,4629309
Dumbarton Football Stadium,Stadium,,Castle Road,Dumbarton,G82 1JJ,"Castle Road, Dumbarton, G82 1JJ",,,,55.9382835,-4.5616622,way,193228835
Dundee Contemporary Arts,Arts centre,152,Nethergate,Dundee,DD1 4DY,"152 Nethergate, Dundee, DD1 4DY",,https://www.dca.org.uk/,+44 1382 213610,56.4571349,-2.9748078,way,29062609
Dundee Rep,Theatre,,Tay Square,Dundee,DD1 1PB,"Tay Square, Dundee, DD1 1PB",,https://www.dundeerep.co.uk/,,56.4578863,-2.9767212,way,47805076
Dunstable Conference Centre,Theatre,51,High Street North,Dunstable,LU6 1JF,"51 High Street North, Dunstable, LU6 1JF",,,,51.8876022,-0.5233687,node,6710927976
Dunwell Farm Weddings & Events,Events venue,,,,,,,,,50.3736244,-3.8648252,way,1314342585
DUPLO Valley Theatre,Theatre,,,,,,,,,51.4653373,-0.6501805,way,83990230
Duston Mill,Events venue,,Upton Way,,NN5 5FP,"Upton Way, NN5 5FP",,,,52.2294885,-0.9338507,way,1221603145
Dye House,Events venue,,,,,,,,,52.719858,-2.7440763,way,639096922
Dynevor Arms,Pub,,The Square,Caerphilly,NP24 6ER,"The Square, Caerphilly, NP24 6ER",,,+44 1443 834 219,51.7212305,-3.2468531,node,12452436673
Dún Uladh,Arts centre,,Drumnakilly Road,Omagh,BT79 0JP,"Drumnakilly Road, Omagh, BT79 0JP",,https://dunuladh.ie/,+44 28 8224 2777,54.6003905,-7.2544436,way,676769621
E1,Nightclub,110,Pennington Street,London,E1W 2BB,"110 Pennington Street, London, E1W 2BB",,http://e1ldn.co,,51.508859,-0.0612435,node,13169348701
E57 Social Club,Nightclub,669,Alcester Road South,Birmingham,B14 5EY,"669 Alcester Road South, Birmingham, B14 5EY",,,,52.4122778,-1.8833488,way,105691664
Eagle House,Arts centre,15,Shore Lane,Aberdeen,,"15 Shore Lane, Aberdeen",,,,57.1468173,-2.0915065,way,1380982140
Eagles Landing Events Center,Events venue,,,Brandon,IP7 9PN,"Brandon, IP7 9PN",,https://lakenheathfss.com/eagles-landing-community-event-center/,,52.3958738,0.5464919,way,1304015239
Ealand Gate,Events venue,,Out Gate,,,Out Gate,,,,53.5971496,-0.8205969,way,1482266550
EartH,Theatre,11-17,Stoke Newington Road,London,N16 8BH,"11-17 Stoke Newington Road, London, N16 8BH",,https://earthackney.co.uk/about,+44 20 7422 7505,51.5510661,-0.0756503,way,224191969
Ease,Arts centre,,,,,,,,,53.3805551,-1.4760248,node,11149418444
East Bridgford Hill,Events venue,4,Kirk Hill,Nottingham,NG13 8PE,"4 Kirk Hill, Nottingham, NG13 8PE",,,,52.9810727,-0.9739171,way,416579007
East Dulwich Tavern,Pub,1,Lordship Lane,London,SE22 8EW,"1 Lordship Lane, London, SE22 8EW",,,,51.4603836,-0.0750161,way,59959849
East Kilbride Arts Centre (Bosfield House),Arts centre,51-53,Old Coach Road,East Kilbride,G74 4DU,"51-53 Old Coach Road, East Kilbride, G74 4DU",,,,55.771968,-4.1727744,way,524890132
East Lane Theatre,Theatre,,,,,,,,,51.5572123,-0.314717,way,228980930
East London Cabaret Theatre,Theatre,,,,,,,https://www.elctheatre.com,,51.5585567,-0.0079691,node,9094514248
East London Drama and Music Centre,Arts centre,,,,,,,,,51.552717,-0.0054444,node,354462293
East Point Pavillion,Events venue,,Royal Plain,Lowestoft,NR33 0AP,"Royal Plain, Lowestoft, NR33 0AP",,https://www.eastpointpavilion.com/,,52.4713893,1.7497189,way,1065924544
East Riding Theatre,Theatre,10,Lord Roberts Road,Beverley,HU17 9BE,"10 Lord Roberts Road, Beverley, HU17 9BE",,,,53.8402006,-0.4280372,way,1021499215
East Slope Amphitheatre,Theatre,,,,,,,,,50.8677055,-0.085919,node,6357210205
East Stand,Stadium,,,,,,,,,55.9619853,-3.1645088,way,62171395
East Stand,Stadium,,,,,,,,,56.0758733,-3.4409178,way,122229515
East Stand,Stadium,,,,,,,,,53.3657361,-2.7374517,way,179970847
East Stand,Stadium,,,,,,,,,55.885996,-3.5211387,way,188700335
East Stand,Stadium,,,,,,,,,53.5480702,-2.6535724,way,193236751
East Stand,Stadium,,,,,,,,,51.5550297,-0.1074116,way,193811136
East Stand,Stadium,,,,,,,,,53.4633293,-2.2900957,way,351220231
East Stand,Stadium,,,,,,,,,53.481355,-2.1919385,way,445486238
East Stand,Stadium,,Westgate Street,Cardiff,CF10 1DF,"Westgate Street, Cardiff, CF10 1DF",,,,51.4798454,-3.1826713,way,684572039
East Stand,Stadium,,,,,,,,,51.4785181,-3.1817512,way,1287333673
East Stand,Stadium,,,,,,,,,53.6699835,-1.4786349,way,1389950788
East Sutton Labour Club,Events venue,,,,,,,,,53.43623,-2.7059739,node,11659576584
East Turnstilles,Stadium,,,,,,,,,57.6515314,-3.3197813,way,1178294261
Eastbourne Bandstand,Bandstand,,Grand Parade,Eastbourne,BN21 3AD,"Grand Parade, Eastbourne, BN21 3AD",,,,50.7644805,0.2894381,way,530970540
Eastbourne United Football,Stadium,,Channel View Road,Eastbourne,BN22 7LN,"Channel View Road, Eastbourne, BN22 7LN",,,,50.7810391,0.3052167,way,178319365
Easter Road Stadium,Stadium,12,Albion Place,Edinburgh,EH7 5QG,"12 Albion Place, Edinburgh, EH7 5QG",,,,55.9618151,-3.1652835,way,19754330
Eastern Pavillion Banqueting Hall,Events venue,,Featherstall Road South,Oldham,OL9 6HL,"Featherstall Road South, Oldham, OL9 6HL",,,,53.5397735,-2.1298421,node,10241281717
Eastgate Theatre and Arts Centre,Theatre,,Eastgate,,EH45 8AD,"Eastgate, EH45 8AD",,https://eastgatearts.com/,+44 1721 725777,55.6523102,-3.1875639,way,107204955
Eastide Projects Art Gallery,Arts centre,86,Heath Mill Lane,Birmingham,B9 4AR,"86 Heath Mill Lane, Birmingham, B9 4AR",,,,52.476632,-1.8822743,way,137322605
Eastleigh Bandstand,Bandstand,,Leigh Road,Eastleigh,SO50 9DF,"Leigh Road, Eastleigh, SO50 9DF",,,,50.970054,-1.3542039,way,100410641
Eastside Jazz Club,Nightclub,,,,,,,,,52.484087,-1.8860704,node,6119396753
EastStand,Stadium,,,,,,,,,52.6126184,1.7371505,way,179576029
Eastwood Theatre,Theatre,,,Glasgow,G46 7JS,"Glasgow, G46 7JS",,,,55.7986199,-4.3030068,way,32139539
Eastwood Theatre,Theatre,,,Nottingham,NG16 3EB,"Nottingham, NG16 3EB",,,,53.0199315,-1.3136864,node,1259832113
Eaves Hall,Events venue,,,,,,,,,53.8984399,-2.3998463,way,1412208945
Ebbsfleet United FC,Stadium,,Stonebridge Road,Northfleet,DA11 9GN,"Stonebridge Road, Northfleet, DA11 9GN",,https://www.ebbsfleetunited.co.uk/home/,+441474 533796,51.4495333,0.3223057,way,16360283
EBGBS,Nightclub,80,Seel Street,Liverpool,L1 4BH,"80 Seel Street, Liverpool, L1 4BH",,,,53.4016235,-2.9785027,way,1175740069
Ecco Theatre Arts,Arts centre,,,,,,,,,53.3857771,-1.4758843,node,11198526512
Echos,Nightclub,,,,,,,,,52.7727067,-1.2071874,node,840059788
Eclipse,Nightclub,,,,,,,,,51.587815,-3.3280021,node,1167983310
Eco-Power Stadium,Stadium,,Stadium Way,Doncaster,DN4 5JW,"Stadium Way, Doncaster, DN4 5JW",15231,http://www.keepmoatstadium.com/,,53.5098207,-1.1137713,way,24414401
Eddie Thompson Stand,Stadium,,,,,,,,,56.4743943,-2.9680698,way,84499225
Eden,Nightclub,,Little Wind Street,Swansea,SA1 1ED,"Little Wind Street, Swansea, SA1 1ED",,,,51.6187143,-3.9387477,node,314851079
Eden,Nightclub,,,,,,,,,55.8612647,-4.0226654,node,13850956386
Eden Barn,Events venue,,,Little Musgrave,CA17 4PQ,"Little Musgrave, CA17 4PQ",,https://www.edenbarn.co.uk/,,54.5125985,-2.3777433,node,7343960245
Eden Court,Theatre,1,Bishops Road,Inverness,IV3 5SB,"1 Bishops Road, Inverness, IV3 5SB",,https://eden-court.co.uk/,+44 1463 234 234,57.4730799,-4.2309346,way,64046416
Eden Rise,Events venue,,,,,,,https://networkofwellbeing.org/eden-rise/,,50.4230092,-3.7531369,node,13730444962
Edgar Street,Stadium,,Edgar Street,Hereford,HR4 9JU,"Edgar Street, Hereford, HR4 9JU",,,,52.0606796,-2.7177723,way,193760939
Edgbaston Cricket Ground,Stadium,,Edgbaston Road,Birmingham,B5 7QU,"Edgbaston Road, Birmingham, B5 7QU",,https://edgbaston.com/,,52.4559516,-1.9026751,way,23653607
Edgbaston Stadium,Stadium,,,,,,,,,52.4558656,-1.9025502,way,1279414943
Edge Green Street Stadium,Stadium,,,,,,,,,53.4919998,-2.6242412,relation,1831091
Edgeley Park Stadium,Stadium,,Hardcastle Road,Stockport,SK3 9DD,"Hardcastle Road, Stockport, SK3 9DD",,,,53.3996727,-2.1664509,way,41405722
Edinburgh Academical Football Club,Stadium,,,,,,,,,55.9598038,-3.2159572,way,759353754
Edinburgh International Conference Centre (EICC),Conference centre,150,Morrison Street,Edinburgh,EH3 8EE,"150 Morrison Street, Edinburgh, EH3 8EE",,,,55.9461771,-3.2096583,way,27279781
Edinburgh Palette,Arts centre,151,London Road,Edinburgh,EH7 6AE,"151 London Road, Edinburgh, EH7 6AE",,https://www.edinburghpalette.co.uk/,,55.9556197,-3.1523895,node,3362077076
Edinburgh People's Theatre,Theatre,40,Mayfield Gardens,Edinburgh,EH9 2BY,"40 Mayfield Gardens, Edinburgh, EH9 2BY",,https://www.ept.org.uk/,,55.9312295,-3.1720873,node,2606362037
Edinburgh Playhouse,Theatre,18-22,Greenside Place,Edinburgh,EH1 3AA,"18-22 Greenside Place, Edinburgh, EH1 3AA",,https://www.atgtickets.com/edinburgh/,,55.9567245,-3.1849549,way,320954869
Edinburgh Printmakers,Arts centre,2,Gilmore Park,Edinburgh,EH3 9FN,"2 Gilmore Park, Edinburgh, EH3 9FN",,https://edinburghprintmakers.co.uk/,,55.9419802,-3.2128142,way,659876969
Edinburgh Rugby Stadium,Stadium,,,Edinburgh,,Edinburgh,7800,,,55.9416896,-3.2447109,way,867724832
Edinburgh Sculpture Workshop,Arts centre,,,,,,,https://edinburghsculpture.org,,55.9785829,-3.1905621,way,214288343
Edward Alderton Theatre,Theatre,,,,,,,,,51.4609725,0.1255799,node,1744565639
Edward House,Events venue,199,Sauchiehall Street,,,199 Sauchiehall Street,,,,55.864951,-4.2605042,node,12768685844
Edward James Studios,Arts centre,,,,,,,,,50.9082068,-0.7706523,way,964586681
Egg London Nightclub,Nightclub,200,York Way,London,N7 9AX,"200 York Way, London, N7 9AX",,https://www.egglondon.co.uk/,,51.5418275,-0.1247881,node,6772902785
Ego Nightclub,Nightclub,6-8,South Methven Street,Perth,PH1 5PE,"6-8 South Methven Street, Perth, PH1 5PE",,https://www.egonightclub.com/,,56.3971541,-3.4337318,node,12458900105
Eikon Exhibition Centre,Conference centre,,Halftown Road,Lisburn,BT27 5RD,"Halftown Road, Lisburn, BT27 5RD",,https://www.eikonexhibitioncentre.co.uk/,+44 28 9066 5225,54.4859306,-6.1023098,node,11179153884
El Barrio,Nightclub,47,Hanover Street,Edinburgh,,"47 Hanover Street, Edinburgh",,,,55.9530736,-3.1967211,node,3193747654
Elbow Room,Nightclub,146,High Street,Birmingham,B6 4US,"146 High Street, Birmingham, B6 4US",,,,52.4987086,-1.894846,node,965003572
Electric,Nightclub,15,Nelson Street,Bristol,BS1 2JY,"15 Nelson Street, Bristol, BS1 2JY",,https://electricbristol.com/,,51.456578,-2.5920507,way,466509541
Electric Ballroom,Nightclub,184,Camden High Street,London,NW1 8QP,"184 Camden High Street, London, NW1 8QP",,https://electricballroom.co.uk/,,51.5397036,-0.1429838,way,451480064
Electric Brixton,Events venue,1,Town Hall Parade,London,SW2 1RJ,"1 Town Hall Parade, London, SW2 1RJ",,https://www.electricbrixton.uk.com/,,51.4601853,-0.1168396,way,301886701
Electric Church,Music venue,,Northgate,Blackburn,,"Northgate, Blackburn",,https://www.electricchurch.club/,,53.7501434,-2.4862334,node,5955656438
Electric Studios,Nightclub,6,Leadmill Road,Sheffield,S1 4SE,"6 Leadmill Road, Sheffield, S1 4SE",,,,53.3762273,-1.4646569,way,104000823
Electric Theatre,Theatre,,Onslow Street,Guildford,GU1 4SZ,"Onslow Street, Guildford, GU1 4SZ",,,,51.2362567,-0.5775836,node,253848971
ELECTRIK WAREHOUSE,Nightclub,,Wood Street,Liverpool,,"Wood Street, Liverpool",,,,53.4037858,-2.9811948,way,1247828048
Electrowerkz,Events venue,7,Torrens Street,London,EC1V 1NQ,"7 Torrens Street, London, EC1V 1NQ",,https://www.electrowerkz.co.uk/,,51.5324877,-0.1050124,node,1120750177
Elegance,Nightclub,1,Granada Road,,,1 Granada Road,,,,50.7814463,-1.0797144,way,334753304
elev8dance,Arts centre,22-28,Town Street,Leeds,LS18 4RJ,"22-28 Town Street, Leeds, LS18 4RJ",,https://www.elev8dance.co.uk/,+44 113 258 5605,53.8373997,-1.6411548,node,3899541491
Elite Banqueting suite,Events venue,,Wexham Road,Slough,SL2 5QR,"Wexham Road, Slough, SL2 5QR",,,,51.5238644,-0.5828355,way,757047132
Elizabeth Burton Theatre,Theatre,,,,,,,,,51.0209971,-4.2182087,way,175325190
Elizabeth Green Hall,Theatre,,Manorhouse Lane,,,Manorhouse Lane,,,,51.2737329,-0.3923568,node,5508146576
Elizabethan Suite,Events venue,,Knowsley Street,Bury,BL9 0SW,"Knowsley Street, Bury, BL9 0SW",,http://www.buryvenues.co.uk/,+44 161 2535196,53.5904711,-2.2997709,node,9076507455
Elland Road Stadium,Stadium,,Elland Road,Leeds,LS11 0ES,"Elland Road, Leeds, LS11 0ES",39460,,,53.7778606,-1.5721342,way,41438140
Elliot Scott Stadium,Stadium,,,,,,,,,51.1080166,-0.5170354,way,998794846
Elvis Evolution,Events venue,,,,,,,,,51.5070859,0.0284224,node,13196439620
Elysium,Nightclub,8,Eberle Street,Liverpool,L2 2AG,"8 Eberle Street, Liverpool, L2 2AG",,,,53.4082602,-2.9897453,way,1176713706
Elysium,Arts centre,,High Street,Swansea,,"High Street, Swansea",,,,51.6239324,-3.941738,node,7826897501
EM Forster Theatre,Theatre,,,,,,,,,51.2009788,0.2758048,node,9535235049
Embassy Theatre,Theatre,,,,,,,,,53.1431111,0.3448839,relation,3587196
Emergency Exit Arts,Arts centre,,Azof Street,London,SE10 0EF,"Azof Street, London, SE10 0EF",,https://eea.org.uk/,+44 20 8853 4809,51.48906,0.0079339,node,2506577884
Emily's Blow&Go,Events venue,1,North Road,Wigston,LE18 1NR,"1 North Road, Wigston, LE18 1NR",,,,52.5874356,-1.1048097,way,1502942996
Emirates Old Trafford,Stadium,,,,,,,https://emiratesoldtrafford.lancashirecricket.co.uk/,,53.4564185,-2.2869564,relation,8005784
Emirates Stadium,Stadium,75,Drayton Park,London,N5 1BU,"75 Drayton Park, London, N5 1BU",60361,,,51.5550448,-0.1083998,way,25651711
Emma's,Nightclub,37,High Street,Gosport,PO12 1DF,"37 High Street, Gosport, PO12 1DF",,,,50.7954497,-1.1213965,node,4633679928
Empire,Nightclub,,Packer Street,,OL16 1NJ,"Packer Street, OL16 1NJ",,,,53.6159223,-2.1575421,node,5084695924
Empire Banqueting & Hall,Events venue,,High Street,Aldershot,GU11 1DJ,"High Street, Aldershot, GU11 1DJ",,https://empirealdershot.com,+44 1252 318160,51.2504041,-0.7653809,way,439334628
Empire House,Events venue,2,Empire Street,Manchester,M3 1JA,"2 Empire Street, Manchester, M3 1JA",,,,53.4930779,-2.2406888,node,9887934296
Empire Theatre,Theatre,,High Street,Rotherham,S60 1PY,"High Street, Rotherham, S60 1PY",,,,53.4297249,-1.3566979,way,1108162929
Endeavour,Bar,,,,,,,https://www.endeavourdeptford.co.uk/,,51.4745171,-0.0244977,node,13606401801
Energy,Nightclub,36,High Street,Croydon,CR0 1YB,"36 High Street, Croydon, CR0 1YB",,,,51.3725795,-0.1004915,node,2103297804
Engine Rooms,Nightclub,,West Quay Road,Southampton,SO15 1GZ,"West Quay Road, Southampton, SO15 1GZ",,,,50.90112,-1.4115392,way,397547291
English Touring Theatre,Theatre,25,Short Street,,,25 Short Street,,https://ett.org.uk/,,51.5027642,-0.1070884,node,9550669339
Environment Support Meeting Point,Events venue,,,Newcastle upon Tyne,NE1 2NP,"Newcastle upon Tyne, NE1 2NP",,https://ouseburntrust.org.uk/get-involved/volunteer/environment-support/,,54.9755497,-1.5919416,node,12202172333
Envy,Nightclub,8-9,Marine Parade,Brighton,,"8-9 Marine Parade, Brighton",,,,50.8200223,-0.1355884,node,5389814339
EPPiC Theatre,Theatre,,Well Lane,Sheffield,S35 9TP,"Well Lane, Sheffield, S35 9TP",,,,53.4400188,-1.4665701,way,152130655
Epsom Playhouse,Theatre,,Ashley Avenue,Epsom,KT18 5AL,"Ashley Avenue, Epsom, KT18 5AL",,,,51.3315484,-0.270237,way,28925190
Epstein Theatre,Theatre,,,,,,,,,53.4044265,-2.9823001,node,10234447487
Eric Hollies Stand,Stadium,,,,,,,,,52.4555734,-1.9014684,way,1448244510
Eric's,Nightclub,9,Mathew Street,Liverpool,L2 6RE,"9 Mathew Street, Liverpool, L2 6RE",,,,53.4064624,-2.9877084,way,1119059461
Erith Playhouse,Theatre,,Erith High Street,Erith,DA8 1QY,"Erith High Street, Erith, DA8 1QY",,https://www.playhouse.org.uk,,51.4811327,0.1814449,node,401788093
Escape,Theatre,,,,,,,,,53.1356344,-1.5553017,way,230700002
esea contemporary,Arts centre,13,Thomas Street,Manchester,M4 1EU,"13 Thomas Street, Manchester, M4 1EU",,https://eseacontemporary.org/,,53.4847148,-2.2375022,node,357207748
Esher Theatre,Theatre,,Community Walk,Esher,KT10 9RA,"Community Walk, Esher, KT10 9RA",,https://eshertheatre.com,,51.3703637,-0.3626737,node,11392700310
Esquires,Nightclub,60a,Bromham Road,Bedford,MK40 2QG,"60a Bromham Road, Bedford, MK40 2QG",,,,52.1391212,-0.4741602,node,430794814
Essendon Country Club,Events venue,,High Road,Hatfield,AL9 6HN,"High Road, Hatfield, AL9 6HN",,,,51.7597356,-0.1463724,relation,14519631
etc.venues,Conference centre,155,Bishopsgate,London,,"155 Bishopsgate, London",,https://www.etcvenues.com/,+44 20 3735 4400,51.5188119,-0.0801477,node,11078563648
Etihad Stadium,Stadium,,Joe Mercer Way,Manchester,M11 3FF,"Joe Mercer Way, Manchester, M11 3FF",,,,53.4831448,-2.2003986,way,26329734
Eugene Cross Park,Stadium,,,,,,,,,51.7843494,-3.206408,way,1393071001
EVA's,Nightclub,,,,,,,,,51.4543315,-0.9752121,node,4905298770
Evans Park,Stadium,,,,,,,,,52.8023965,-2.10351,way,97011286
Event Barn,Events venue,,,,,,,,,56.0244727,-2.6092084,way,1416542095
Event Production Group,Events venue,,,,,,,,,56.0872521,-3.926204,node,9310248721
Eventim Apollo,Theatre,45,Queen Caroline Street,London,W6 9QH,"45 Queen Caroline Street, London, W6 9QH",,https://www.eventimapollo.com/,,51.4907086,-0.2244626,way,29204026
Eventim Olympia,Theatre,,,,,,,,,53.4155024,-2.9573259,way,1210151617
Events Area,Events venue,,,,,,,,,52.9513331,0.7905746,way,305551259
Events Field,Events venue,,,,,,,,,50.3853048,-4.1529404,way,1218224506
Everholm Stadium,Stadium,,,,,,,,,54.9919402,-3.2644313,way,353314810
Everyman,Theatre,7-10,Regent Street,Cheltenham,GL50 1HE,"7-10 Regent Street, Cheltenham, GL50 1HE",,https://www.everymantheatre.org.uk/,,51.8996513,-2.0749461,way,166071774
Everyman Folk Club,Events venue,,,,,,,http://www.wheatstone.co.uk/everyman/,+44 1449 615523,52.1895523,1.4493496,node,6796288943
Everyman Theatre,Theatre,,,,,,,,,53.4029938,-2.9691651,way,264204810
Ewen Fields,Stadium,,Walker Lane,Hyde,SK14 5PL,"Walker Lane, Hyde, SK14 5PL",,,,53.4506037,-2.0678982,way,95921891
Ewood Park,Stadium,,Nuttall Street,Blackburn,BB2 4JF,"Nuttall Street, Blackburn, BB2 4JF",31154,,,53.7285857,-2.489234,way,4597739
ExCeL,Conference centre,1,Western Gateway,London,E16 1XL,"1 Western Gateway, London, E16 1XL",,https://www.excel.london/,,51.5081277,0.0297149,way,10371164
Exchange,Nightclub,72-73,Old Market Street,Bristol,BS2 0EJ,"72-73 Old Market Street, Bristol, BS2 0EJ",,https://exchangebristol.com/,,51.4555149,-2.5827902,way,126148590
Exeter Arena,Stadium,,,,,,,,,50.7376551,-3.4913498,relation,7944845
Exeter Cavern,Events venue,83-84,Queen Street,Exeter,EX4 3RP,"83-84 Queen Street, Exeter, EX4 3RP",,https://exetercavern.net/,,50.7246415,-3.5316201,node,11224139726
Exeter Little Theatre Co,Theatre,47,Preston Street,Exeter,,"47 Preston Street, Exeter",,,,50.7202675,-3.5336086,way,201319476
Exeter Northcott Theatre,Theatre,,Stocker Road,Exeter,EX4 4QB,"Stocker Road, Exeter, EX4 4QB",,,,50.7357809,-3.5352319,way,26683720
Exeter Phoenix Arts Centre,Arts centre,,Gandy Street,Exeter,EX4 3LS,"Gandy Street, Exeter, EX4 3LS",,https://www.exeterphoenix.org.uk/,,50.7252662,-3.5313991,node,10315319312
Exhibition and Conference Centre,Conference centre,,,,,,,,,51.5028678,-2.5522004,way,4917248
Exhibition Hall Theatre,Theatre,,,,,,,,,54.7884894,-1.660836,node,7195697175
Exhibition Park Bandstand,Bandstand,,,,,,,,,54.9840423,-1.6142451,way,176941224
Exhibition White City,Events venue,,Ariel Way,London,W12 7SL,"Ariel Way, London, W12 7SL",,https://exhibitionwhitecity.com/,,51.5086242,-0.2231647,way,130398370
Exit,Nightclub,1,Exeter Street,Birmingham,B1 1NH,"1 Exeter Street, Birmingham, B1 1NH",,,,52.4739521,-1.9016382,way,73282507
Eyesaw Gallery,Arts centre,18,Long Wyre Street,Colchester,CO1 1LJ,"18 Long Wyre Street, Colchester, CO1 1LJ",,,,51.888712,0.9025087,way,515593625
F. J. Harquail Cultural Centre,Arts centre,,Harquail Drive,West Bay,,"Harquail Drive, West Bay",,,,19.3173763,-81.3794213,way,80290252
F.A.T. Studio,Arts centre,,,,,,,https://fatstudio.co.uk/,,51.4870114,-0.0746573,node,13860405099
Fabric,Nightclub,77a,Charterhouse Street,London,,"77a Charterhouse Street, London",,,,51.5196077,-0.1025161,way,42935885
Fabrica,Arts centre,40,Duke Street,Brighton,BN1 1AG,"40 Duke Street, Brighton, BN1 1AG",,https://www.fabrica.org.uk/,,50.8227524,-0.1420087,way,137526152
Fabrication,Arts centre,,,,,,,,,53.7988453,-1.5421812,node,13892288001
Fabrication2,Arts centre,6,Edward Street,Leeds,LS2 7NT,"6 Edward Street, Leeds, LS2 7NT",,,,53.7999545,-1.5388338,node,342579618
Facility Hire at Rowley Learning Campus,Events venue,,Curral Road,,,Curral Road,,https://rowleycampus.schoolbookings.co.uk,+44 121 559 9651,52.4843441,-2.0493186,node,12815227479
FACT,Arts centre,88,Wood Street,Liverpool,L1 4DQ,"88 Wood Street, Liverpool, L1 4DQ",,https://www.fact.co.uk/,,53.4022136,-2.9778561,way,196580458
FACTORY 15,Events venue,,,,,,,https://www.makeitlondon.co.uk/category/event-studio,,51.5390643,0.0779806,node,10706565053
Fairbank Wedding Barn,Events venue,,,,,,,https://fairbankbarn.co.uk/,,54.3742678,-2.8417179,way,1118116609
Fairfield Halls,Theatre,,Park Lane,Croydon,CR0 1JB,"Park Lane, Croydon, CR0 1JB",,,,51.3723221,-0.0954888,way,26595743
Fairkytes Arts Centre,Arts centre,,,,,,,,,51.5650064,0.2181857,way,1136006003
Fairyhill,Events venue,,,Swansea,SA3 1BS,"Swansea, SA3 1BS",,https://oldwallscollection.com/venue/fairyhill-intro/,+44 1792 391 468,51.5988368,-4.2149596,way,100850731
Fairytale Events,Events venue,70,Ardarroch Road,Aberdeen,AB24 5QS,"70 Ardarroch Road, Aberdeen, AB24 5QS",,,,57.1611981,-2.0920975,node,7627785888
Faith In Strangers,Events venue,17,Ethelbert Crescent,Margate,CT9 2DY,"17 Ethelbert Crescent, Margate, CT9 2DY",,https://faithinstrangers.co.uk,,51.391536,1.39345,way,1244871995
Falkirk Football Club,Stadium,,Westfield,Falkirk,FK2 9DX,"Westfield, Falkirk, FK2 9DX",9200,,,56.005417,-3.7527444,way,193873761
Falmouth Theatre Company - Harris Rehersal Rooms,Theatre,,,,,,,,,50.1545645,-5.0702752,node,275357848
Fame Factory,Events venue,,,,,,,,,51.5070552,0.0300881,node,13196439615
Family Stand,Stadium,,,,,,,,,51.4868237,0.0375498,way,1065893828
Famous Five Stand,Stadium,,,,,,,,,55.9623623,-3.1658171,way,62171397
FANPARK Nottingham,Events venue,,,,,,,https://www.fanpark.co.uk/,,52.9485201,-1.1392301,node,11495995293
Fareham Live,Theatre,,,,,,,,,50.8544758,-1.1768662,way,38623387
Farfield Mill,Arts centre,,Garsdale Road,Sedbergh,LA10 5LW,"Garsdale Road, Sedbergh, LA10 5LW",,https://www.farfieldmill.org/,,54.3218987,-2.497951,way,179632865
Farnborough International Exhibition & Conference Centre,Conference centre,,ETPS Road,Farnborough,GU14 6FD,"ETPS Road, Farnborough, GU14 6FD",,https://www.farnborough.com/,,51.2765887,-0.7611042,way,724792187
Farnworth Little Theatre,Theatre,,Cross Street,Bolton,BL4 7AJ,"Cross Street, Bolton, BL4 7AJ",,http://farnworthlittletheatre.weebly.com,+44 845 643 0808,53.5493645,-2.3970204,way,542098781
Farrer Theatre,Theatre,,,,,,,,,51.4947788,-0.610685,way,575629636
Fastness,Theatre,,,,,,,,,51.0888455,-1.7873444,node,8381427064
Fat Cats Night Club And Bar,Nightclub,,,,,,,,,52.4276724,-1.5002049,node,2689876145
Fat Sams,Nightclub,,,,BA3 2DA,BA3 2DA,,,,51.2860233,-2.4811215,node,3206852545
Fenwick Hall,Arts centre,128,Willington Road,London,SW9 9NN,"128 Willington Road, London, SW9 9NN",,,,51.4636589,-0.1262831,way,45176853
Festival Theatre,Theatre,13 / 29,Nicolson Street,Edinburgh,EH8 9FT,"13 / 29 Nicolson Street, Edinburgh, EH8 9FT",,https://www.capitaltheatres.com/,+44 131 529 6000,55.9465677,-3.1864782,way,26564861
Fever,Nightclub,7-11,Wardwick,Derby,DE1 1HA,"7-11 Wardwick, Derby, DE1 1HA",,https://www.feverbars.co.uk/derby,+44 1332 224227,52.9220667,-1.4793244,way,116042877
Fever,Nightclub,,,,,,,https://www.feverbars.co.uk/banbury,,52.060949,-1.3388102,way,938780789
Fever,Nightclub,,High Street,Burton-on-Trent,DE14 1JP,"High Street, Burton-on-Trent, DE14 1JP",,,,52.8036239,-1.6292007,node,2712500398
Fever,Nightclub,,,,,,,,,52.306529,-1.9404242,node,2902089695
Fever,Nightclub,,,,,,,,,52.5861804,-1.978328,node,2946730903
Fever & Boutique,Nightclub,11,Penel Orlieu,Bridgwater,TA6 3PF,"11 Penel Orlieu, Bridgwater, TA6 3PF",,,,51.1273374,-3.0078717,way,131447027
Fever & Boutique,Nightclub,,Mary Arches Street,Exeter,EX4 3AZ,"Mary Arches Street, Exeter, EX4 3AZ",,,,50.7222085,-3.5343894,way,222032187
Fever & Boutique,Nightclub,,,,,,,https://www.feverbars.co.uk/barnstaple,,51.0789549,-4.0556908,way,1172305491
Fever & Boutique,Nightclub,280-281,High Street,Lincoln,LN2 1JG,"280-281 High Street, Lincoln, LN2 1JG",,https://feverlincoln.com/,+441522 525828,53.2306874,-0.5397768,node,5613320871
Fever & Boutique Macclesfield,Nightclub,,Pickford Street,Macclesfield,SK11 6JD,"Pickford Street, Macclesfield, SK11 6JD",,https://www.fevermacclesfield.com/,,53.2579297,-2.1247427,node,321995480
FEZ,Nightclub,2,Holland Street,Sheffield,S1 4NL,"2 Holland Street, Sheffield, S1 4NL",,,,53.3812937,-1.4765861,node,10138024710
Ffwrwm Art & Crafts Centre,Arts centre,,High Street,Newport,NP18 1AG,"High Street, Newport, NP18 1AG",,http://www.ffwrwm.co.uk/,+44 1633 430777,51.6088987,-2.9532407,node,6879495192
Fiction,Nightclub,,,,,,,,,51.5754368,0.182984,node,5370783367
Fiddlers Club,Nightclub,,Willway Street,Bristol,BS3 4BG,"Willway Street, Bristol, BS3 4BG",,,,51.4428934,-2.5923802,way,128872443
Field Mill,Stadium,,Quarry Lane,Mansfield,NG18 5DA,"Quarry Lane, Mansfield, NG18 5DA",9186,,,53.1380647,-1.2007323,way,27369292
Fielder Centre UH,Conference centre,,Hatfield Avenue,Hatfield,AL10 9TP,"Hatfield Avenue, Hatfield, AL10 9TP",,,,51.775436,-0.2490961,way,219843518
Fifth Province Productions,Arts centre,,,,,,,,,52.2680893,-0.3426744,way,905043824
Fillongley Social Club,Nightclub,,,,,,,,,52.4817234,-1.5890923,way,244662497
Filly and Flagon,Pub,12-14,Yorkersgate,Malton,YO17 7AB,"12-14 Yorkersgate, Malton, YO17 7AB",,,,54.1346677,-0.7972382,node,275209039
Film City Glasgow,Theatre,,,,,,,,,55.8566823,-4.3002875,relation,1229101
Finborough Theatre,Theatre,,,,,,50,https://www.finboroughtheatre.co.uk/,,51.4865378,-0.1900602,node,5105802355
Finchley Rugby Football Club,Stadium,,,,,,,https://www.pitchero.com/clubs/finchley/,,51.6068546,-0.169979,way,510474264
Fingers & Thumbs,Arts centre,37,Westgate,North Berwick,EH39 4AG,"37 Westgate, North Berwick, EH39 4AG",,http://fingersandthumbsnb.co.uk/,,56.0579169,-2.7257589,node,4755378821
Fingest Great Barn Opera,Theatre,5,Chequers Lane,"Fingest, Henley-on-THames",RG9 6QF,"5 Chequers Lane, Fingest, Henley-on-THames, RG9 6QF",,,,51.6177234,-0.8800406,node,13602998609
Finnebrogue House,Events venue,,Finnebrogue Road,Downpatrick,,"Finnebrogue Road, Downpatrick",,https://www.finnebrogue.co.uk/,,54.3521495,-5.7227193,way,1418630441
Fir Park Stadium,Stadium,,,Motherwell,ML1 2QN,"Motherwell, ML1 2QN",13742,,,55.780283,-3.9802414,way,193879599
Fire,Nightclub,39,Parry Street,London,SW8 1RT,"39 Parry Street, London, SW8 1RT",,https://www.firelondon.net/,+44 20 3242 0040,51.4849159,-0.1235484,way,331438863
Fire London,Nightclub,39,Parry Street,,,39 Parry Street,,https://www.firelondon.net/,,51.484479,-0.1241658,node,13577489801
Fire Station Creative,Arts centre,,Carnegie Drive,Dunfermline,KY12 7AN,"Carnegie Drive, Dunfermline, KY12 7AN",,https://www.firestationcreative.co.uk/,,56.0731641,-3.462451,way,429477153
Fire Works Studio,Arts centre,,,,,,,https://fireworkspots.com/,,55.8671136,-4.2627782,node,2266354862
Firefly,Nightclub,55,Swan Street,Loughborough,LE11 5BJ,"55 Swan Street, Loughborough, LE11 5BJ",,,,52.7729035,-1.2082965,node,11823005714
Firestone Studios,Arts centre,,,,,,,,,50.7112554,-1.2061555,node,6393343389
Firewater,Nightclub,1-5,Seagate,Dundee,DD1 2EG,"1-5 Seagate, Dundee, DD1 2EG",,,,56.4615782,-2.9678251,node,5024107186
Firhill Stadium,Stadium,80,Firhill Road,Glasgow,G20 7AL,"80 Firhill Road, Glasgow, G20 7AL",10887,https://ptfc.co.uk/,+44 141 579 1971,55.8814799,-4.2694904,way,193882835
First Direct Bank Arena,Theatre,,Merrion Way,Leeds,LS2 8BY,"Merrion Way, Leeds, LS2 8BY",,https://www.firstdirectarena.com/,+44 844 248 1585,53.8034582,-1.5421213,way,23161017
FirstChoice,Conference centre,,,,,,,,,51.8823499,-2.0749418,node,12068771206
Firstsite Gallery Colchester,Arts centre,,High Street,Colchester,CO1 1JH,"High Street, Colchester, CO1 1JH",,http://www.firstsite.uk.net/,,51.8888957,0.9060845,way,1493514787
Firth Hall,Events venue,,,,,,,,,53.3813261,-1.4886475,node,11272808279
Fishergate Point,Arts centre,1-3,,Nottingham,NG1 1GD,"1-3, Nottingham, NG1 1GD",,https://www.fishergatepoint.com/,,52.9510459,-1.1389335,way,292603013
Fishery Wharf folk/blues/arts venue.,Theatre,,,,,,,,,51.7442862,-0.4921658,node,4832593127
Five Towns Theatre,Theatre,,Pelham Street,Stoke-on-Trent,ST1 3LL,"Pelham Street, Stoke-on-Trent, ST1 3LL",,https://www.fivetownstheatre.org.uk,+44 1782 912986,53.0197716,-2.1690439,way,556817973
Flame,Nightclub,58,Wellington Street,Luton,LU1 2QH,"58 Wellington Street, Luton, LU1 2QH",,,,51.878366,-0.4190078,node,4193618019
Flares,Nightclub,6,Tanner Row,York,YO1 6JB,"6 Tanner Row, York, YO1 6JB",,https://www.flaresbars.co.uk/york,,53.9587835,-1.0867841,node,27497661
Flares,Nightclub,4-5,Hall Gate,Doncaster,DN1 3LU,"4-5 Hall Gate, Doncaster, DN1 3LU",,https://www.flaresbars.co.uk/doncaster,+44 1302 349 646,53.522814,-1.1316583,way,33201032
Flares,Nightclub,33,Mosley Street,Newcastle upon Tyne,NE1 1YF,"33 Mosley Street, Newcastle upon Tyne, NE1 1YF",,https://www.flaresbars.co.uk/newcastleupontyne,,54.9706257,-1.6116361,node,102817269
Flares,Nightclub,,Mathew Street,Liverpool,L2 6RE,"Mathew Street, Liverpool, L2 6RE",,https://www.flaresbars.co.uk/liverpool,,53.4062529,-2.9877617,node,10234611884
Flares / Popworld,Nightclub,7,Albert Road,Middlesbrough,TS1 1PQ,"7 Albert Road, Middlesbrough, TS1 1PQ",,https://www.flaresbars.co.uk/middlesbrough,,54.5779085,-1.2345812,way,1125523286
Flash Musicals Youth Theatre,Theatre,,,,,,,,,51.6079623,-0.2810234,way,529178668
Flax Art Studios,Arts centre,,North Street,Belfast,,"North Street, Belfast",,,,54.600972,-5.9285363,node,13845815809
Fleece Inn,Pub,,The Cross,Evesham,WR11 7JE,"The Cross, Evesham, WR11 7JE",,https://thefleeceinn.co.uk/,,52.0920229,-1.8653416,way,233305947
Fletchers,Events venue,,,,,,,,,52.9500795,-1.1450302,way,849511744
Flitwick Football Centre,Stadium,,Ampthill Road,Flitwick,MK45 1BA,"Ampthill Road, Flitwick, MK45 1BA",,,,52.0159539,-0.5004443,way,339587148
Flixton Academy of Perfoming Arts,Theatre,,,,,,,http://www.flixtonacademy.com,+44 161 748 5994,53.4516346,-2.3658556,way,525407105
Flixton House,Events venue,,,,,,,,,53.4456903,-2.3835599,way,494884620
Floral Pavilion,Theatre,,,,,,,,,53.4399034,-3.0391177,way,154405746
Floral Pavillion,Theatre,2,Esplanade,Bridlington,YO15 2PB,"2 Esplanade, Bridlington, YO15 2PB",,,,54.0825842,-0.1868731,node,3192157453
Florians Theatre,Theatre,,Bught Drive,Inverness,IV3 5ST,"Bught Drive, Inverness, IV3 5ST",,https://www.florians.org.uk/,,57.4644522,-4.2375443,way,112003538
Flowerfield Arts Centre,Arts centre,,,,,,,,,55.1711577,-6.7081108,way,611666782
Fluid,Nightclub,,,,,,,,,53.6875785,-1.8394363,way,909596985
Flying Horse Lawn,Events venue,,,,,,,https://sites.google.com/view/flying-horse-lawn/home,,53.3791672,-1.5601373,node,12616134252
FM Karaoke and Disco Club,Nightclub,184,Uxbridge Road,London,,"184 Uxbridge Road, London",,https://fm-karaoke-disco-club.edan.io/,+44 20 8811 2807,51.5054204,-0.2253123,node,8648598322
FOLD,Nightclub,,Stephenson Street,London,E16 4SA,"Stephenson Street, London, E16 4SA",,https://www.fold.london/,,51.5190727,0.0039193,node,12043434971
Folk House,Arts centre,40a,Park Street,Bristol,BS1 5JG,"40a Park Street, Bristol, BS1 5JG",,https://www.bristolfolkhouse.co.uk/,+44 117 926 2987,51.4544686,-2.601558,way,105564925
FolkEast,Events venue,,,,,,,https://folkeast.co.uk/,,52.1812136,1.4247758,node,6796255213
Folkerton Mill,Events venue,,Tower Road,Lanark,ML11 9PB,"Tower Road, Lanark, ML11 9PB",,https://www.folkertonmillweddings.co.uk/,,55.6033537,-3.8156558,way,1185985746
Folkestone Quarterhouse,Theatre,49,Tontine Street,,,49 Tontine Street,,,,51.0811573,1.1832231,way,961709946
Folly Theatre,Theatre,,,,,,,,,51.7432978,-4.7318003,node,4343324229
Fontwell House,Events venue,,,,,,,,,50.8555379,-0.6534753,way,1335004491
Fords of Winsford North Stand,Stadium,,,,,,,,,53.4698972,-2.3745589,way,532632442
Forest Arts Centre,Theatre,,Old Milton Road,New Milton,BH25 6DS,"Old Milton Road, New Milton, BH25 6DS",,https://www.hampshireculturaltrust.org.uk/forest-arts-centre,+44 1425 619983,50.7478222,-1.6618418,node,1127148343
Forest Sessions,Theatre,,,,,,,,,51.8450792,-1.9700278,way,1301390054
Forest Theatre,Theatre,,,,,,,,,53.1817218,-4.1950116,way,1423106665
Forgan Arts Centre,Arts centre,59,Kirk Road,Newport-on-Tay,DD6 8JB,"59 Kirk Road, Newport-on-Tay, DD6 8JB",,https://www.forganartscentre.co.uk/,,56.4315726,-2.9508221,way,1075414819
Formby Little Theatre,Theatre,,,,,,,,,53.5579195,-3.0635153,node,4563704673
Forrest Hills,Events venue,,Hazelrigg Lane,Lancaster,LA2 0PL,"Hazelrigg Lane, Lancaster, LA2 0PL",,,,54.0077285,-2.7717184,way,255562561
Forthbank Stadium,Stadium,,,Stirling,FK7 7UJ,"Stirling, FK7 7UJ",,,,56.1191118,-3.9120241,way,193890744
Fortune Theatre,Theatre,,Russell Street,London,WC2B 5HH,"Russell Street, London, WC2B 5HH",,https://www.thefortunetheatre.com,,51.5133165,-0.1208862,way,80207930
FortyFive Cafe,Cafe,29,Micklegate,York,YO1 6JH,"29 Micklegate, York, YO1 6JH",,https://www.fortyfiveuk.com,,53.9571869,-1.0863946,node,5073603342
Fosters Grandstand,Stadium,,,,,,,,,51.4866957,-3.1906109,way,971194322
Foundry,Nightclub,1,Marcus Ward Street,Belfast,BT7 1DH,"1 Marcus Ward Street, Belfast, BT7 1DH",,,,54.5922126,-5.9310861,way,492283294
Fourteen87,Events venue,7,Catford Broadway,London,SE6 4SP,"7 Catford Broadway, London, SE6 4SP",,,,51.4450477,-0.0224024,way,771351180
Foxhall Stadium,Stadium,,,,,,,http://www.spedeworth.co.uk/venue.php?name=Ipswich,,52.0544565,1.2250892,way,246222897
Foxlowe Arts Centre,Arts centre,,,,,,,https://www.foxloweartscentre.org.uk/,,53.106895,-2.0251599,way,507867653
Frank & Stein,Nightclub,18-20,Silver Street,Doncaster,DN1 1HQ,"18-20 Silver Street, Doncaster, DN1 1HQ",,,,53.5231784,-1.1316659,node,5103939905
Fratton Park,Stadium,,Frogmore Road,Portsmouth,PO4 8RA,"Frogmore Road, Portsmouth, PO4 8RA",21100,https://www.portsmouthfc.co.uk/,,50.79637,-1.0638751,way,12357544
Frazer Theatre,Theatre,,,,,,,,,54.0085679,-1.4656757,node,469342935
Freedom Mills,Nightclub,,,,,,,,,53.8013662,-1.5713342,node,13169328202
Freedom Works,Arts centre,,,,,,,,,52.2670955,1.5070891,way,724187737
French Street Studios,Arts centre,,,,,,,https://www.strangefield.org,,55.8417353,-4.2224582,node,9102265075
Frenzy Drama,Arts centre,,,Derby,DE24 9HL,"Derby, DE24 9HL",,,,52.8873033,-1.4866398,node,13132456166
Friar Lane and Epworth Football Club,Stadium,,,,,,,,,52.6080043,-1.1311864,way,263801169
Friargate Theatre,Theatre,,Lower Friargate,York,YO1 9SL,"Lower Friargate, York, YO1 9SL",,https://ridinglights.org/,,53.9565108,-1.0822845,node,1415945862
Frickley AFC,Stadium,,Westfield Lane,Pontefract,WF9 2EQ,"Westfield Lane, Pontefract, WF9 2EQ",,,,53.5880005,-1.2922712,way,971871551
Frodsham Arts Centre,Arts centre,,,Frodsham,WA6 6SE,"Frodsham, WA6 6SE",,,,53.2930916,-2.7293866,way,338464879
Frog & Bucket,Theatre,102,Oldham Street,Manchester,M4 1LJ,"102 Oldham Street, Manchester, M4 1LJ",,,,53.484481,-2.2327137,node,3050439633
Front Room,Theatre,,,,,,,,,51.3455769,-2.9787236,node,11514578205
FSC Club,Events venue,,,,,,,,,53.4898125,-2.2346655,way,248754042
Fuel,Nightclub,6,Baker Street,Hull,HU2 8HP,"6 Baker Street, Hull, HU2 8HP",,https://www.fuel-hull.co.uk/,,53.7472693,-0.3432485,way,1151207788
Fulham Old Town Hall,Events venue,,,,,,,,,51.4798359,-0.1947217,way,113430586
Funeral Church,Events venue,,Church Street,Antrim,,"Church Street, Antrim",,,,54.7140924,-6.2133799,way,688720147
funkymojoe,Nightclub,,,,,,,,,51.5969663,0.0212215,node,2367507978
Funny Girls,Theatre,,Dickson Road,Blackpool,FY1 2AX,"Dickson Road, Blackpool, FY1 2AX",,http://www.funnygirlsonline.co.uk/,,53.8214071,-3.0513778,way,146613556
Furness Building Society Stadium,Stadium,,Wilkie Road,Barrow-in-Furness,LA14 5UW,"Wilkie Road, Barrow-in-Furness, LA14 5UW",,https://www.barrowafc.com/,,54.1232465,-3.2350642,way,386844694
Fusion,Nightclub,,,,,,,,,53.723058,-1.8625774,node,3662361234
Fusion Arts (unit CE),Arts centre,,,,,,,,,50.7494213,-1.2749988,node,13801814662
Fusion Arts Academy,Arts centre,,,,,,,,,50.7490662,-1.27428,node,13801814672
Fusion Sports Bar & Night Club,Nightclub,22,Saint James's Street,Nottingham,NG1 6FG,"22 Saint James's Street, Nottingham, NG1 6FG",,,,52.9529465,-1.1526037,node,2204800759
FusionArts,Arts centre,15,Park End Street,Oxford,OX1 1HH,"15 Park End Street, Oxford, OX1 1HH",,https://fusion-arts.org/,+441865245735,51.7528436,-1.2668492,node,12909519744
Future Makers,Events venue,,,Nottingham,NG2 4DH,"Nottingham, NG2 4DH",,,,52.9460003,-1.1250435,way,260502408
Future Yard,Events venue,75,Argyle Street,Birkenhead,CH41 6AB,"75 Argyle Street, Birkenhead, CH41 6AB",,https://futureyard.org/,,53.391192,-3.0185411,way,995252728
FØRGE,Music venue,148,Effingham Road,Sheffield,S4 7ZB,"148 Effingham Road, Sheffield, S4 7ZB",,,,53.3874815,-1.4483618,way,173586129
G Live,Theatre,,London Road,Guildford,GU1 2AA,"London Road, Guildford, GU1 2AA",,,,51.2384088,-0.5662173,way,25801519
G. W. Annenberg Performing Arts Centre,Theatre,,,,,,900,,,51.3626062,-0.8050044,way,827482695
G82 The Club,Nightclub,,,,,,,,,55.9437748,-4.5733407,node,11587675865
Gabs,Nightclub,,,,,,,,,52.0820225,-4.6589894,way,550723885
Gaer Inn,Pub,37,Gaer Road,Newport,NP20 3GY,"37 Gaer Road, Newport, NP20 3GY",,https://www.gaerinn.co.uk/index,+44 1633 246 066,51.5761582,-3.0188866,node,9863013737
Gaiety Theatre,Theatre,,Carrick Street,Ayr,KA7 1NU,"Carrick Street, Ayr, KA7 1NU",,https://www.ayrgaiety.co.uk/,+44 1292 288235,55.4613967,-4.6315821,way,359183837
Gainford Arts Centre,Arts centre,,,,,,,,,54.5468008,-1.7358819,way,1226870612
Gala Theatre,Theatre,1-2,,Durham,DH1 1WA,"1-2, Durham, DH1 1WA",,,,54.7783998,-1.5748416,way,334673683
Galabank,Stadium,,North Street,Annan,DG12 5DQ,"North Street, Annan, DG12 5DQ",2500,https://www.annanathleticfc.com/,,54.9947382,-3.2613011,way,194030238
Galeri,Theatre,,Balaclafa,Caernarfon,LL55 1SQ,"Balaclafa, Caernarfon, LL55 1SQ",,https://www.galericaernarfon.com/,,53.1433139,-4.2752136,way,296085260
Galeri 3B,Arts centre,,,,,,,,,53.0456842,-2.9950581,way,283102453
Gallery 45,Arts centre,45,Main Street,Morpeth,NE65 9PP,"45 Main Street, Morpeth, NE65 9PP",,https://www.feltongallery45.co.uk/,,55.298159,-1.7109378,node,2195757903
Galvanizers,Events venue,100,Eastvale Place,Glasgow,G3 8QG,"100 Eastvale Place, Glasgow, G3 8QG",,https://swg3.tv/our-spaces/galvanizers/,,55.8646748,-4.2993429,node,12078998629
Galvanizers Yard,Events venue,100,Eastvale Place,Glasgow,G3 8QG,"100 Eastvale Place, Glasgow, G3 8QG",,https://swg3.tv/our-spaces/galvanizers-yard/,,55.8645317,-4.29882,node,12078998604
Gardyne Theatre,Theatre,,Gardyne Road,Dundee,DD5 1NY,"Gardyne Road, Dundee, DD5 1NY",,https://www.gardynetheatre.org.uk/,,56.4724076,-2.9115501,node,5414558313
Garibaldi's,Nightclub,97A,Hanover Street,Edinburgh,EH2 1DJ,"97A Hanover Street, Edinburgh, EH2 1DJ",,,,55.9544524,-3.1974522,node,2100295821
Garrick,Theatre,2,Charing Cross Road,London,WC2H 0HH,"2 Charing Cross Road, London, WC2H 0HH",,https://www.nimaxtheatres.com/nimax/garrick,,51.5099986,-0.1278692,way,149173464
Garrison Stadium,Stadium,,,,,,,,,51.3901155,0.5361409,way,1352535733
Garrison Theatre,Theatre,,Market Street,Shetland,ZE1 0JN,"Market Street, Shetland, ZE1 0JN",,,,60.1550579,-1.1459402,way,71005588
Garsington Opera,Theatre,,,,,,,,,51.6436407,-0.9326317,way,1095025543
Gate 1,Stadium,,,,,,,,,51.4787861,-3.1843487,way,794515267
Gate 2,Stadium,,,,,,,,,51.4792726,-3.1818716,way,794496547
Gate 3,Stadium,,,,,,,,,51.4790483,-3.1816999,way,794496545
Gate 6,Stadium,,,,,,,,,51.4772258,-3.1823042,way,973627084
Gate 7,Stadium,,,,,,,,,51.4771303,-3.1825524,way,794506583
Gatehouse Theatre,Theatre,,Eastgate Street,,ST16 2LT,"Eastgate Street, ST16 2LT",,https://www.staffordgatehousetheatre.co.uk,,52.8072291,-2.1157417,way,127091712
Gateshead International Stadium,Stadium,,Neilson Road,Gateshead,NE10 0EF,"Neilson Road, Gateshead, NE10 0EF",,https://www.gateshead.gov.uk/Leisure%20and%20Culture/Sports-and-fitness/Leisure-centres/Gateshead-International-Stadium/home.aspx,+44 191 433 5700,54.9609861,-1.579919,way,93459787
GATHER,Events venue,,,,,,,https://dolphinshoppingcentre.co.uk/meet-gather/,,50.7179717,-1.9803837,way,687129270
Gather,Events venue,,,,,,,https://thebeaconeastbourne.com/gather/,,50.7695186,0.2845019,way,1305577366
Gayfield Park,Stadium,,,Arbroath,DD11 1QJ,"Arbroath, DD11 1QJ",5900,,,56.5523371,-2.5914361,way,126776229
GBar,Nightclub,1-7,Eberle Street,Liverpool,L2 2AG,"1-7 Eberle Street, Liverpool, L2 2AG",,,,53.4080204,-2.9898438,way,1115561667
Gemini,Nightclub,,,,,,,,,55.5979159,-2.4347942,way,115718887
General Assembly Hall,Theatre,,,,,,,,,55.9492005,-3.1948998,way,43365583
Genting Casino,Nightclub,,Norfolk Road,Birmingham,B15 3PS,"Norfolk Road, Birmingham, B15 3PS",,,,52.4712783,-1.9434558,way,85489782
Geoffrey Watling City Stand,Stadium,,,,NR1 1JE,NR1 1JE,,,,52.6224041,1.3087123,relation,2450990
Geoffrey Whitworth Theatre,Theatre,,Beech Walk,Crayford,DA1 4NP,"Beech Walk, Crayford, DA1 4NP",,https://www.thegwt.org.uk/,+44 1322 526390,51.4551441,0.1904535,way,771305335
George Fox Stand,Stadium,,,,,,,,,56.4750631,-2.9686268,way,84499353
George Street Chapel,Events venue,58,George Street,Oldham,OL1 1LS,"58 George Street, Oldham, OL1 1LS",,,,53.5403587,-2.1161908,node,10003180542
George Wood Theatre,Theatre,,,,,,,,,51.4741461,-0.0367589,node,1686509056
Georgian Theatre Royal,Theatre,,Victoria Road,,,Victoria Road,,,,54.4040672,-1.7379431,way,315482181
Georgie School of Theatre Arts,Arts centre,,Barncliffe Mills,Huddersfield,HD8 8LU,"Barncliffe Mills, Huddersfield, HD8 8LU",,,+44 1484 606994,53.5911483,-1.6873906,node,4970388529
Giant Axe,Stadium,,West Road,Lancaster,LA1 5PE,"West Road, Lancaster, LA1 5PE",,,,54.0510563,-2.8108999,way,554246628
Gibsons,Nightclub,,,,,,,,,52.8598583,-3.056122,way,171501259
Gidea Park Lawn Tennis Club,Stadium,,,,,,,,,51.5874642,0.1946964,way,202827861
Gielgud Theatre,Theatre,35,Shaftesbury Avenue,London,W1D 6AR,"35 Shaftesbury Avenue, London, W1D 6AR",,https://www.delfontmackintosh.co.uk/Theatres/gielgud_theatre.php,,51.5118894,-0.1331069,way,149173466
Gigg Lane,Stadium,,Gigg Lane,Bury,BL9 9HR,"Gigg Lane, Bury, BL9 9HR",11840,,,53.580496,-2.2949167,way,4946900
Gillian Lynne Theatre,Theatre,,Drury Lane,London,WC2B 5PW,"Drury Lane, London, WC2B 5PW",,https://lwtheatres.co.uk/theatres/gillian-lynne/,,51.5154151,-0.1226885,way,278113372
Gilllford Park,Stadium,,,,,,,,,54.8768702,-2.9169494,way,333587343
GL Fifty,Events venue,,,,,,,,,51.8976777,-2.0823989,node,13668150009
Gladstone Lodge,Events venue,,Market Street,Ilkeston,DE7 5QU,"Market Street, Ilkeston, DE7 5QU",,,,52.9695485,-1.3081376,way,575717630
Gladstone Theatre,Theatre,,,,,,,https://gladstonetheatre.org.uk/,,53.3483328,-2.9972416,way,252593628
Glamorous,Nightclub,15,St Clements Street,Oxford,OX4 1AB,"15 St Clements Street, Oxford, OX4 1AB",,https://glamorous.bar/locations/oxford/,,51.7503509,-1.2436713,way,988834884
Glamorous,Nightclub,,,,,,,,,52.474835,-1.8978226,node,2556578556
Glanford Park,Stadium,,Jack Brownsword Way,Scunthorpe,DN15 8TD,"Jack Brownsword Way, Scunthorpe, DN15 8TD","9,088",,,53.5867184,-0.6953229,way,114443726
Glasgow Royal Concert Hall,Music venue,,,,G2 3NY,G2 3NY,,,,55.8645462,-4.2530534,way,58705089
Glasgow Theatre And Arts Collective,Arts centre,7,Water Row,,,7 Water Row,,,,55.8634211,-4.3115048,node,9113056070
Glasgow's Grand Ole Opry,Theatre,2-4,Govan Road,Glasgow,G51 1HS,"2-4 Govan Road, Glasgow, G51 1HS",,https://glasgowsgrandoleopry.co.uk/wp/,,55.854013,-4.2785239,way,133868709
Glassbox Theatre,Events venue,,Medway Road,Gillingham,ME7 1FN,"Medway Road, Gillingham, ME7 1FN",,https://www.glassboxtheatre.com/about,,51.3933759,0.5413646,node,12329726055
Glasshouse (UCA Farnham),Events venue,,,Farnham,,Farnham,,https://ucasu.com/activities/glasshouse/,,51.2154479,-0.8048856,node,13075061402
Glaziers Hall,Events venue,9,Montague Close,London,SE1 9DD,"9 Montague Close, London, SE1 9DD",,https://www.glaziershall.co.uk/,,51.5065991,-0.0887491,node,9919391532
Glebe Park,Stadium,30,Trinity Road,Brechin,DD9 6BJ,"30 Trinity Road, Brechin, DD9 6BJ",3690,,,56.7352796,-2.6566408,way,63358762
Glee Club,Theatre,,Stuart Street,Cardiff,CF10 5BZ,"Stuart Street, Cardiff, CF10 5BZ",,https://www.glee.co.uk/cardiff/,+44 871 472 0400,51.4634269,-3.1652972,node,8294380446
Glen Urquhart Public Hall,Theatre,,,,IV63 6UG,IV63 6UG,,http://www.glenurquhart.info/,,57.3305805,-4.4794133,node,846479745
Glenada,Conference centre,,,,,,,,,54.2015797,-5.8918634,node,6943571384
Glenalla Hall,Events venue,,Glenalla Road,Llanelli,SA15 1EG,"Glenalla Road, Llanelli, SA15 1EG",,,,51.6840288,-4.1504378,way,1199260451
Glitter Ball,Nightclub,,,,,,,,,54.9040014,-1.3854965,node,6532293189
Global Energy Stadium,Stadium,,,,,,,,,57.5958911,-4.4190827,way,652521632
Gloves Off,Nightclub,,,,,,,https://ra.co/clubs/214070,,51.5470634,-0.0480953,way,1208113608
Glue Factory,Events venue,22,Farnell Street,Glasgow,G4 9SE,"22 Farnell Street, Glasgow, G4 9SE",,https://agile-city.com/building/glue-factory/,,55.8741602,-4.2598203,node,12384888264
Glyn Clydach Hotel,Events venue,,Longford Road,Neath,SA10 7AJ,"Longford Road, Neath, SA10 7AJ",,https://www.glynclydach.co.uk/,+441792 818411,51.6769446,-3.8284838,node,1346274015
Glyndebourne Opera House,Theatre,,,,,,,https://www.glyndebourne.com/,,50.8781083,0.0640803,way,189419830
GMB Banqueting Hall,Events venue,,,,,,,,,53.4579164,-2.2040307,way,1188099592
Godmanchester Rovers F.C.,Events venue,,,,,,,https://www.godmanchesterroversfc.co.uk/,,52.3093535,-0.1614284,way,337350724
Golden Bee,Nightclub,,,,,,,,,51.5260118,-0.0850337,node,4492486547
Golden Craftery,Arts centre,78,Gainsborough Avenue,Oldham,OL8 1AJ,"78 Gainsborough Avenue, Oldham, OL8 1AJ",,https://www.goldencraftery.com/,,53.5299746,-2.1201964,node,13041213742
Golden Lion,Pub,244,Gloucester Road,Bristol,BS7 8NZ,"244 Gloucester Road, Bristol, BS7 8NZ",,,+44 117 924 6449,51.4798959,-2.5896399,way,268178780
Golden Lion Inn,Pub,,Fielden Square,Todmorden,OL14 6LZ,"Fielden Square, Todmorden, OL14 6LZ",,,,53.7121325,-2.0985865,way,102852060
Goldenacre,Stadium,,,,,,,,,55.9688283,-3.2055942,way,1165893665
Golf Fang,Nightclub,42,Heath Mill Lane,Birmingham,B9 4AR,"42 Heath Mill Lane, Birmingham, B9 4AR",,,,52.4759568,-1.8833159,way,137322607
Goodison Park,Stadium,,Goodison Road,Liverpool,L4 4EL,"Goodison Road, Liverpool, L4 4EL",40569,,,53.4388132,-2.9662474,way,154716043
Gordon Aikman Lecture Theatre,Theatre,32,George Square,Edinburgh,EH8 9LH,"32 George Square, Edinburgh, EH8 9LH",,,,55.942864,-3.1881192,way,5325197
Gordon Craig Theatre,Theatre,,Lytton Way,Stevenage,SG1 1LZ,"Lytton Way, Stevenage, SG1 1LZ",,https://everyonetheatres.com/,+44 1438 363200,51.9021525,-0.2055987,node,12387341245
Gorgeous,Nightclub,,School Street,Wolverhampton,WV1 4LF,"School Street, Wolverhampton, WV1 4LF",,,,52.5844905,-2.1315697,node,244561096
Gorilla Beer Hall,Pub,,Glasshouse Lane,Mexborough,S64 9HU,"Glasshouse Lane, Mexborough, S64 9HU",,,,53.4920323,-1.2914343,way,1302243045
Gorseinon Centre,Events venue,,Millers Drive,Gorseinon,SA4 4QN,"Millers Drive, Gorseinon, SA4 4QN",,https://www.gdt.org.uk/canolfannew.html,+44 1792 897 657,51.6661549,-4.0375708,node,8526410726
Gosforth Civic Theatre,Theatre,,Regent Farm Road,Newcastle upon Tyne,NE3 3HD,"Regent Farm Road, Newcastle upon Tyne, NE3 3HD",,https://www.newcastle.gov.uk/communities-and-neighbourhoods/births-deaths-and-marriages/wedding-and-ceremony-venues-newcastle/gosforth-civic-hall,,55.0103482,-1.621408,way,297649975
Gossip,Nightclub,5,Hope Street,Stoke-on-Trent,ST1 5BT,"5 Hope Street, Stoke-on-Trent, ST1 5BT",,https://gossipstoke.co.uk/,,53.0276259,-2.1780814,way,1383650515
Gotg,Events venue,152,Station Road,London,E4 6AN,"152 Station Road, London, E4 6AN",,https://www.gotgevents.com/,,51.6337891,0.0098128,way,680295880
Grace Gentleman's Club,Nightclub,51 - 52,North Street,Brighton,BN1 1RH,"51 - 52 North Street, Brighton, BN1 1RH",,,,50.8232549,-0.142437,node,6408554943
Grace Hall,Events venue,147,Leadenhall Street,London,EC3V 4QT,"147 Leadenhall Street, London, EC3V 4QT",,,,51.5135099,-0.0832315,node,692162587
Graig Park,Stadium,,Tylacelyn Road,Penygraig,CF40 1JR,"Tylacelyn Road, Penygraig, CF40 1JR",,https://penygraig.rfc.wales/,+44 1443 432 830,51.617533,-3.4475529,way,526866781
Grand Central,Nightclub,,Carmondean Centre Road,Livingston,EH54 8PT,"Carmondean Centre Road, Livingston, EH54 8PT",,https://www.grandcentral1.co.uk/,+44 1506 443254,55.9016715,-3.5445145,way,215306337
Grand Central,Nightclub,22,Silver Street,Doncaster,DN1 1HQ,"22 Silver Street, Doncaster, DN1 1HQ",,https://www.kookydoncaster.co.uk/,,53.5232692,-1.1315667,node,5103939897
Grand Opera House,Theatre,2-4,Great Victoria Street,Belfast,BT2 7HR,"2-4 Great Victoria Street, Belfast, BT2 7HR",,https://www.goh.co.uk/,,54.5953864,-5.9352387,way,488274000
Grand Opera House,Theatre,,Cumberland Street,York,YO1 9SW,"Cumberland Street, York, YO1 9SW",,,,53.9571348,-1.0822816,node,1415945880
Grand Palace Banqueting Suite,Events venue,242,High Road,London,N22 8JX,"242 High Road, London, N22 8JX",,https://grandpalace.co.uk/,,51.6007819,-0.1111404,node,2689565903
Grand River Suite,Events venue,,Meadow Road,Derby,DE1 2BH,"Meadow Road, Derby, DE1 2BH",,https://grandriversuite.co.uk/,+44 1332 292221,52.9215189,-1.4654995,node,6357014596
Grand Station Wedding Venue,Events venue,,,,,,,,,52.5878692,-2.1183953,node,5800511456
Grand Theatre,Theatre,,St Leonard's Gate,Lancaster,LA1 1NL,"St Leonard's Gate, Lancaster, LA1 1NL",,https://www.lancastergrand.co.uk,,54.0501336,-2.7966952,way,49219547
Grand Theatre,Theatre,,Lichfield Street,Wolverhampton,WV1 1DE,"Lichfield Street, Wolverhampton, WV1 1DE",,https://www.grandtheatre.co.uk/,,52.5864197,-2.1241936,way,118437503
Grand Theatre,Theatre,,Church Street,Blackpool,FY1 1HT,"Church Street, Blackpool, FY1 1HT",,,,53.8172295,-3.053308,way,212855703
Grandstand,Stadium,,,,,,,,,51.4725204,-3.2037713,way,191648500
Grange Festival,Theatre,,,Alresford,SO24 9TG,"Alresford, SO24 9TG",,,,51.1218664,-1.1988162,way,118242889
Grange Social Club,Nightclub,11;13,Broad Road,Birmingham,B27 7UZ,"11;13 Broad Road, Birmingham, B27 7UZ",,,,52.4471489,-1.8282141,way,57935318
Grange Stand (Family Stand),Stadium,,,,,,,,,51.4721731,-3.202447,way,191648494
Grangemouth Stadium,Stadium,,,,FK3 0EE,FK3 0EE,,,,56.0056743,-3.7073294,way,57204527
Grasmere Showground,Exhibition centre,,,,,,,,,54.456972,-3.0188691,way,558087836
Graves Art Gallery,Arts centre,,,,,,,https://www.sheffieldmuseums.org.uk/visit-us/graves-gallery/,,53.3800811,-1.4669125,way,175572753
Gravesend & District Theatre Guild,Arts centre,,Vale Road,Gravesend,DA11 8BZ,"Vale Road, Gravesend, DA11 8BZ",,https://gravesendtheatreguild.org,,51.4359865,0.3424372,way,986667571
Great Barr Conservative Club,Nightclub,6A,Newton Road,,B43 6BN,"6A Newton Road, B43 6BN",,https://www.greatbarrcons.co.uk/,,52.5454088,-1.9344464,node,2142641275
Great Oak Hall,Events venue,,,,,,,,,51.60792,-2.219725,way,135961043
Great Tythe Barn & Tythe House,Events venue,,,,,,,,,51.634614,-2.1524374,way,1242543185
Great Yarmouth Stadium,Stadium,,,,,,,,,52.6371996,1.7279126,way,207467577
Green and Away,Events venue,,The Fold,Bransford,WR6 5JB,"The Fold, Bransford, WR6 5JB",,https://www.greenandaway.org/,+441886357089,52.1745666,-2.2980929,node,12981895835
Green Belt Festival,Events venue,,,,,,,https://www.greenbelt.org.uk/,,52.4216045,-0.6828792,node,11147860401
Green House,Nightclub,,Golden Square,Berwick-Upon-Tweed,TD15 1BG,"Golden Square, Berwick-Upon-Tweed, TD15 1BG",,,,55.7700687,-2.0061427,node,12135540216
Green Room Theatre,Theatre,,Reigate Road,Dorking,RH4 1SG,"Reigate Road, Dorking, RH4 1SG",,,,51.2339478,-0.3254196,node,6871649196
GreenAcres Chiltern,Events venue,,Potkiln Lane,Beaconsfield,HP9 2XB,"Potkiln Lane, Beaconsfield, HP9 2XB",,https://www.greenacresgroup.co.uk/park/chiltern/,,51.6010536,-0.6076706,node,6710063972
Greentop Circus Centre,Theatre,,,,,,,,,53.4066755,-1.4321089,way,102999479
Greenwich Borough Hall,Events venue,,Royal Hill,London,SE10 8RE,"Royal Hill, London, SE10 8RE",,https://www.greenwichboroughhall.com/,,51.4777752,-0.0106457,way,160661241
Greenwich Theatre,Theatre,,Crooms Hill,London,SE10 8ES,"Crooms Hill, London, SE10 8ES",,,,51.4794627,-0.0076417,way,1075176773
Greyfriars House,Events venue,,Hog's Back,,GU3 1AD,"Hog's Back, GU3 1AD",,https://www.greyfriarshouse.co.uk/,,51.2261917,-0.6467833,way,1218035560
Greys Club,Nightclub,,Grey Street,Newcastle upon Tyne,NE1 6EE,"Grey Street, Newcastle upon Tyne, NE1 6EE",,,,54.9711319,-1.611608,node,8735078317
Griffon Rooms,Events venue,,,,,,,,,51.2072513,-1.5622721,node,8231310240
Grimsby Auditorium,Theatre,,Cromwell Road,Grimsby,DN31 2BH,"Cromwell Road, Grimsby, DN31 2BH",,https://grimsbyauditorium.org.uk/,+44 3003 000 035,53.5683597,-0.113363,way,207080353
Grimsby Central Hall,Theatre,,Duncombe Street,Grimsby,DN32 7EG,"Duncombe Street, Grimsby, DN32 7EG",,https://www.centralhallgrimsby.org.uk/,+44 1472 355 025,53.5707871,-0.0731787,node,12405171621
Grittenham Barn,Events venue,,,,GU28 0PG,GU28 0PG,,,,50.9852977,-0.6599966,way,435675655
Groove,Nightclub,1A,Church Walk,Chesterfield,S40 1XR,"1A Church Walk, Chesterfield, S40 1XR",,,,53.2367285,-1.4245918,node,5438601228
Groundlings Theatre,Theatre,42,Kent Street,Portsmouth,PO1 3BS,"42 Kent Street, Portsmouth, PO1 3BS",,https://www.groundlings.co.uk/,,50.7981075,-1.1027845,way,71474519
Grove of Narberth,Events venue,,,Haverfordwest,SA67 8BX,"Haverfordwest, SA67 8BX",,https://grovenarberth.co.uk/,+44 1834 860 915,51.7825829,-4.7653055,node,12758212368
Grove Park Theatre,Theatre,,Hill Street,Wrexham,LL11 1SN,"Hill Street, Wrexham, LL11 1SN",,https://groveparktheatre.co.uk/,+44 1978351091,53.0461287,-2.996419,way,895763925
Grove Theatre,Theatre,,Court Drive,Dunstable,LU5 4GP,"Court Drive, Dunstable, LU5 4GP",,,,51.8906343,-0.5220817,node,291304832
Gtech Community Stadium,Stadium,,Lionel Road,Brentford,TW8 0NT,"Lionel Road, Brentford, TW8 0NT",17500,http://www.brentfordfc.co.uk,,51.4907736,-0.288994,way,703196592
Guild Hall,Events venue,,High Street,Windsor,SL4 1LR,"High Street, Windsor, SL4 1LR",,,,51.4821635,-0.6070515,way,123509302
Guildford Bandstand,Bandstand,,,,,,,,,51.2340074,-0.5713194,way,1298163908
Guildhall,Arts centre,,,,,,,,,52.6829265,-1.8270639,way,151889765
Guildhall Arts Centre,Arts centre,,St Peter's Hill,Grantham,NG31 6PY,"St Peter's Hill, Grantham, NG31 6PY",,,,52.9107057,-0.6401816,way,219905905
Guinness Vaults,Events venue,,,,,,,,,51.5133749,-0.1248348,node,13461061542
Guiseley Theatre,Theatre,,The Green,,,The Green,,,,53.8719801,-1.7070527,way,261510792
Gulbenkian Theatre,Theatre,,Giles Lane,Canterbury,CT2 7NB,"Giles Lane, Canterbury, CT2 7NB",,https://thegulbenkian.co.uk,,51.2983558,1.0694022,way,221495617
Gundolf House,Events venue,,Wolverhampton Road,,,Wolverhampton Road,,https://www.alternativevenueswm.co.uk/venue/gundolf-house/,+44 121 274 2233,52.4830853,-2.0145226,node,12950280378
Gwatkin Red Cow,Events venue,,Moorhampton Park Farm,Abbey Dore,HR2 0AL,"Moorhampton Park Farm, Abbey Dore, HR2 0AL",,https://www.gwatkinredcow.co.uk,,52.0018176,-2.9084651,way,1306406755
Gwladys Street Stand,Stadium,,,,,,,,,53.4394278,-2.9658879,way,202299665
H G Wells Centre,Conference centre,,Church Street East,Woking,GU21 6HJ,"Church Street East, Woking, GU21 6HJ",,https://www.hgwells.co.uk/,,51.3207735,-0.5566433,node,6224889170
H2O,Nightclub,,,Wisbech,PE13 1RG,"Wisbech, PE13 1RG",,,,52.6657095,0.1566972,way,411114016
Ha Ha Farm,Events venue,,,,,,,https://www.hahafarm.co.uk/,,52.6264202,1.4734561,node,7756074212
Hack Oldham,Events venue,38-44,Yorkshire Street,Oldham,OL1 1SE,"38-44 Yorkshire Street, Oldham, OL1 1SE",,https://www.hackoldham.co.uk/,,53.5421669,-2.10914,node,10040533658
Hackney Empire,Theatre,291,Mare Street,London,E8 1EJ,"291 Mare Street, London, E8 1EJ",,,,51.5456305,-0.0557173,way,45748937
Hackney showroom,Theatre,,Amhurst Terrace,London,,"Amhurst Terrace, London",,,,51.5547769,-0.0675458,node,5235656222
Hackney Wick Underground,Arts centre,66-78,White Post Lane,London,,"66-78 White Post Lane, London",,https://www.hwunderground.co.uk/,,51.5471209,-0.0293908,node,9995408575
Hadley Hall Banqueting Suite,Events venue,,Bearwood Road,,,Bearwood Road,,https://www.instagram.com/hadley.hall/?hl=en,+44 121 601 0955,52.4826299,-1.969354,way,136485711
Haig Avenue,Stadium,,,,,,,,,53.6381244,-2.9787965,way,553726626
Half Moon Theatre,Theatre,43,White Horse Road,London,E1 0ND,"43 White Horse Road, London, E1 0ND",,,,51.5132756,-0.0411813,way,501079925
Halifax Playhouse,Theatre,,King Cross Street,Halifax,HX1 2SH,"King Cross Street, Halifax, HX1 2SH",,,,53.7209795,-1.8669202,way,903874280
Halifax Victoria Theatre,Theatre,,,,,,,,,53.7212609,-1.8616517,way,155311729
Hall 1,Conference centre,,,,,,,https://www.farnborough.com/organiser/event-types/rooms/hall-1/,,51.2779918,-0.7588386,way,1004755392
Hall for Cornwall,Theatre,,Back Quay,Truro,TR1 2LL,"Back Quay, Truro, TR1 2LL",,,,50.262726,-5.0505936,node,477619769
Hall Green Little Theatre,Theatre,,Pemberley Road,Birmingham,B27 7RY,"Pemberley Road, Birmingham, B27 7RY",,,,52.4424781,-1.8350061,way,60747891
Halliwell Centre,Conference centre,,Job's Well Road,Carmarthen,SA31 3EP,"Job's Well Road, Carmarthen, SA31 3EP",,https://venuewales.co.uk/,+44 1267 222 252,51.8576771,-4.328026,node,8526410695
Hallpass,Nightclub,,,,,,,,,50.3700489,-4.1470361,node,8182462806
Hallé at St Michaels,Events venue,36-38,George Leigh Street,Manchester,M4 5DG,"36-38 George Leigh Street, Manchester, M4 5DG",,https://halle.co.uk/venues/halle-at-st-michaels/,,53.4849157,-2.2297187,node,12010012431
Hallé St Peter's,Events venue,,,,,,,,,53.4845627,-2.2283302,way,198720414
Halo,Nightclub,5,The Diamond,Ballycastle,BT54 6AW,"5 The Diamond, Ballycastle, BT54 6AW",,,,55.2007694,-6.2506402,node,7460660376
Halstead Town Football Club,Stadium,,,,,,,,,51.9464843,0.6326744,way,28075179
Halton Stadium,Stadium,,Lowerhouse Lane,Widnes,WA8 7DZ,"Lowerhouse Lane, Widnes, WA8 7DZ",,,,53.3657275,-2.7385104,way,179970880
Hamil Road Stand,Stadium,,Hamil Road,,,Hamil Road,,,,53.0494277,-2.1918917,way,112317380
Hamilton Bandstand,Bandstand,,,,,,,,,55.7852382,-4.0525982,way,406402887
Hamilton Palace,Nightclub,13,Keith street,Hamilton,,"13 Keith street, Hamilton",,,+44 1698 284111,55.7764117,-4.0320321,node,1628281158
Hammond Theatre,Theatre,,,,,,,,,51.4289333,-0.3719845,way,764257721
Hampden Park,Stadium,,Letherby Drive,Glasgow,G42 9BA,"Letherby Drive, Glasgow, G42 9BA",52500,http://www.Hampdenpark.co.uk,,55.8257957,-4.2516425,way,1279414019
Hampden Park Shed,Arts centre,9,Brassey Avenue,Eastbourne,BN22 9NG,"9 Brassey Avenue, Eastbourne, BN22 9NG",,https://www.eastbourneshed.co.uk/hampden-park-shed.html,,50.7969895,0.2782123,way,1021121059
Hampden Weddings,Events venue,,,,,,,https://www.hampdenweddings.com/,,51.7144826,-0.7734697,node,10908351817
Hampstead Theatre,Theatre,,Eton Avenue,London,NW3 3EU,"Eton Avenue, London, NW3 3EU",,http://www.hampsteadtheatre.com/,+44 20 7722 9301,51.5438056,-0.1736979,way,123702968
Hampton Hill Playhouse,Theatre,90,High Street,Hampton Hill,TW12 1NZ,"90 High Street, Hampton Hill, TW12 1NZ",,https://www.hamptonhilltheatre.org.uk/,,51.4273756,-0.355162,way,105510419
Hanbury Stadium,Stadium,,Allen Road,Haywards Heath,RH16 3PT,"Allen Road, Haywards Heath, RH16 3PT",,,,51.0003653,-0.0870261,way,99157499
Hand Stadium,Stadium,,,,,,,,,51.4234524,-2.8367834,way,136278004
Handley Tap,Pub,,,,,,,,,53.9617653,-1.0285428,node,11608339021
Hands on Art,Events venue,42a,St Luke's Road,Windsor,SL4 2QQ,"42a St Luke's Road, Windsor, SL4 2QQ",,https://www.hands-onartadventures.co.uk/,+44 1753 206 265,51.462003,-0.5861168,way,135048327
Handsome Snuff Bar,Pub,14,Kent Street,Kendal,LA9 4AT,"14 Kent Street, Kendal, LA9 4AT",,https://www.handsomebrewery.com/,,54.3276355,-2.7446334,node,12652248243
Hangar 5,Nightclub,,,,,,,https://www.eusa.ed.ac.uk/eatdrinkshop/findaspace/hangar5,,55.9460079,-3.1882051,node,522823456
Hanover Conference Centre,Events venue,,,,,,,https://www.hanover.scot/conference-centre/,,55.9644074,-3.1856306,node,6488150582
Happy House,Arts centre,24,Market Place,Masham,,"24 Market Place, Masham",,https://www.happyhousemasham.com,,54.221447,-1.6569978,node,8834958078
Harborne Village Social Club,Nightclub,3,Serpentine Road,Harborne,B17 9RD,"3 Serpentine Road, Harborne, B17 9RD",,,,52.4584066,-1.9572548,way,120792945
Harborough Academy of Performing Arts,Arts centre,,,,,,,,,52.4779065,-0.9160776,node,7630233440
Harborough Theatre,Theatre,,,,,,,,,52.4782924,-0.9208148,node,2929160605
Harbour Arts Centre,Arts centre,,,,,,,,,55.6076532,-4.6851318,way,382072999
Harbury Village Club,Nightclub,,,,,,,,,52.2376467,-1.4519684,way,645016637
Harlequin,Theatre,,Warwick Quadrant,Redhill,RH1 1NN,"Warwick Quadrant, Redhill, RH1 1NN",,https://www.harlequintheatre.co.uk/,+44 1737 276500,51.2406249,-0.167563,way,316397588
Harlequin Puppet Theatre,Theatre,,Cayley Promenade,Colwyn Bay,LL28 4EP,"Cayley Promenade, Colwyn Bay, LL28 4EP",,https://harlequinpuppettheatre.com,,53.3066852,-3.739838,way,120606535
Harlequin Theatre,Theatre,,Queen Street,Northwich,CW9 5JN,"Queen Street, Northwich, CW9 5JN",,,,53.2569185,-2.5146941,way,327108926
Harlow Arena,Stadium,,,,,,,,,51.7710222,0.0677486,way,208406953
Harlow Greyhound Stadium,Stadium,,,,,,,,,51.7719956,0.063732,way,208406982
Harold Pinter Theatre,Theatre,,Panton Street,London,SW1Y 4DN,"Panton Street, London, SW1Y 4DN",,https://www.atgtickets.com/venues/harold-pinter-theatre/,,51.509333,-0.1316345,way,219802225
Harraby Theatre,Theatre,,Edgehill Road,Carlisle,CA1 3SN,"Edgehill Road, Carlisle, CA1 3SN",,https://harrabytheatre.co.uk/,,54.8806177,-2.8911373,node,9963700436
Harrogate  Convention Centre,Exhibition centre,,,,,,,https://www.harrogateconventioncentre.co.uk/,,53.9959334,-1.5428063,way,68922398
Harrogate Convention Centre,Exhibition centre,,,,,,,,,53.9969274,-1.5413788,way,68922397
Harrogate Theatre,Theatre,,Oxford Street,Harrogate,HG1 1QF,"Oxford Street, Harrogate, HG1 1QF",,https://www.harrogatetheatre.co.uk/,+44 1423 502116,53.9943698,-1.539933,way,43129759
Harrow Arts Centre,Theatre,,,,,,,,,51.6084242,-0.363693,node,382329994
Hartlepool Art Gallery and Tourist Information Centre,Arts centre,,Church Square,Hartlepool,TS24 7EQ,"Church Square, Hartlepool, TS24 7EQ",,https://www.hartlepool.gov.uk/a_to_z/service/1091/art_gallery,+44 1429 869706,54.6857552,-1.2094477,node,9795625436
Hartlepool Arts & Museum Service,Arts centre,,Clarence Road,Hartlepool,TS24 8BT,"Clarence Road, Hartlepool, TS24 8BT",,,,54.6869327,-1.2124691,way,303655951
Hartpury Equine Arena,Stadium,,,,,,,,,51.9037295,-2.3026501,way,85282704
Harvey Hadden Stadium,Stadium,,,,,,,,,52.9679825,-1.2163951,way,31133441
Harwich and Parkeston Football Club,Stadium,,,Harwich,CO12 4AA,"Harwich, CO12 4AA",,,,51.9348723,1.2735034,way,173433299
Hasbury Conservative Club,Nightclub,91,Blackberry Lane,,B63 4NZ,"91 Blackberry Lane, B63 4NZ",,,,52.4452391,-2.0535858,node,659795953
Haslemere Hall,Theatre,2,Bridge Road,Haslemere,GU27 2AS,"2 Bridge Road, Haslemere, GU27 2AS",,,,51.0902009,-0.7109822,way,133391642
Hastings Arts Forum,Arts centre,36,Marina,St Leonards on Sea,TN38 0BU,"36 Marina, St Leonards on Sea, TN38 0BU",,https://hastingsartsforum.co.uk/,,50.8509151,0.5558761,node,1986958843
Hatch,Events venue,107a,Harwood Street,Sheffield,S2 4SE,"107a Harwood Street, Sheffield, S2 4SE",,https://hatchsheffield.com/,,53.3696752,-1.4726754,node,12892285992
HATS Theatre,Theatre,,Bodmin Street,Holsworthy,EX22 6BH,"Bodmin Street, Holsworthy, EX22 6BH",,,,50.8084031,-4.3550931,way,207249812
Haughley Park Barn,Events venue,,,,,,,https://www.haughleypark.co.uk,,52.2181373,0.9341412,way,568985874
Haughton Green bandstand,Bandstand,,,,,,,,,53.4434187,-2.10477,node,8685756166
Haus,Nightclub,2,Eberle Street,Liverpool,L2 2HF,"2 Eberle Street, Liverpool, L2 2HF",,,,53.4079896,-2.9894329,way,1176713705
Havana,Nightclub,50,Victoria Street,St Albans,AL1 3HZ,"50 Victoria Street, St Albans, AL1 3HZ",,,+44 1727 862456,51.751267,-0.3358872,way,164165377
Havanna Club,Nightclub,,,,,,,,,50.7352381,-1.8679973,way,1104908211
Haven Entertainment,Theatre,,,,,,,,,51.6481606,-4.7623878,node,13798301183
Hawthorn Theater,Theatre,,,,,,,,,52.0035305,1.1931878,way,1512055827
Hawthorne Theatre & Cinema,Theatre,,,,,,,,,51.8056718,-0.2075836,node,2217295740
Hay Mills Social Club,Nightclub,,,,,,,,,52.4627275,-1.830447,way,140689294
Haymarket Theatre,Theatre,,,,,,,,,52.6375477,-1.1318147,way,474066117
Hayward Theatre,Theatre,,,,,,,,,52.3975322,0.2612109,way,952682087
Hazel Gap Barn,Events venue,,,,,,,,,53.2357548,-1.1100475,way,897893172
Hazlitt Theatre,Theatre,,Earl Street,Maidstone,ME14 1PL,"Earl Street, Maidstone, ME14 1PL",,,,51.2746155,0.5215239,way,944186876
Hazy Club,Nightclub,28,Eyre Street,Sheffield,S1 4QY,"28 Eyre Street, Sheffield, S1 4QY",,,,53.3768847,-1.4708286,node,10581452200
Headingley Cricket Ground,Stadium,,,,,,,,,53.8176677,-1.5820048,node,9817208844
Headingley Stadium,Stadium,,,,,,,,,53.8170157,-1.5815682,way,22752894
Headway Arts,Arts centre,,Waterloo Road,Blyth,,"Waterloo Road, Blyth",,https://headwayarts.co.uk,,55.1257155,-1.5143773,way,134967052
Healy Park,Stadium,,Gortin Road,Omagh,,"Gortin Road, Omagh",,,,54.6140248,-7.2973121,way,428490897
Heatforce/Viesmann Terrace,Stadium,,,,,,,,,51.4866427,-3.1921513,way,971194324
Heathcoat Hall,Events venue,,,,,,,,,50.9037059,-3.4930987,way,1061632618
Heaven,Nightclub,,Villiers Street,London,,"Villiers Street, London",,http://www.heavennightclub-london.com,+44 20 7930 2020,51.507865,-0.1245597,node,345887283
Heaven,Nightclub,,,,,,,,,51.6198912,-3.9409382,way,625263603
Heaven,Nightclub,10-18,Victoria Street,Liverpool,L2 6QE,"10-18 Victoria Street, Liverpool, L2 6QE",,,,53.4066973,-2.9875339,node,10234611883
Hednesford Town Football Club,Stadium,,Keys Park Road,Hednesford,WS12 2DZ,"Keys Park Road, Hednesford, WS12 2DZ",,,,52.6976893,-1.9888077,way,185115828
Hedsor House,Events venue,,Hedsor Park,Maidenhead,SL6 0HX,"Hedsor Park, Maidenhead, SL6 0HX",,https://www.hedsor.com/,,51.5656517,-0.6915059,way,263079211
Helsinki,Nightclub,94,Rutland Street,Leicester,LE1 1SB,"94 Rutland Street, Leicester, LE1 1SB",,,,52.6364063,-1.1271104,way,842345593
Hemsley House,Events venue,41-42,Crescent,Salford,M5 4PE,"41-42 Crescent, Salford, M5 4PE",,https://www.hemsley-house.co.uk/,+44 161 736 4627,53.4833286,-2.2702796,way,290639023
Hen Blas Country Park,Events venue,,Llangristiolus,Bodorgan,LL62 5DL,"Llangristiolus, Bodorgan, LL62 5DL",,,,53.224843,-4.3631467,way,1382275980
Henlow Theatre,Theatre,,,,,,,,,52.008226,-0.3027148,node,534823343
Henry Moore Institute,Arts centre,74,The Headrow,Leeds,LS1 3AH,"74 The Headrow, Leeds, LS1 3AH",,https://henry-moore.org/henry-moore-institute/,,53.8000605,-1.5475717,way,78507133
Henry Morris Hall,Events venue,,,,,,,,,52.1264987,0.1638468,way,1418030994
Henry Wood Hall,Arts centre,,Trinity Church Square,London,SE1 4HU,"Trinity Church Square, London, SE1 4HU",,,,51.4986026,-0.093912,way,30656594
Heritage Park,Stadium,,,,,,,,,54.6380027,-1.6939732,way,256888383
Hermitage Millennium Amphitheatre,Theatre,,,,,,250,,,51.2696488,0.5210903,way,405202146
Hero's Sports Bar & Grill,Nightclub,14-16,Southchurch Road,Southend-on-Sea,SS1 2NE,"14-16 Southchurch Road, Southend-on-Sea, SS1 2NE",,,,51.5399561,0.7137358,node,11236367792
Heron Theatre,Theatre,,,,,,,,,54.2080815,-2.7713953,way,1022050681
Hertford Theatre,Theatre,,The Wash,Hertford,SG14 1PS,"The Wash, Hertford, SG14 1PS",,https://www.hertfordtheatre.com,,51.7963245,-0.0798358,way,211716979
Hertfordshire County Showground,Events venue,,,,,,,https://hertsshow.com/,,51.8155312,-0.411506,way,741042350
Hesketh Bank AFC,Stadium,,,,,,,,,53.7040525,-2.8403137,way,77011267
Heywood Road,Stadium,,,,,,,,,53.4161021,-2.3213113,way,1194100853
HGCC Social Club,Nightclub,,Stratford Road,Birmingham,B28 9AA,"Stratford Road, Birmingham, B28 9AA",,,,52.4325405,-1.8458423,way,85607911
Hidden,Nightclub,42-44,Water Street,Rhyl,LL18 1SS,"42-44 Water Street, Rhyl, LL18 1SS",,,,53.3203446,-3.4937702,way,1131047950
Hidden,Nightclub,17,Mary Street,Manchester,M3 1DZ,"17 Mary Street, Manchester, M3 1DZ",,http://hidden.club,,53.4903228,-2.2494941,node,13168101801
Hidden Dundee,Events venue,15,Ward Road,Dundee,DD1 1ND,"15 Ward Road, Dundee, DD1 1ND",,https://hiddendundee.com/,,56.4616547,-2.9759411,node,13474201137
High Trenhouse,Conference centre,,,,,,,https://www.hightrenhouse.com/,,54.0949262,-2.1869584,node,544518577
Highbury Little Theatre,Theatre,,Sheffield Road,Sutton Coldfield,B73 5HD,"Sheffield Road, Sutton Coldfield, B73 5HD",,http://highburytheatre.co.uk,,52.5380264,-1.8341323,way,140065317
Highbury Stadium,Stadium,,Park Avenue,Fleetwood,FY7 6TX,"Park Avenue, Fleetwood, FY7 6TX",5094,https://www.fleetwoodtownfc.com/,,53.9164897,-3.0247309,way,160320378
Highgate Greyhound Stadium,Stadium,,,,,,,,,53.5364448,-1.314862,way,298198745
Hill & Cakemore Conservative Club,Nightclub,,,,,,,,,52.4690542,-2.0323697,node,361121961
Hill Dickinson Stadium,Stadium,,,,,,,,,53.4249042,-3.0027116,way,1367633428
Hill Street Theatre,Theatre,,,,,,,,,55.9534657,-3.2028612,node,9297746733
Hillmount,Events venue,,Old Glenarm Road,Larne,,"Old Glenarm Road, Larne",,,,54.8772934,-5.8360952,way,572650725
Hillmount House,Events venue,357,Old Glenarm Road,Larne,BT40 2LG,"357 Old Glenarm Road, Larne, BT40 2LG",,,,54.8774566,-5.8366339,way,572664147
Hillsborough Stadium,Stadium,,,Sheffield,S6 1SW,"Sheffield, S6 1SW",39812,https://www.swfc.co.uk/,,53.4114146,-1.5004793,way,23049323
Hilltop Country House,Events venue,,Flash Lane,Prestbury,SK10 4ED,"Flash Lane, Prestbury, SK10 4ED",,,,53.2937077,-2.1304531,way,367172737
Hilton Court,Events venue,,,,,,,https://www.hiltoncourt.co.uk/,,51.8345676,-5.0830811,node,5832673116
Hippodrome,Theatre,,Saint Georges Road,Great Yarmouth,NR30 2EU,"Saint Georges Road, Great Yarmouth, NR30 2EU",,https://hippodromecircus.com/,,52.6028693,1.7352745,way,176962786
Hippodrome Theatre,Theatre,83,Halifax Road,Todmorden,OL14 5BB,"83 Halifax Road, Todmorden, OL14 5BB",,,,53.7142688,-2.0926,way,101926561
His Majesty's Theatre,Theatre,72-78,Haymarket,London,SW1Y 4QL,"72-78 Haymarket, London, SW1Y 4QL",,https://lwtheatres.co.uk/theatres/his-majestys/,+44 20 3925 2998,51.5081378,-0.1319965,way,143641503
His Majesty's Theatre,Theatre,,Rosemount Viaduct,Aberdeen,AB25 1GL,"Rosemount Viaduct, Aberdeen, AB25 1GL",1400,https://www.aberdeenperformingarts.com/his-majestys-theatre/,+44 1224 641122,57.1480555,-2.1046489,way,1154254495
Histon Football Club,Stadium,,,,,,,https://www.histonfc.co.uk/,,52.2424218,0.1136269,node,25611797
Hitchin Town Football Club,Stadium,,,,,,,https://www.hitchintownfc.co.uk/,,51.9545624,-0.2841603,way,93211731
HMV Empire,Nightclub,,,,,,,,,52.4072636,-1.5111688,node,9591746017
Hogarths,Bar,43-44,High Street,Newport,NP20 1GF,"43-44 High Street, Newport, NP20 1GF",,https://hogarthsbars.co.uk/newport/,+44 1253 757158,51.5887092,-2.9974468,node,6874316048
Holloway Park,Stadium,,,Beaconsfield,HP9 2SE,"Beaconsfield, HP9 2SE",,https://www.beaconsfieldtownfc.co.uk,,51.5934863,-0.629694,way,600818499
Holm Park,Stadium,,Ardmore,Armagh,BT60 1JD,"Ardmore, Armagh, BT60 1JD",,,,54.3392741,-6.6262221,way,456564738
Holme Green Bandstand,Bandstand,,,,,,,,,51.5265471,-0.1574639,way,370493616
Holme Pierrepont Hall,Events venue,,,,,,,https://www.holmepierreponthall.com/,,52.9469516,-1.0688332,way,54411856
Holy Diver,Nightclub,,,,,,,,,53.4125921,-2.1589081,node,3740008904
Holybourne Theatre,Theatre,,London Road,Alton,GU34 4EL,"London Road, Alton, GU34 4EL",,,,51.1615436,-0.9543593,way,665054624
Holywell Music Room,Theatre,,Holywell Street,Oxford,OX1 3BN,"Holywell Street, Oxford, OX1 3BN",,,,51.7552948,-1.2532331,way,65237635
Home,Arts centre,2,Tony Wilson Place,Manchester,M15 4FN,"2 Tony Wilson Place, Manchester, M15 4FN",,https://homemcr.org/,+44 161 200 1500,53.4736138,-2.2465593,way,431832634
Home,Nightclub,4,Park Street,Lincoln,LN1 1UF,"4 Park Street, Lincoln, LN1 1UF",,https://www.homelincoln.co.uk/,+44 1522 528621,53.2301936,-0.5411272,way,723257241
Home & Botanic,Nightclub,13,Saint Georges Road,Cheltenham,GL50 3DT,"13 Saint Georges Road, Cheltenham, GL50 3DT",,https://www.homecheltenham.com/,,51.8988784,-2.0796055,way,165964352
Home Park,Stadium,,,Plymouth,PL2 3DQ,"Plymouth, PL2 3DQ",16388,https://www.pafc.co.uk/,,50.3881308,-4.1508516,way,32571113
HOME Theatre,Theatre,,,,,,,https://homemcr.org/theatre/,,53.4737291,-2.2466621,node,4310535844
Homelands,Stadium,,,,,,,,,51.1049613,0.8559307,way,89808172
Honey,Nightclub,,,,,,,,,52.4730136,-1.899206,node,1615320532
Honey Club,Nightclub,76A,High Street,Solihull,B91 3TA,"76A High Street, Solihull, B91 3TA",,,,52.4130848,-1.7786508,node,1687103197
Hoogly Tea Lodge,Events venue,11,South Road,Brighton,BN1 6SB,"11 South Road, Brighton, BN1 6SB",,https://www.hooglytealodge.com/,,50.8422636,-0.1520277,node,7041771918
Hooley's,Nightclub,,,,,,,,,53.4945635,-2.5195186,way,1000914415
Hope Mill Theatre,Theatre,,,,,,,,,53.4831591,-2.216272,node,5630317443
Hopkinson Gallery,Arts centre,21,Station Street,Nottingham,NG2 3AJ,"21 Station Street, Nottingham, NG2 3AJ",,https://www.hopkinson21.co.uk/,,52.947783,-1.1461247,way,103452789
Hornchurch Stadium,Stadium,,,,,,,,,51.5565697,0.2383136,way,23042163
Hornsey Town Hall,Arts centre,,,,,,,,,51.5787914,-0.1225527,node,3659827171
Hornton Grange,Events venue,,,,,,,https://www.edgbastonparkhotel.com/party-venue-birmingham/hornton-grange/,,52.453784,-1.9265329,way,55608663
Horsfall Stadium,Stadium,,Cemetery Road,Bradford,BD6 2NG,"Cemetery Road, Bradford, BD6 2NG",,https://horsfallcommunitystadium.co.uk/,,53.7590273,-1.7761572,way,200689114
Horsham Amateur Operatic & Dramatic Society,Theatre,,Hurst Road,Horsham,RH12 2DJ,"Hurst Road, Horsham, RH12 2DJ",,https://haods.co.uk/,,51.0687867,-0.323512,node,5483692320
Hospitalfield,Arts centre,,Westway,Arbroath,DD11 2NH,"Westway, Arbroath, DD11 2NH",,https://hospitalfield.org.uk/,+44 1241656124,56.5543843,-2.6103235,node,4110109741
House of Sisters Grimm,Theatre,23-25,Eastcastle Street,London,,"23-25 Eastcastle Street, London",,https://houseofsistersgrimm.com/,,51.5167348,-0.1381467,node,13740556401
Houston's Pool Party Pizza,Nightclub,50,High Street,Johnstone,PA5 8AN,"50 High Street, Johnstone, PA5 8AN",,https://houstons.club,,55.8368367,-4.5121663,node,13288906567
Howden Park Centre,Theatre,,,Livingston,EH54 6AE,"Livingston, EH54 6AE",,https://www.reconnecttheatres.com/howden-park/,+44 1506 340700,55.8923006,-3.5189649,way,55429418
Howlers,Nightclub,28-32,Collingwood Street,Newcastle Upon Tyne,,"28-32 Collingwood Street, Newcastle Upon Tyne",,https://howlersnewcastle.com/,,54.9699689,-1.613535,node,4515143089
Hoxton Hall,Theatre,130,Hoxton Street,London,N1 6SH,"130 Hoxton Street, London, N1 6SH",,,,51.5318585,-0.0798467,way,397717627
HQI,Arts centre,195,Wood Lane,London,W12 7FQ,"195 Wood Lane, London, W12 7FQ",,,,51.5146092,-0.2265826,relation,12111767
Hucknall Town Football Club,Stadium,,,,,,,,,53.0257461,-1.2150782,way,1255311968
Huish Park,Stadium,,Lufton Way,"Yeovil, Somerset",BA22 8YF,"Lufton Way, Yeovil, Somerset, BA22 8YF",9665,https://www.ytfc.net/,,50.9502072,-2.6740571,way,146631430
Hull City Hall,Theatre,,,,,,,,,53.7437618,-0.3404241,way,147948986
Hull New Theatre,Theatre,,,Hull,HU1 3HF,"Hull, HU1 3HF",,,,53.7475628,-0.3373246,way,148089404
Hull Truck,Theatre,,,,,,,https://www.hulltruck.co.uk,,53.7463783,-0.3466238,way,251384881
Hulme Hippodrome,Theatre,,,,,,,,,53.4644838,-2.2498292,way,201689009
Hungarian Hall,Events venue,,,,,,,https://hungarianhallevents.co.uk,+44 1394 460362,52.1323238,1.3336879,node,6797073756
Hungate Medieval Art,Arts centre,,Princes Street,Norwich,NR3 1AE,"Princes Street, Norwich, NR3 1AE",,https://hungate.org.uk/,,52.6310695,1.2969304,way,103089198
Hunters Hall,Events venue,,,,,,,https://www.huntershall.co.uk/,,52.7097129,1.0023924,way,350182372
Hunters Stadium,Stadium,,Beechnut Lane,Pontefract,WF8 4QE,"Beechnut Lane, Pontefract, WF8 4QE",,,,53.6962228,-1.3153843,way,940272822
Huntingdon Commemoration Hall,Events venue,39,High Street,Huntingdon,PE29 3AQ,"39 High Street, Huntingdon, PE29 3AQ",,,,52.3295633,-0.1822428,way,243292855
Hurst Cross,Stadium,,,,,,,,,53.5013006,-2.0797045,relation,1831149
Hurstpierpoint Players,Theatre,147,High Street,Hurstpierpoint,BN6 9PU,"147 High Street, Hurstpierpoint, BN6 9PU",,https://hurstplayers.org.uk/,+44 1273 833 397,50.9323279,-0.174113,way,286695305
Hush,Nightclub,23-25,Market Street,Blackpool,FY1 1ET,"23-25 Market Street, Blackpool, FY1 1ET",,,,53.8179327,-3.0551594,node,11915781719
Hush Silent Disco,Nightclub,,,,,,,,,50.696416,-1.3128215,node,9693317079
Hutton Hall,Events venue,,,,,,,,,51.6252452,0.359605,way,1203977951
Hyde Park Book Club,Cafe,27-29,Headingley Lane,Leeds,LS6 1BL,"27-29 Headingley Lane, Leeds, LS6 1BL",,https://www.hydeparkbookclub.co.uk/,,53.8152195,-1.5636026,way,465904233
I Do Venue Dressing,Events venue,94-96,Buxton Road,Stockport,SK2 6PL,"94-96 Buxton Road, Stockport, SK2 6PL",,,,53.3954483,-2.1494471,node,9588097924
Ian Bannen Theatre,Theatre,,,,,,,,,55.8642732,-4.0162167,node,1929483696
Ian Moorcroft Stadium,Stadium,,Bolham Road,Tiverton,EX16 6SG,"Bolham Road, Tiverton, EX16 6SG","3,500",,,50.9091547,-3.490132,way,149852754
Ibrox Stadium,Stadium,50,Edmiston Drive,Glasgow,G51 2XD,"50 Edmiston Drive, Glasgow, G51 2XD",51082,https://www.rangers.co.uk/,,55.8532658,-4.3086516,way,15090854
ICC London,Conference centre,,,,,,,,+44 20 7069 4602,51.5080512,0.0340619,way,122184667
Ice,Nightclub,35-37,Riverside Walk,Thetford,IP24 2BB,"35-37 Riverside Walk, Thetford, IP24 2BB",,,,52.4137961,0.7479332,node,1233019600
iceSheffield,Stadium,,,,,,,,,53.4001875,-1.4227354,way,23049513
Icetank,Events venue,5-7,Grape Street,London,WC2H 8DW,"5-7 Grape Street, London, WC2H 8DW",,,,51.5165648,-0.1257829,node,5401214112
Icon,Nightclub,50-52,Westgate,Wakefield,WF1 1XH,"50-52 Westgate, Wakefield, WF1 1XH",,,,53.6825646,-1.5004196,node,26198184
idra,Nightclub,53,Store Street,,M1 2WD,"53 Store Street, M1 2WD",,https://idra.club/,,53.480269,-2.2259932,node,13591101001
Ifield Barn Theatre,Theatre,,,,,,,,,51.1243913,-0.2194327,way,1296748287
Ignite Darlington,Nightclub,,,,,,,,,54.524293,-1.5573066,node,10932246080
Iklectic,Events venue,,,,,,,,,51.4707874,-0.0670348,node,13804678148
Ikonic,Nightclub,,Nelson Square,Bolton,BL1 1JT,"Nelson Square, Bolton, BL1 1JT",,,,53.5774554,-2.4270901,node,1022070087
Ilkeston FC Bar & Function Rooms,Events venue,,Awsworth Road,Ilkeston,DE7 8JF,"Awsworth Road, Ilkeston, DE7 8JF",,https://www.ilkestonfcfunctions.co.uk/,,52.9836831,-1.2996702,way,59427475
Ilkley Playhouse,Theatre,,Weston Road,Ilkley,LS29 8DW,"Weston Road, Ilkley, LS29 8DW",,,,53.9269722,-1.8225843,way,140871945
Illuminati,Nightclub,9,Park Street,Bristol,BS1 5NF,"9 Park Street, Bristol, BS1 5NF",,,,51.4532928,-2.6016021,way,352139899
Illuzion,Nightclub,4,The Triangle,,,4 The Triangle,,,,50.720017,-1.8856019,node,9382464200
Images,Nightclub,89A,Cornwall Street,Plymouth,PL1 1NX,"89A Cornwall Street, Plymouth, PL1 1NX",,,,50.3722296,-4.1450043,way,950375812
Imagine Theatre,Theatre,,,,,,,,,52.3730102,-1.4665068,node,12465461130
Impact Arena,Stadium,,North Street,Alfreton,DE55 7FZ,"North Street, Alfreton, DE55 7FZ",,,,53.0944631,-1.3811614,way,39354797
Imperial Venue,Events venue,621,High Road Leytonstone,London,E11 4PA,"621 High Road Leytonstone, London, E11 4PA",,,+44 20 8539 6271,51.5622633,0.008778,way,228435774
Impression Events Venue,Events venue,,Milner Road,,,Milner Road,,https://www.impressionev.com/,,51.5255282,0.0066517,way,859315152
Impressions Gallery,Arts centre,,,,,,,,,53.7928777,-1.7554637,way,1149961621
In the Wings Productions,Theatre,,,Bexley,DA5 3QG,"Bexley, DA5 3QG",,,,51.4390965,0.1449641,way,707295925
Independence,Nightclub,,King Street West,Wigan,,"King Street West, Wigan",,,,53.5456625,-2.6349663,way,278355089
Indigo Alley,Pub,4,North Marine Road,Scarborough,YO12 7PD,"4 North Marine Road, Scarborough, YO12 7PD",,,,54.2856362,-0.4012822,way,300720654
Indigo at The O2,Music venue,,,,,,,,,51.5024667,0.0049354,way,1240494120
Indodrill Stadium,Stadium,,Clackmannan Road,Alloa,FK10 1RY,"Clackmannan Road, Alloa, FK10 1RY",,,,56.1167178,-3.7786384,way,92350469
industry,Nightclub,,Lion Street,Telford,TF2 6AQ,"Lion Street, Telford, TF2 6AQ",,,,52.6946035,-2.4510147,way,358192015
Infamous Community Arts CIC,Theatre,,,,,,,,,52.5115459,-2.0167529,node,4168099642
Inferno,Nightclub,,,,,,,,,52.9766611,-0.0266516,node,10542905346
Infinity,Nightclub,98,East Street,Sudbury,CO10 2TP,"98 East Street, Sudbury, CO10 2TP",,,,52.0396056,0.7326263,way,170919800
Ink,Nightclub,2,Queen Street,Nottingham,NG1 2BL,"2 Queen Street, Nottingham, NG1 2BL",,,,52.954684,-1.1499827,way,169735440
Ink Bar,Nightclub,78-82,Wood Street,Liverpool,L1 4DQ,"78-82 Wood Street, Liverpool, L1 4DQ",,https://www.inkbarliverpool.co.uk/,+44 7808 834584,53.4023911,-2.9781639,way,1175774673
Inkspot,Events venue,,,,,,,,,51.4871281,-3.1596661,node,8981551695
Inn On The Lake,Events venue,,,,DA12 3HB,DA12 3HB,,https://innonlake.co.uk/,+44 14 7482 3333,51.4030791,0.4072845,way,611559975
Insanity Heights,Theatre,26,Broad Street,Nottingham,NG1 3AN,"26 Broad Street, Nottingham, NG1 3AN",,https://www.chronicinsanity.co.uk/,,52.9546913,-1.1443617,node,13589124701
Institute of Contemporary Arts,Arts centre,,The Mall,London,,"The Mall, London",,https://ica.art/,,51.5061576,-0.1309517,node,5015865539
International Lawn Tennis Centre,Stadium,,,,,,,,,50.7642307,0.28333,relation,9320013
Interplay,Theatre,,,,,,,,,53.7984849,-1.5977895,node,306328556
Intimate Theatre,Theatre,521,Green Lanes,London,N13 4DH,"521 Green Lanes, London, N13 4DH",,http://www.smptheatre.co.uk/faqs/the-intimate-theatre/,,51.6242501,-0.1028258,way,449556611
Inver Park Stadium,Stadium,,,,,,,,,54.84987,-5.8274283,way,637224257
Invergordon Arts Centre,Arts centre,,High Street,Invergordon,,"High Street, Invergordon",,,,57.6886427,-4.1698503,way,713972812
Inverness Creative Academy,Arts centre,,Stephen's Street,Inverness,IV2 3JP,"Stephen's Street, Inverness, IV2 3JP",,https://www.waspsstudios.org.uk/space/inverness-creative-academy/,,57.4778725,-4.2179658,way,1007305348
Ipswich Regent,Theatre,3,St Helens Street,Ipswich,IP4 1HE,"3 St Helens Street, Ipswich, IP4 1HE",,,,52.0575695,1.1605446,way,105153808
Irish World Heritage Centre,Events venue,1,Irish Town Way,Manchester,M8 0AE,"1 Irish Town Way, Manchester, M8 0AE",,https://iwhc.com/,+44 16 1 697 4105,53.5004346,-2.2297438,way,1060587957
Ironworks Venue,Music venue,122b,Academy Street,Inverness,IV1 1LX,"122b Academy Street, Inverness, IV1 1LX",,https://www.ironworksvenue.com/,,57.4810388,-4.2279956,way,255457362
Island Arts Centre,Theatre,,Lagan Valley Island,Lisburn,BT27 4RL,"Lagan Valley Island, Lisburn, BT27 4RL",,https://www.islandartscentre.com/,+442892509509,54.5116859,-6.03461,node,4703763001
Island Gardens Bandstand,Bandstand,,,,,,,,,51.4871336,-0.0073548,way,1241915767
Islington Assembly Hall,Events venue,,,,,,,https://islingtonassemblyhall.co.uk/,+44 20 7527 8900,51.5415476,-0.1024389,node,13330291607
Islington Metal Weddings,Events venue,7,Torrens Street,London,EC1V 1NQ,"7 Torrens Street, London, EC1V 1NQ",,http://islingtonmetalweddings.co.uk/the-venue/,+44 20 3976 6669,51.5325239,-0.1050459,node,4744165152
Islington Mill Arts Club,Arts centre,,James Street,Salford,M3 5HW,"James Street, Salford, M3 5HW",,http://www.islingtonmill.com/,+44 161 278 6404,53.4817989,-2.2631938,node,2212744003
Istorm Gallery,Arts centre,,,,,,,,,50.7189524,-3.5334121,node,364840749
Ivory,Nightclub,,,,,,,,,53.7963174,-1.7669481,node,249663020
Ivory Blacks,Nightclub,56,Oswald Street,Glasgow,G1 4PL,"56 Oswald Street, Glasgow, G1 4PL",,,+44 7538 463752,55.8579245,-4.2594945,node,1583927738
Ivy Arts Centre,Theatre,,University of Surrey,Guildford,GU2 7XH,"University of Surrey, Guildford, GU2 7XH",,,,51.242885,-0.5948644,relation,17989237
Ivy Leaf Sports & Social Club,Nightclub,2296,Coventry Road,Birmingham,B26 3JR,"2296 Coventry Road, Birmingham, B26 3JR",,,,52.4518286,-1.7767511,way,72225359
Jackdog,Nightclub,,,,,,,,,50.1538402,-5.0680261,node,11984360793
Jackie Husband Stand,Stadium,,,,,,,,,55.8817594,-4.2686997,way,29014134
Jacks Club,Nightclub,,,,,,,,,52.4795556,-1.4697375,way,150628518
Jacksons Lane,Arts centre,269a,Archway Road,London,N6 5AA,"269a Archway Road, London, N6 5AA",,https://www.jacksonslane.org.uk/,+44 20 8341 4421,51.5766112,-0.1453716,way,1068679022
Jacqueline du Pré Music Building,Theatre,,Cowley Place,Oxford,OX4 1DY,"Cowley Place, Oxford, OX4 1DY",,https://jdp.st-hildas.ox.ac.uk,+441865286668,51.7475541,-1.2459247,way,89698185
Jaguar Exhibition Hall,Exhibition centre,,,,,,,,,52.4487629,-1.4976597,node,1493268137
Jak's,Nightclub,35,King Street,Wigan,WN1 1DY,"35 King Street, Wigan, WN1 1DY",,,,53.5440985,-2.6310696,node,9137685831
Jako London,Nightclub,1,Kensington High Street,London,W8 5NP,"1 Kensington High Street, London, W8 5NP",,https://www.jakolondon.com/,+44 20 7368 6677,51.5021504,-0.1875507,node,3868765589
Jaloux,Nightclub,5,Victoria Street,Liverpool,L2 5QA,"5 Victoria Street, Liverpool, L2 5QA",,,,53.4067184,-2.9884104,node,10933962011
Jamboree,Music venue,6,St Chad's Place,London,,"6 St Chad's Place, London",,https://jamboreevenue.co.uk,+44 20 7278 6797,51.5305881,-0.1196742,node,520235585
Jazzy Kex,Nightclub,,,,,,,,,53.7512315,-2.4827865,node,2980317798
JD's Nightclub,Nightclub,,,,,,,,,53.7444393,-1.5985349,node,4846648942
jeannieavent,Arts centre,14,North Cross Road,,,14 North Cross Road,,,,51.4575832,-0.0721291,way,59993549
Jellicoe Theatre,Theatre,,,,,,,,,50.7255317,-1.9602175,way,1120362224
Jelly,Arts centre,,,,,,,,,51.4544983,-0.9762627,node,6339963915
Jellyfish Solutions Family Stand,Stadium,,,,,,,,,51.4881516,-3.1917378,way,971194321
Jermyn Street Theatre,Theatre,16b,Jermyn Street,London,SW1Y 6ST,"16b Jermyn Street, London, SW1Y 6ST",,https://jermynstreettheatre.co.uk,+44 20 7287 2875,51.5091922,-0.1349276,way,149173468
Jerwood Dance House,Theatre,,Foundry Lane,Ipswich,IP4 1DW,"Foundry Lane, Ipswich, IP4 1DW",,https://www.danceeast.co.uk/the-dancehouse/,,52.0523593,1.1552623,node,501564234
Jerwood Kiln Studio,Theatre,,,,,,,,,52.1634252,1.4969864,node,10087571720
Jesters,Nightclub,,,,,,,,,50.918298,-1.3951651,way,165825954
Jet Nightclub,Nightclub,,,,,,,,,19.318249,-81.3823548,way,372518394
Jets Craft Café,Arts centre,,,,,,,,,52.3229937,-2.0486024,node,3504165791
Jewellery Quarter Conference Centre,Conference centre,,,,,,,,,52.487893,-1.9128467,node,3400790619
Jim & Tonic,Events venue,,,,,,,,,51.5320793,-0.0084224,node,12486869962
Jimmy Allens,Nightclub,19-21,Elvet Bridge,Durham,DH1 3AA,"19-21 Elvet Bridge, Durham, DH1 3AA",,,,54.7761232,-1.5742052,node,8328196399
Jimmy Frizzell Stand,Stadium,,,,,,,,,53.5551816,-2.1273222,way,190250780
Jimmy Seed Stand,Stadium,,,,,,,,,51.4859088,0.0361503,way,1065893830
JNX,Nightclub,,,,,,,,,53.0255349,-2.1781,node,5659431029
Joanna's Nightclub,Nightclub,195,High Street,,IV30 1DJ,"195 High Street, IV30 1DJ",,,,57.6487006,-3.3182436,way,1109133347
JobServe Community Stadium,Stadium,,United Way,,,United Way,,,,51.9233276,0.8976513,way,32688201
Joe Royle Stand,Stadium,,,,,,,,,53.5556464,-2.1284851,way,553909161
John Andrews Theatre,Theatre,,,,,,,,,52.8536554,-4.4829744,way,1175216729
John Clare Theatre,Theatre,,,Peterborough,PE1 1RX,"Peterborough, PE1 1RX",,,,52.5765752,-0.2411455,node,915945670
John Cumming Stadium,Stadium,,,,,,,,,55.7355223,-3.8219109,way,319027133
John Lambie Stand,Stadium,,,,,,,,,55.8821176,-4.269922,way,29014151
John McIntyre Conference Centre,Conference centre,18,Holyrood Park Road,Edinburgh,EH16 5AY,"18 Holyrood Park Road, Edinburgh, EH16 5AY",,https://www.uoecollection.com/conferences-events/venue-hubs/pollock-estate/john-mcintyre-conference-centre/,,55.9399116,-3.1697157,way,27279498
John Nicholls Stand,Stadium,,,,,,,,,52.0572018,-1.3255689,way,185559743
John Peel Centre for Creative Arts,Arts centre,,Market Place,Stowmarket,IP14 1YY,"Market Place, Stowmarket, IP14 1YY",,https://www.johnpeelcentre.com/,+44 1449 774678,52.1877423,0.9959913,way,791417957
John Thaw Studio Theatre,Theatre,,,,,,,,,53.4661286,-2.2356531,node,1564517931
Joie Stadium,Stadium,,,,,,,,,53.481268,-2.1928129,way,445486239
Jolly Roger Arena,Theatre,,,,,,,,,51.7845585,1.1570004,node,10095039432
Jolt Studio,Events venue,27,Saint Aldate Street,Gloucester,GL1 1RP,"27 Saint Aldate Street, Gloucester, GL1 1RP",,https://joltgloucester.com/,,51.8657358,-2.2423622,node,12144296974
Joma Community Stand,Stadium,,,,,,,,,52.6213005,1.3090524,relation,2450989
Jones Road WMC,Nightclub,,,Wolverhampton,WV10 6JQ,"Wolverhampton, WV10 6JQ",,,,52.6031042,-2.1313407,way,297360979
Joseph Rowntree Theatre,Theatre,,Haxby Road,York,YO31 8TA,"Haxby Road, York, YO31 8TA",,https://www.josephrowntreetheatre.co.uk/,+44 1904 501935,53.9747522,-1.0755795,way,158422291
Jps Pat Testing,Nightclub,39,Coquet Drive,Morpeth,NE61 5LN,"39 Coquet Drive, Morpeth, NE61 5LN",,www.jpscomputer.co.uk,+44 7862 719 637,55.2238998,-1.56057,node,4228606991
Jubilee Theatre,Theatre,,,,,,,,,55.0058421,-1.6353319,way,446042764
Judith's Field Hall,Events venue,Jundith's Field Hall,London Road,Huntingdon,PE29 2WB,"Jundith's Field Hall London Road, Huntingdon, PE29 2WB",,https://gmccouncil.com/council-services/hall-hire/,,52.3116268,-0.1652735,way,1221984643
Julie Rose Stadium,Stadium,,,Ashford,TN24 9QX,"Ashford, TN24 9QX",,,,51.1559536,0.9011307,way,88387702
Julie Stevens Dance Studio,Arts centre,,,,,,,,,53.2246432,0.3372255,node,9005258836
Jungle Nightclub,Nightclub,,,,,,,,,50.8131079,-0.3687613,node,9973004904
Junior bandstand,Bandstand,,,,,,,,,53.4431689,-2.1051451,node,8685760575
Jynx Bar & Nightclub,Nightclub,79-80,Bolebridge Street,Tamworth,B79 7PD,"79-80 Bolebridge Street, Tamworth, B79 7PD",,https://jynxnightclub.co.uk/,+44 1827 60560,52.6329138,-1.6919681,way,113601444
K2,Nightclub,,,,,,,,,53.8655292,-1.9098911,way,154045693
Kabuki,Nightclub,18,Marine Gardens,Margate,CT9 1UH,"18 Marine Gardens, Margate, CT9 1UH",,,,51.3873855,1.38006,node,8238671245
Kachette,Events venue,347,Old Street,London,EC1V 9LP,"347 Old Street, London, EC1V 9LP",,https://shoreditch.com/kachette,+44 20 7033 9006,51.5274214,-0.0785688,way,1001731738
Kadie's Club,Nightclub,9,Swallow Street,London,,"9 Swallow Street, London",,https://www.kadiesclub.com/,,51.5094293,-0.137594,node,5683818786
KAL Group Stadium,Stadium,,North Street,Gainsborough,DN21 2QW,"North Street, Gainsborough, DN21 2QW",,,,53.4033485,-0.7744867,way,39256141
Kalahari Theatre,Theatre,,,,,,,,,51.8624123,0.8342855,way,106947181
Kaleidoscope Theatre,Theatre,,,,,,,,,52.6394301,-2.3991059,way,175715838
Kanchans,Events venue,53-55,Perth Road,Ilford,IG2 6BX,"53-55 Perth Road, Ilford, IG2 6BX",,https://kanchans.co.uk/kanchansgantshill/,+44 20 8518 9282,51.5762166,0.0670752,node,11542943317
Kandy Klub,Nightclub,,,,,,,,,53.453572,-2.7387325,node,6572546059
Kanteena,Music venue,,Brewery Lane,Lancaster,LA1 1QL,"Brewery Lane, Lancaster, LA1 1QL",,https://kanteena.co.uk/,,54.0497529,-2.7958353,way,154845619
Kasbah,Nightclub,,Primrose Hill Street,Coventry,CV1 5LY,"Primrose Hill Street, Coventry, CV1 5LY",,,,52.412977,-1.5034436,way,209355096
Kashmir Conference & Banqueting Centre,Conference centre,,Carlton Road,,,Carlton Road,,,,52.9596262,-1.1231071,node,3378849227
Kasi Lounge,Nightclub,,,,,,,,,52.4097038,-1.5090703,node,3049178161
Kassam Stadium,Stadium,,Grenoble Road,Oxford,OX4 4XP,"Grenoble Road, Oxford, OX4 4XP",12500,https://www.thekassamstadium.com/,,51.7163987,-1.207751,way,23604325
Kayote Bar,Nightclub,,,,,,,,,50.3707464,-4.1351512,way,298299254
KB02 Venue Hire,Events venue,220,Green Lanes,London,N13 5UD,"220 Green Lanes, London, N13 5UD",,https://kb02.net/,,51.6171564,-0.1084328,way,711083401
KDM Group East End Park,Stadium,,Halbeath Road,Dunfermline,KY12 7RB,"Halbeath Road, Dunfermline, KY12 7RB",,,,56.0756645,-3.4418205,way,122229455
Keighley Playhouse,Theatre,1,Devonshire Street,Keighley,BD21 2BH,"1 Devonshire Street, Keighley, BD21 2BH",,,,53.8673344,-1.9104766,way,197062687
Kellys Complex,Nightclub,,Bushmills Road,Portrush,BT56 8JF,"Bushmills Road, Portrush, BT56 8JF",,https://kellysportrush.co.uk/,+44 2870 826611,55.1974936,-6.6340022,way,1181204806
Kelvin Players Studio Theatre,Theatre,253b,Gloucester Road,Bristol,BS7 8NY,"253b Gloucester Road, Bristol, BS7 8NY",,https://kelvinplayers.co.uk,+44 117 959 3636,51.4780802,-2.5893743,way,264363957
Kelvingrove Bandstand,Theatre,,,,,,,,,55.869496,-4.2859638,way,26733956
Kenilworth Road Stadium,Stadium,,,,,,,,,51.8842133,-0.4316681,way,62330138
Kenneth More Theatre,Theatre,7-19,Oakfield Road,Ilford,IG1 1BT,"7-19 Oakfield Road, Ilford, IG1 1BT",,https://www.kmtheatre.co.uk/,,51.5585435,0.0751829,way,226891862
Kent's Hill Park. Training and Conference Centre,Conference centre,,Timbold Drive,Milton Keynes,MK7 6BZ,"Timbold Drive, Milton Keynes, MK7 6BZ",,,,52.0301837,-0.7023853,way,229747652
Kessington Hall,Events venue,58,Milngavie Road,Glasgow,G61 2DP,"58 Milngavie Road, Glasgow, G61 2DP",,https://dcb-kessington.co.uk/,,55.9143634,-4.3211184,way,937716613
Keswick Convention,Events venue,,Carding Mill Lane,,,Carding Mill Lane,,,,54.6044337,-3.1414485,way,277905447
Kettering Arts Centre,Arts centre,,Lindsay Street,Kettering,NN16 8RG,"Lindsay Street, Kettering, NN16 8RG",,https://www.ketteringartscentre.com,,52.4028696,-0.7261006,node,12102727893
Kew Art Studio,Arts centre,,,,,,,,,51.474997,-0.2868022,node,7022496429
Key Theatre,Theatre,,Embankment Road,Peterborough,PE1 1EF,"Embankment Road, Peterborough, PE1 1EF",,https://www.vivacity.org/theatres/key-theatre/,,52.5686886,-0.2385352,way,77920270
Kia Oval,Stadium,,,London,SE11 5SS,"London, SE11 5SS",27500,https://www.kiaoval.com/,,51.4837742,-0.1149823,way,23940674
KiKi,Nightclub,1,Guildhall Place,Cambridge,CB2 3AE,"1 Guildhall Place, Cambridge, CB2 3AE",,,,52.2044035,0.1201122,node,127059763
Kilborn School of Dance,Arts centre,,,,,,,,,52.3037105,-0.7001446,way,484270849
Kilburn Tin Tabernacle,Events venue,12-16,Cambridge Avenue,London,NW6 5BA,"12-16 Cambridge Avenue, London, NW6 5BA",,http://tintabernaclekilburn.org/,,51.5362334,-0.1923667,node,11115140495
Kilmardinny House,Arts centre,50,Kilmardinny Avenue,Glasgow,G61 3NN,"50 Kilmardinny Avenue, Glasgow, G61 3NN",,,,55.9257358,-4.3220591,way,85486201
Kiln Theatre,Theatre,269,Kilburn High Road,London,NW6 7JR,"269 Kilburn High Road, London, NW6 7JR",,https://kilntheatre.com,,51.543133,-0.2002986,way,77665068
Kilrie Granary,Events venue,,,,,,,https://www.kilriegranary.co.uk/,,56.0932489,-3.2192948,node,9033455357
Kinetika Design Studio,Arts centre,,,,,,,,,51.4803372,0.2514964,way,875842544
King Edward Memorial Park Bandstand,Bandstand,,,,,,,,,51.5089211,-0.0475985,way,403916985
King George VI Memorial Hall and Hockley Heath Social Club,Nightclub,,Stratford Road,Solihull,B94 5NH,"Stratford Road, Solihull, B94 5NH",,,,52.3496904,-1.7770862,way,223409801
King Georges Hall,Theatre,,Northgate,Blackburn,BB2 1AA,"Northgate, Blackburn, BB2 1AA",,,,53.7491646,-2.4860672,way,275817454
King Power Stadium,Stadium,,Filbert Way,Leicester,LE2 7FL,"Filbert Way, Leicester, LE2 7FL",32259,https://www.lcfc.com/king-power-stadium?lang=en,+44 344 815 5000,52.6204255,-1.1422964,way,4426440
King Tut's Wah Wah Hut,Nightclub,272A,St Vincent Street,Glasgow,G2 5RL,"272A St Vincent Street, Glasgow, G2 5RL",,,,55.862618,-4.2649646,node,2554824592
King VN,Nightclub,,,,,,,,,52.4737345,-1.9039923,node,351768239
King William IV,Pub,41,Glamorgan Street,Brynmawr,NP23 4JY,"41 Glamorgan Street, Brynmawr, NP23 4JY",,,,51.7978725,-3.1757417,node,13046300832
King's Academy,Conference centre,1-5,Hinton Road,,,1-5 Hinton Road,,,,51.4652442,-0.1023342,node,11739450607
King's Hall,Theatre,,Beacon Hill,Herne Bay,CT6 6BA,"Beacon Hill, Herne Bay, CT6 6BA",,,,51.3725497,1.1367343,way,656038891
King's Hall,Theatre,,Station Road,Ilkley,LS29 8HB,"Station Road, Ilkley, LS29 8HB",,https://www.bradford-theatres.co.uk/venues/kings-hall-ilkley,+44 1274 432000,53.9241945,-1.8214162,way,1388851380
King's Head,Pub,,,,,,,,,53.6488648,-1.7840835,way,337481705
King's Head Theatre,Theatre,116P,Upper Street,London,,"116P Upper Street, London",,,,51.5383124,-0.1030055,node,13690652428
King's House Conference Centre,Events venue,,Sidney Street,Manchester,M1 7HB,"Sidney Street, Manchester, M1 7HB",600,https://www.kingshouse.co.uk/,+44 161 276 8194,53.4709908,-2.236737,node,13272012763
King's Lynn Arts Centre,Arts centre,29,King Street,King's Lynn,PE30 1HA,"29 King Street, King's Lynn, PE30 1HA",,,,52.7554407,0.393633,node,5141693844
King's Theatre,Theatre,2,Leven Street,Edinburgh,EH3 9LQ,"2 Leven Street, Edinburgh, EH3 9LQ",,https://www.capitaltheatres.com/,+44 131 529 6000,55.9419529,-3.2027946,way,28669087
King's Theatre,Theatre,,,,,,,,,54.0271708,-1.2939023,node,4635294201
Kings Chapel,Events venue,,High Street,Amersham,HP7 0DJ,"High Street, Amersham, HP7 0DJ",,,,51.6661173,-0.618306,way,1302613420
Kings Hall Exhibition Centre,Exhibition centre,,,,,,,,,54.5674086,-5.9676048,way,230344923
Kings Heath Cricket and Sports Club,Nightclub,247,Alcester Road South,Birmingham,B14 6DT,"247 Alcester Road South, Birmingham, B14 6DT",,,,52.4228511,-1.8915993,way,79501067
Kings Norton Ex-Servicemens Club,Nightclub,,,,,,,,,52.4170252,-1.9288394,way,106742704
Kings Place,Arts centre,90,York Way,London,N1 9AG,"90 York Way, London, N1 9AG",,https://www.kingsplace.co.uk/,,51.5349732,-0.12167,way,27511817
Kings Theatre,Theatre,,,,,,,,,52.2438282,0.4007739,node,246524592
Kings Theatre,Theatre,,Kings Barton Street,Gloucester,GL1 1QX,"Kings Barton Street, Gloucester, GL1 1QX",,,,51.8622027,-2.2410644,way,268554238
Kings Theatre,Theatre,,Albert Road,Southsea,PO5 2QJ,"Albert Road, Southsea, PO5 2QJ",,http://kings-southsea.com,+44 23 9282 8282,50.7869645,-1.0811327,way,436412285
Kingscote Barn,Events venue,,Binley Farm,Tetbury,GL8 8YE,"Binley Farm, Tetbury, GL8 8YE",,https://kingscotebarn.co.uk,+44 1453 861161,51.6737464,-2.2681736,way,1154823219
Kingsgate Workshops,Arts centre,110-116,Kingsgate Road,London,NW6 2JG,"110-116 Kingsgate Road, London, NW6 2JG",,https://www.kingsgateworkshops.org.uk/,,51.5442039,-0.1966224,way,239480941
Kingshill House Creative Centre,Arts centre,,Kingshill Lane,Dursley,GL11 4BZ,"Kingshill Lane, Dursley, GL11 4BZ",,https://www.kingshillhouse.org.uk/,,51.6895631,-2.3591523,way,1136013206
Kingsholm Stadium,Stadium,,,,,,,,,51.8715337,-2.2430094,relation,13845427
Kingsmeadow,Stadium,,Jack Goodchild Way,Kingston upon Thames,KT1 3PB,"Jack Goodchild Way, Kingston upon Thames, KT1 3PB",4850,,,51.405111,-0.2819571,way,256659708
Kingsteignton Athletic and Football Club,Stadium,,,,,,,,,50.5471496,-3.6015103,way,47047716
Kingston Park,Stadium,,,,,,,,,55.0187412,-1.6722066,way,41723768
Kingswinford Royal British Legion Club Ltd,Nightclub,,,,DY6 9JG,DY6 9JG,,,,52.4970285,-2.1697403,way,305890362
Kingswood Theatre,Theatre,,,,,,,,,51.3991932,-2.3704251,way,124534781
Kinsley Greyhound Stadium,Stadium,,Wakefield Road,Pontefract,WF9 5EH,"Wakefield Road, Pontefract, WF9 5EH",,,,53.6259243,-1.3676796,way,57870368
Kioki,Nightclub,28,High Street,Swindon,SN1 3EP,"28 High Street, Swindon, SN1 3EP",,,,51.5514541,-1.7738603,node,2396355960
Kirk Theatre,Theatre,,Hungate,Pickering,YO18 7DL,"Hungate, Pickering, YO18 7DL",225,https://kirktheatre.co.uk/,,54.2445852,-0.7778809,way,169742953
Kirskstall Lane Turnstiles,Stadium,,,,,,,,,53.8180732,-1.5836047,way,870827237
Kite Studios Art School,Arts centre,2b,Bassein Park Road,London,,"2b Bassein Park Road, London",,https://kitestudios.org/,,51.5024191,-0.2433499,way,957902169
Kitkcudbright Tollbooth,Arts centre,,,,,,,,,54.8354833,-4.0558648,node,444024933
KK's Steel Mill,Events venue,,Frederick Street,Wolverhampton,WV2 4DU,"Frederick Street, Wolverhampton, WV2 4DU",,https://www.kkssteelmill.co.uk/,,52.5790049,-2.128473,node,11209266530
Klute,Nightclub,,Elvet Bridge,Durham,DH1 3AA,"Elvet Bridge, Durham, DH1 3AA",,,,54.7759927,-1.574003,way,104209661
Knackershole Garden Theatre,Theatre,,,,,,,,,51.0216965,-3.5847024,way,1059883847
Knutsford Little Theatre,Theatre,,,,,,,,,53.3072444,-2.3776471,way,421296308
Ko-ko Lounge,Nightclub,,,,,,,,,53.616049,-2.1576555,node,5084695935
Kogan Academy of Dramatic Arts,Arts centre,,,,,,,,+44 20 7272 0027,51.5658517,-0.1313861,node,4777880545
KOKO,Nightclub,1A,Camden High Street,London,NW1 7JE,"1A Camden High Street, London, NW1 7JE",,https://www.koko.co.uk/,,51.5347428,-0.1381721,way,225465155
Kolis,Nightclub,,,,,,,,,51.5661443,-0.1350041,node,2659475648
Komedia,Theatre,22-23,Westgate Street,Bath,BA1 1EP,"22-23 Westgate Street, Bath, BA1 1EP",,http://www.komedia.co.uk/bath/,+44 845 293 8480,51.3815765,-2.362227,way,94822980
Komedia,Theatre,44-47,Gardner Street,Brighton,BN1 1UN,"44-47 Gardner Street, Brighton, BN1 1UN",,https://www.komedia.co.uk/brighton/,,50.8249021,-0.1393366,way,137407357
Konig,Nightclub,,,,,,,,,51.5182898,-0.1668387,node,8985371023
Kooky Nightclub,Nightclub,,Keighley Road,Skipton,BD23 2LT,"Keighley Road, Skipton, BD23 2LT",,,+44 1756 700483,53.9594473,-2.0174718,way,153811310
Kraft Village,Arts centre,,Grafton Street,High Wycombe,HP12 3AJ,"Grafton Street, High Wycombe, HP12 3AJ",,https://www.kraftinwood.com/,+44 1494 533302,51.6349438,-0.7731229,way,628646472
Krystals Gentlemens Club,Nightclub,8A,Park Street,Lincoln,LN1 1UF,"8A Park Street, Lincoln, LN1 1UF",,,,53.230401,-0.5405328,way,723250778
KSC,Theatre,48,Park Row,Bristol,BS1 5LH,"48 Park Row, Bristol, BS1 5LH",,http://stradlingcollection.org,+441173290566,51.4552728,-2.6024434,way,277783061
Ku Bar,Nightclub,,,,,,,,,54.5637804,-1.3153508,way,99804987
Kube Conference Centre,Events venue,,,,,,,,,52.6033434,-1.0983251,way,1175464598
Kuda,Nightclub,12,Clifford Street,York,YO1 9RD,"12 Clifford Street, York, YO1 9RD",,,,53.9568097,-1.0818986,node,4793183971
Kudos,Nightclub,75,Prince of Wales Road,Norwich,NR1 1DG,"75 Prince of Wales Road, Norwich, NR1 1DG",,https://fetchnorwich.com/,+44 1603 627666,52.628783,1.302761,node,13386552921
Kuku,Events venue,,,,,,,,,51.4834514,-3.1767564,node,13111109301
kukui,Nightclub,,,,,,,,,51.4005717,-1.3234528,way,301849763
Kuumba Centre,Arts centre,,Hepburn Road,Bristol,BS2 8UD,"Hepburn Road, Bristol, BS2 8UD",,,,51.4635996,-2.588417,way,486880430
La Barraca,Nightclub,56-60,Silver Street,Doncaster,DN1 1HT,"56-60 Silver Street, Doncaster, DN1 1HT",,,,53.5240279,-1.1309164,way,1122500679
La Belle Angèle,Nightclub,11,Hastie's Close,Edinburgh,EH1 1HJ,"11 Hastie's Close, Edinburgh, EH1 1HJ",,https://la-belleangele.com/,+44 131 220 1161,55.9483771,-3.187389,node,3259778902
La Cheetah Club,Nightclub,,,,,,,,,55.8594613,-4.2523038,node,6405178902
LA Hacienda,Nightclub,26,Bell Lane,London,E16 2AB,"26 Bell Lane, London, E16 2AB",,https://www.lalounge.co.uk/,+44 20 3488 2739,51.5045617,0.0175868,node,9370334863
LA Lounge,Nightclub,94,Grosvenor Street,Manchester,M1 7HL,"94 Grosvenor Street, Manchester, M1 7HL",,,,53.4710937,-2.2346674,node,9811101341
La Pollera Colora,Nightclub,,,,,,,,,51.5054003,-0.0885569,node,12177019699
La Rocca,Nightclub,7-9,Triangle South,Bristol,BS8 1EY,"7-9 Triangle South, Bristol, BS8 1EY",,,,51.4561611,-2.6072998,way,249628891
La Sureña,Nightclub,28,Brixton Station Road,London,SW9 8PE,"28 Brixton Station Road, London, SW9 8PE",,,,51.4631457,-0.1131938,way,326914177
La Vida,Nightclub,3,Queensferry Street Lane,Edinburgh,EH2 4PF,"3 Queensferry Street Lane, Edinburgh, EH2 4PF",,,,55.9503465,-3.2092752,node,5703029425
LA1,Nightclub,14,Dalton Square,Lancaster,LA1 1PL,"14 Dalton Square, Lancaster, LA1 1PL",,,,54.0479004,-2.7988306,node,7865077021
Labyrinth,Nightclub,25-27,Winchester Street,Basingstoke,RG21 7EE,"25-27 Winchester Street, Basingstoke, RG21 7EE",,,,51.2622298,-1.0883582,way,192500777
Labyrinth,Nightclub,13-15,Bridge Street,Guildford,GU1 4RY,"13-15 Bridge Street, Guildford, GU1 4RY",,,,51.2367227,-0.5780557,node,253849545
Labyrinth,Nightclub,,,,,,,,,51.3331746,-0.2660986,node,255136176
Labyrinth,Nightclub,8-9,North Parade,Bath,BA2 4AL,"8-9 North Parade, Bath, BA2 4AL",,https://www.labyrinthbath.com/,,51.3806879,-2.3569238,node,300010441
Labyrinth,Nightclub,19-21,Hill's Lane,Shrewsbury,SY1 1QU,"19-21 Hill's Lane, Shrewsbury, SY1 1QU",,,,52.7091472,-2.7571186,node,12672758164
labyrinth,Nightclub,,,,,,,,,52.5236231,-1.4659999,node,13801952370
Labyrinth Nightclub,Nightclub,4-6,Bridge Street,Taunton,TA1 1UB,"4-6 Bridge Street, Taunton, TA1 1UB",,https://labyrinthtaunton.com/,,51.0179285,-3.103909,way,374794857
Lace Market Theatre,Theatre,,Halifax Place,Nottingham,NG1 1QN,"Halifax Place, Nottingham, NG1 1QN",,,,52.9516774,-1.1450596,way,252425013
Lady Hertford Suite,Events venue,,,,,,,,,53.7847837,-1.4580323,node,8343502633
Lafayette,Nightclub,11,Goods Way,London,N1C 4DP,"11 Goods Way, London, N1C 4DP",,https://www.lafayettelondon.com/,,51.5341894,-0.1258399,node,9697951364
Lagoona Park,Events venue,,,,,,,,,51.4180014,-0.996451,node,12022836286
Lagos Lounge,Nightclub,14,Sackville Street,Bradford,BD1 2AJ,"14 Sackville Street, Bradford, BD1 2AJ",,,,53.7945837,-1.7572652,way,1148006563
Laine Performing Arts,Theatre,,,,,,,,,51.335585,-0.2632551,way,669863581
Laine Theatre Arts,Theatre,,,,,,,,,51.3347911,-0.2634245,way,669863579
Laing Art Gallery,Arts centre,,New Bridge Street,Newcastle upon Tyne,NE1 8AG,"New Bridge Street, Newcastle upon Tyne, NE1 8AG",,https://laingartgallery.org.uk/,+44 191 278 1611,54.9750263,-1.6094837,way,145633689
Lake View,Events venue,,,,,,,,,51.4058048,-0.513801,way,60048194
Lakeside,Events venue,,,,,,,http://www.lakesidetower.co.uk/,,53.0283939,-1.1376424,way,363612803
Lakeside Bandstand,Bandstand,,,Leeds,LS8 2JL,"Leeds, LS8 2JL",,,,53.8360947,-1.4952902,way,280004701
Lakeside Learning Centre,Conference centre,,,,,,,,,54.0165736,-0.9698919,node,8592290272
Lakeside Theatre,Theatre,,,,,,,https://lakesidetheatre.org.uk/,,51.8770871,0.9473865,node,282336466
Lakewood Conference Centre,Conference centre,,,Bristol,BS40 7YE,"Bristol, BS40 7YE",,,,51.324497,-2.7228098,way,458478129
Lakota,Nightclub,6,Upper York Street,Bristol,BS2 8QN,"6 Upper York Street, Bristol, BS2 8QN",,,,51.4616219,-2.5895712,node,293906951
Lamproom Theatre,Theatre,,,Barnsley,S70 2DX,"Barnsley, S70 2DX",,,,53.55351,-1.4857499,way,320592739
Lancing FC,Stadium,,Culver Road,,,Culver Road,,,,50.8297862,-0.3241184,way,287687783
Lancing Repertory Players,Theatre,,,Lancing,BN15 9LY,"Lancing, BN15 9LY",,,,50.8305259,-0.3264338,way,1012572104
Landing Canary Wharf,Events venue,12,Bank Street,London,E14 4DD,"12 Bank Street, London, E14 4DD",,,,51.5038442,-0.0234898,node,13248161036
Landmark Arts Centre,Arts centre,,Ferry Road,Teddington,TW11 9NN,"Ferry Road, Teddington, TW11 9NN",,https://landmarkartscentre.org/,+44 20 8977 7558,51.428157,-0.3245124,way,277914188
Landmark Theatre,Theatre,,,,,,,,,51.2103509,-4.1229974,way,237497894
Lane Theatre,Theatre,,,Newquay,TR8 4PX,"Newquay, TR8 4PX",,https://lanetheatre.co.uk/,,50.4007487,-5.0558664,node,434404704
LanFranc Theatre,Theatre,,,,,,,,,51.2765364,1.0897623,way,176992281
Langley Hall Social Club,Nightclub,,,,,,,,,52.4282202,-1.8226664,way,57042920
Lansdown Hall,Events venue,,Lansdown,Stroud,GL5 1BB,"Lansdown, Stroud, GL5 1BB",,,,51.7464084,-2.2163266,node,7304997870
Lansdown Stand,Stadium,,,,,,,,,51.4398785,-2.621196,way,128620808
Lantern Arts Centre,Arts centre,,,,,,,,,51.4108203,-0.229028,way,720631245
Lantern Theatre,Theatre,18,Kenwood Park Road,Sheffield,S7 1NF,"18 Kenwood Park Road, Sheffield, S7 1NF",,,,53.3648306,-1.4848149,way,74440443
Lantern Theatre,Theatre,77,St. James's Street,Brighton,BN2 1PA,"77 St. James's Street, Brighton, BN2 1PA",,https://www.lanterntheatrebrighton.co.uk/,,50.8202221,-0.1307001,node,1115941392
Lanterns Studio Theatre,Theatre,3,Millharbour,London,E14 9XP,"3 Millharbour, London, E14 9XP",,https://lanternsstudiotheatre.co.uk/,,51.4987091,-0.0186234,node,2024044309
Large Campfire Circle,Theatre,,,,,,,,,51.6476388,0.0026524,way,85585843
Larges Lane,Stadium,,,,,,2500,,,51.4133001,-0.7442887,way,329363837
Laser Quest Kingston,Events venue,1st Floor,Hook Rise North,Surbiton,KT6 5AT,"1st Floor Hook Rise North, Surbiton, KT6 5AT",,https://laserquestkingston.com/,+44 20 8974 8484,51.37535,-0.3029867,node,10008167051
Late Lounge,Theatre,,,,,,,,,50.7856319,-0.9566026,node,11891055068
Late Lounge,Theatre,,,,,,,,,52.6588128,1.723208,node,12814025758
Laughterhouse,Theatre,,,,,,,,,53.40563,-2.9912088,node,3663612049
Launde Abbey,Conference centre,,,,,,,,,52.6311727,-0.8233218,node,75598673
Laurel's,Theatre,212,Whitley Road,Whitley Bay,NE26 2TA,"212 Whitley Road, Whitley Bay, NE26 2TA",,https://www.laurelswhitley.co.uk/,,55.0421348,-1.4433969,node,12871971977
Lawrence Hall and Conference Centre,Events venue,,,London,SW1P 2QD,"London, SW1P 2QD",,,,51.4950331,-0.1337282,way,67525121
Lawson Park,Arts centre,,East of Lake,Coniston,LA21 8AD,"East of Lake, Coniston, LA21 8AD",,,,54.3468211,-3.0519483,way,128929005
LDN.EAST,Events venue,,Stephenson Street,London,E16 4SA,"Stephenson Street, London, E16 4SA",,https://www.ldneast.co.uk,,51.5172069,0.0041893,way,1127514701
Le Fez,Nightclub,200B,Upper Richmond Road,London,SW15 2SH,"200B Upper Richmond Road, London, SW15 2SH",,https://www.lefez.co.uk/putney,+44 20 8780 0123,51.4608078,-0.2166524,node,8809964755
Le Petit Château,Events venue,,,Newcastle upon Tyne,NE19 1NR,"Newcastle upon Tyne, NE19 1NR",,https://le-petit-chateau.com,,55.2315105,-2.1796653,node,13194531217
Le Pub,Pub,14,High Street,Newport,NP20 1FW,"14 High Street, Newport, NP20 1FW",,,+44 1633 221477,51.5894565,-2.9969963,way,733014797
Lea Hall Sports and Social Club,Nightclub,,,,,,,,,52.4787697,-1.7831835,way,60213849
Leadworks,Arts centre,170,Rendle Street,Plymouth,PL1 1TP,"170 Rendle Street, Plymouth, PL1 1TP",,https://www.leadworksprojects.com/,,50.3709483,-4.1527845,way,240951907
Leamington Football Club,Stadium,,Harbury Lane,Leamington Spa,CV33 9SA,"Harbury Lane, Leamington Spa, CV33 9SA",,,,52.2444177,-1.5033668,way,314904406
Leas Cliff Bandstand,Bandstand,,,,,,,,,51.0753961,1.1710206,way,313066658
Leas Cliff Hall,Events venue,,,Folkestone,CT20 2DZ,"Folkestone, CT20 2DZ",,,,51.0757838,1.1736362,way,96358663
Leas Cliff Hall,Theatre,,,,,,,,,51.0759032,1.1734307,node,253231965
Leatherhead Institute,Arts centre,67,High Street,Leatherhead,,"67 High Street, Leatherhead",,,,51.2958259,-0.3263666,way,61420028
Lecture Theatre,Conference centre,,,,,,,,,50.9611505,-0.9782021,relation,3791809
Lee Valley VeloPark,Stadium,,Abercrombie Road,London,E20 3AB,"Abercrombie Road, London, E20 3AB",,https://www.visitleevalley.org.uk/en/content/cms/london2012/velo-park/,+44 3000 030 613,51.5503853,-0.0152263,way,645435271
Leeds Art Gallery,Arts centre,,The Headrow,Leeds,LS1 3AA,"The Headrow, Leeds, LS1 3AA",,https://museumsandgalleries.leeds.gov.uk/leeds-art-gallery/,+44 113 378 5350,53.8000274,-1.5481087,node,29058588
Leeds City Varieties,Theatre,,Swan Street,Leeds,LS1 6LW,"Swan Street, Leeds, LS1 6LW",,https://leedsheritagetheatres.com/city-varieties-music-hall/,,53.7989502,-1.5428499,way,1306030743
Leeds Grand Theatre,Theatre,46,New Briggate,Leeds,LS1 6NU,"46 New Briggate, Leeds, LS1 6NU",,https://leedsheritagetheatres.com/leeds-grand-theatre/,,53.8000728,-1.5410867,node,26301254
Leeds O2 Academy,Theatre,55,Cookridge Street,Leeds,LS2 3AW,"55 Cookridge Street, Leeds, LS2 3AW",,https://www.o2academyleeds.co.uk/,+44 113 389 1555,53.8022737,-1.5473145,way,175661067
Leeds Playhouse,Theatre,,St Peters Street,Leeds,LS2 7UP,"St Peters Street, Leeds, LS2 7UP",,https://www.leedsplayhouse.org.uk/,,53.7979907,-1.5343053,way,78425271
Leek Town FC,Stadium,,,,,,,,,53.1097269,-2.0397972,relation,1883813
Legacy Lounge,Nightclub,49,High Street,Newport,NP20 1GA,"49 High Street, Newport, NP20 1GA",,,,51.5890164,-2.9975617,node,6871293504
Legends,Nightclub,71,Cowgate,Edinburgh,EH1 1JW,"71 Cowgate, Edinburgh, EH1 1JW",,,+44 1312258382,55.9481834,-3.1915845,node,483043342
Legends,Nightclub,,,,,,,,,51.3464843,-2.9803382,way,751428719
Legends,Pub,1,Beaufort Street,Brynmawr,NP23 4AE,"1 Beaufort Street, Brynmawr, NP23 4AE",,,+44 1495 826 920,51.7998238,-3.1757682,node,13046300830
Legends Stand,Stadium,,,,,,,,,51.6025571,-0.2924077,way,722960510
Leicester Road Stadium,Stadium,,,,,,,,,52.5590963,-1.3404063,way,215494970
Leicester Square Theatre,Theatre,6,Leicester Place,London,WC2H 7BX,"6 Leicester Place, London, WC2H 7BX",,https://www.leicestersquaretheatre.com/,+44 20 7734 2222,51.5113093,-0.1300926,node,3758690563
Leigh Sports Village Stadium,Stadium,,,,,,,,,53.4897723,-2.5301747,way,663009864
Leighton Buzzard Theatre,Theatre,,Lake Street,Leighton Buzzard,LU7 1RX,"Lake Street, Leighton Buzzard, LU7 1RX",,,+44 300 300 8125,51.9157907,-0.6594293,node,454333279
Leith Theatre,Theatre,28-30,Ferry Road,Edinburgh,EH6 4AE,"28-30 Ferry Road, Edinburgh, EH6 4AE",,https://www.leiththeatre.co.uk/,+44 131 629 0810,55.9757238,-3.180472,node,4235737795
Leitheatre,Theatre,20,Sunnyside,Edinburgh,,"20 Sunnyside, Edinburgh",,https://www.leitheatre.com/,,55.9604895,-3.1695316,node,3198841114
Lemonshed,Nightclub,3B,Sackville Street,Bradford,BD1 2AJ,"3B Sackville Street, Bradford, BD1 2AJ",,,,53.7945513,-1.7567877,way,1148006570
Lennon's Bar,Nightclub,,,,,,,,,53.4064251,-2.9872299,node,5612243081
Leo Price Theatre,Theatre,,,,,,,,,51.8710335,0.1511079,way,192590700
Lesser Hampden,Stadium,,,,,,,,,55.8256189,-4.2554966,way,402361301
Level,Nightclub,18-20,Fleet Street,Liverpool,L1 4AN,"18-20 Fleet Street, Liverpool, L1 4AN",,,,53.4032545,-2.9809826,way,279397331
Level,Nightclub,25,Mawdsley Street,Bolton,BL1 1LL,"25 Mawdsley Street, Bolton, BL1 1LL",,,,53.5773593,-2.4278178,node,632694398
Level 2 Nightclub,Nightclub,,,,,,,,,54.281756,-0.4002368,way,310601556
Level 33,Nightclub,,,,,,,,,50.3695494,-4.1501953,way,241096887
Level 4,Nightclub,5,Dickson Road,Blackpool,FY1 2AX,"5 Dickson Road, Blackpool, FY1 2AX",,,,53.8213885,-3.0512616,node,1412671403
Level Two,Nightclub,,,,,,,,,53.255498,-1.914432,node,603562910
Leven Is Strijd,Events venue,,Susans Lane,Upchurch,ME9 7HA,"Susans Lane, Upchurch, ME9 7HA",,https://www.leven.me.uk,+44 1634 944293,51.3825758,0.6629344,way,1368475801
Levenshulme Old Library,Arts centre,,Cromwell Grove,Manchester,M19 3QE,"Cromwell Grove, Manchester, M19 3QE",,https://levenshulmeoldlibrary.org.uk/,,53.4451336,-2.1861133,way,94975142
Leverhulme Athletics Stadium,Stadium,,,,,,,,,53.5737269,-2.395035,node,471409032
Lewes Little Theatre,Theatre,,,,,,,,,50.8759373,0.0112373,node,992611982
Lexham Suite,Events venue,1,Cross Street,Blackpool,FY1 2EA,"1 Cross Street, Blackpool, FY1 2EA",,,,53.8246328,-3.0517128,node,9502481739
Lexis,Nightclub,21,Clumber Street,Mansfield,NG18 1NU,"21 Clumber Street, Mansfield, NG18 1NU",,,,53.1459032,-1.1968335,way,310891779
Lexx Jerkz Bar & Grill,Nightclub,75,Bridge Street,Walsall,WS1 1JQ,"75 Bridge Street, Walsall, WS1 1JQ",,,,52.5847076,-1.9774695,way,1057965816
Leyton Great Hall,Events venue,1a,Adelaide Road,London,E10 5NN,"1a Adelaide Road, London, E10 5NN",,https://leytongreathall.com,,51.5585635,-0.0079617,way,240678709
Liberty Club (Grill & Bistro),Nightclub,,,Brandon,IP27 9PN,"Brandon, IP27 9PN",,https://lakenheathfss.com/liberty-club/,,52.3902674,0.5448158,way,1303666255
Libra Gentlemen's Retreat,Nightclub,,,,,,,,,52.4836477,-1.9167185,way,76821593
Library Theatre,Theatre,,Surrey Street,Sheffield,S1 1XZ,"Surrey Street, Sheffield, S1 1XZ",,,,53.3802907,-1.4670654,node,1817985508
Library Theatre,Theatre,,,,,,,,,51.8811899,-0.4168993,node,2622856469
Lichfield Garrick,Theatre,,,,,,,https://www.lichfieldgarrick.com/,,52.6824728,-1.826387,node,454591172
Life Conference & Banqueting,Conference centre,,Times Square,Newcastle upon Tyne,NE1 4EP,"Times Square, Newcastle upon Tyne, NE1 4EP",,https://meetingsandevents.life.org.uk/,,54.9674321,-1.6198654,node,11985258
Light  House Arts space,Arts centre,5,Northumberland Street,North Shields,,"5 Northumberland Street, North Shields",,,,55.0116774,-1.4368818,node,4772527643
Lightbox,Nightclub,6a,South Lambeth Place,London,SW8 1SP,"6a South Lambeth Place, London, SW8 1SP",,https://www.lightboxlondon.net/,,51.4853592,-0.1234761,node,368025671
Lighthouse Studios,Arts centre,89a,Shacklewell Lane,London,E8 2EB,"89a Shacklewell Lane, London, E8 2EB",,https://lighthousespace.co.uk/,,51.552709,-0.0711483,node,11289689793
Lighthouse Theatre,Theatre,,Thurston Drive,Kettering,NN15 6PB,"Thurston Drive, Kettering, NN15 6PB",,,,52.3877944,-0.7351947,node,1034037094
Lillie's,Nightclub,,,,,,,,,19.3317347,-81.3805656,node,5124855882
LIMBO,Arts centre,2,Bilton Square,Margate,CT9 1EE,"2 Bilton Square, Margate, CT9 1EE",,https://www.limboarts.co.uk/,,51.3882497,1.3809066,node,2622182365
Limehouse Town Hall,Arts centre,646,Commercial Road,London,E14 7HA,"646 Commercial Road, London, E14 7HA",,https://www.limehousetownhall.co.uk/,,51.5121188,-0.0314016,way,102468236
Limelight 1,Music venue,17,Ormeau Avenue,,BT2 8HD,"17 Ormeau Avenue, BT2 8HD",,,,54.5929274,-5.9290437,node,450146569
Limelight 2,Music venue,,,,,,,,,54.5927931,-5.9283928,node,450146571
Limepark Arts & Cottages,Arts centre,37,Drones Road,"Ballymoney, Armoy",BT53 8XJ,"37 Drones Road, Ballymoney, Armoy, BT53 8XJ",,https://limepark.com/,,55.1197203,-6.3279344,node,4135372556
Limitless Academy of Performing Arts,Arts centre,,Melbourn Street,Royston,,"Melbourn Street, Royston",,,,52.0480856,-0.023274,node,13421556394
Linbury Theatre,Theatre,,,,,,400,,,51.5128005,-0.1219382,node,12806309096
Lincoln Arts Centre,Theatre,,,Lincoln,LN6 7TS,"Lincoln, LN6 7TS",,https://lincolnartscentre.co.uk/,,53.2273258,-0.5460696,way,836528622
Lincoln Drill Hall,Arts centre,,Free School Lane,Lincoln,LN2 1EY,"Free School Lane, Lincoln, LN2 1EY",,,,53.2298322,-0.5369873,way,455991614
Lincoln's Inn Fields Bandstand,Bandstand,,,,,,,,,51.5162569,-0.1165507,way,1367310699
Lincolnshire Co-operative Stand,Stadium,,,,,,,,,53.2184193,-0.541615,way,241336321
Links Park,Stadium,,Wellington Street,Montrose,DD10 8QD,"Wellington Street, Montrose, DD10 8QD",3292,https://www.montrosefc.co.uk/,,56.7138577,-2.4591513,way,256703800
Linslade Memorial Pavilion,Events venue,,,,,,,https://www.leightonlinslade-tc.gov.uk/venues/linslade-memorial-pavilion/,,51.912809,-0.671394,way,947860970
Lion and Unicorn,Theatre,,,,,,,https://www.thelionandunicorntheatre.com/,,51.5480478,-0.1390239,node,1340912562
Lions Suite,Events venue,187,Kew Road,Richmond,TW9 2AZ,"187 Kew Road, Richmond, TW9 2AZ",,https://www.olddeerpark.co.uk/rooms/lions-lounge/,+44 2083 326 696,51.4689443,-0.2952961,node,12674308986
Liquid Club & Lava Lounge,Nightclub,,,,,,,,,54.6022521,-5.9240515,node,13196790349
Little Angel Theatre,Theatre,13,Dagmar Passage,London,N1 2DN,"13 Dagmar Passage, London, N1 2DN",,https://www.littleangeltheatre.com,+44 20 7226 1787,51.5388222,-0.1013532,node,824412278
Little Buildings,Nightclub,3-5,Stepney Bank,Newcastle upon Tyne,NE1 2PW,"3-5 Stepney Bank, Newcastle upon Tyne, NE1 2PW",,https://www.littlebuildingslive.com/,,54.9747082,-1.5961871,node,6111301458
Little Civic,Nightclub,,,,,,,,,52.5876471,-2.1239478,node,8158581339
Little Common Methodist Church Hall,Events venue,,Church Hill Avenue,,,Church Hill Avenue,,http://www.littlecommonmethodists.btck.co.uk/BookingLittleCommon,+44 1424 848256,50.8443296,0.4351765,way,495517391
Little Oak Wood open air theatre,Theatre,,,,,,,,,51.5862462,-0.1923656,way,594595236
Little Plaza,Events venue,24,,Edinburgh,EH7 4AF,"24, Edinburgh, EH7 4AF",,,,55.9602943,-3.1826093,node,2920296540
Little Theatre,Theatre,,Holme Street,Hebden Bridge,HX7 8EE,"Holme Street, Hebden Bridge, HX7 8EE",,https://hblt.co.uk/,,53.7403693,-2.014144,way,93689405
Little Theatre,Theatre,,,,,,,,,51.7148893,-3.4491387,way,97317308
Little Theatre,Theatre,,Saint Mark's Road,Torquay,TQ1 2EL,"Saint Mark's Road, Torquay, TQ1 2EL",,,,50.4576261,-3.5149526,way,206136265
Little Theatre,Theatre,,,,,,,,,51.8840083,-0.5174123,node,502904948
Little Theatre,Theatre,2-4,Station Road,Sheringham,NR26 8RE,"2-4 Station Road, Sheringham, NR26 8RE",,https://sheringhamlittletheatre.com/,,52.9433649,1.2107722,node,1518354242
Little Theatre,Theatre,20,Hoghton Street,Southport,PR9 0PA,"20 Hoghton Street, Southport, PR9 0PA",,https://www.littletheatresouthport.co.uk/,+44 1704 530460,53.6481482,-3.0014822,node,3754649553
Little Theatre,Theatre,,,,,,,,,53.2545641,-2.1229805,node,5234422649
Little Theatre,Theatre,,,,,,,https://www.padstowkernowplayers.com/,,50.5413382,-4.9407732,node,11106044703
Little Theatre Gateshead,Theatre,1-4,Saltwell View,Gateshead,NE8 4JS,"1-4 Saltwell View, Gateshead, NE8 4JS",,https://www.littletheatregateshead.com/,+44 191 4781499,54.9477331,-1.6015558,way,60671865
Live at Hoots,Nightclub,16,Home Street,Edinburgh,EH3 9LY,"16 Home Street, Edinburgh, EH3 9LY",,,,55.9433649,-3.2039477,node,3946332182
Live at the Roundhouse,Events venue,,,,,,,,,51.5419815,0.1132508,way,123796101
Live Theatre,Theatre,,Broad Chare,Newcastle upon Tyne,NE1 3DQ,"Broad Chare, Newcastle upon Tyne, NE1 3DQ",,https://www.live.org.uk/,,54.9700059,-1.6050065,node,98199077
Live! Loughborough,Theatre,,,,,,,,,52.7713113,-1.2044156,node,13893965647
LiveHouse,Events venue,104-110,Nethergate,Dundee,DD1 4EH,"104-110 Nethergate, Dundee, DD1 4EH",,https://www.livehousedundee.co.uk/,,56.4583104,-2.9723343,way,37896351
Liverpool Empire Theatre,Theatre,11,Lime Street,Liverpool,L1 1JE,"11 Lime Street, Liverpool, L1 1JE",,https://www.atgtickets.com/venues/liverpool-empire/,,53.4089055,-2.9781781,way,213185598
Livesey Exchange,Events venue,,,,,,,,,51.4847373,-0.0668015,node,13612609192
Livesey Exchange (LEX1),Arts centre,,,London,SE15 1QP,"London, SE15 1QP",,https://liveseyexchange.com/,,51.4810111,-0.0619898,way,618060312
Living It Up Performing Arts Centre,Arts centre,,,,,,,,,52.1370085,-0.4625087,node,9781125001
Living Room (At the Chiswick),Nightclub,299,Chiswick High Road,,,299 Chiswick High Road,,,,51.4926248,-0.2677302,way,205697246
Living Wetland Theatre,Theatre,,,,,,,,,51.7388848,-2.4091033,way,1149514108
Lizard Lounge,Nightclub,66,Queen's Road,Bristol,BS8 1QU,"66 Queen's Road, Bristol, BS8 1QU",,,,51.4570637,-2.607288,way,261007867
Llandaff Memorial Hall,Events venue,,,,,,,http://www.jazzyjungle.co.uk/,,51.4936609,-3.2179078,way,96021571
Llangollen Pavilion,Events venue,,,,,,,https://llangollenpavilion.co.uk/,+44 1978 860111,52.973504,-3.1754283,way,103517491
Llangollen Pavilion,Events venue,,Abbey Road,Llangollen,LL20 8SW,"Abbey Road, Llangollen, LL20 8SW",,,,52.9734376,-3.1753235,node,9320672346
Llanover Hall Arts Centre,Arts centre,,Romilly Road,Cardiff,CF5 1FH,"Romilly Road, Cardiff, CF5 1FH",,https://www.llanoverhall.com,,51.4851894,-3.2068502,way,95779420
Llantarnam Grange,Arts centre,,St David's Road,Cwmbran,NP44 1PD,"St David's Road, Cwmbran, NP44 1PD",,https://llantarnamgrange.com/,,51.654255,-3.0195968,node,7157383394
Llwyn Isaf Bandstand,Bandstand,,,,,,,,,53.0473516,-2.9933721,way,325447724
LNER Azuma Stand,Stadium,,,,,,,,,53.9843103,-1.0519927,way,617501044
LNER Community Stadium,Stadium,,Kathryn Avenue,York,YO32 9AF,"Kathryn Avenue, York, YO32 9AF",,,,53.9843532,-1.0527329,way,952291708
LNER Stadium,Stadium,,Sincil Bank,Lincoln,LN5 8LD,"Sincil Bank, Lincoln, LN5 8LD",,,,53.2183083,-0.5408745,way,23432862
Local Art And Craft Centre,Arts centre,,,,,,,,,51.2101611,-4.1204598,node,4367041551
Lochburn Park,Stadium,,,,,,,,,55.8909801,-4.288018,way,632677642
Lochgelly Brass Band,Events venue,37,Russell Street,Lochgelly,,"37 Russell Street, Lochgelly",,,,56.1298117,-3.3057555,way,724095463
Lochgelly Centre,Theatre,,,,,,,,,56.1292159,-3.3107907,way,724095449
Locke Park Bandstand,Bandstand,,,,,,,,,53.5421406,-1.4888391,way,963781059
Lockerbie Little Theatre,Theatre,7,Well Street,Lockerbie,,"7 Well Street, Lockerbie",,,,55.1226456,-3.3549184,way,1063222114
Lockinghill Studio,Arts centre,,,,,,,,,51.7474484,-2.2158002,way,466166097
Loco Klub,Nightclub,,Approach Road,Bristol,BS1 6QH,"Approach Road, Bristol, BS1 6QH",,,,51.4490936,-2.5828975,node,5434139606
Lodge St John Busby 458,Events venue,2,Hawthorn Road,Glasgow,G76 8EH,"2 Hawthorn Road, Glasgow, G76 8EH",,,,55.781732,-4.2712685,way,696077050
Loft,Nightclub,78-80,Rose Lane,Norwich,NR1 1PT,"78-80 Rose Lane, Norwich, NR1 1PT",,https://www.loftnr1.co.uk/,+44 1603 623559,52.6285288,1.3031143,way,242049091
Loft,Nightclub,17,North Road,Durham,DH1 4SH,"17 North Road, Durham, DH1 4SH",,https://loftdurham.co.uk/,,54.7768314,-1.5807974,node,3778784120
Lola Lo,Nightclub,67-69,Queen's Road,Bristol,BS8 1QL,"67-69 Queen's Road, Bristol, BS8 1QL",,,,51.4565043,-2.6072459,way,252983544
Lola Lo,Nightclub,77,East Street,Brighton,BN1 1NF,"77 East Street, Brighton, BN1 1NF",,,,50.8198374,-0.1389383,way,430540313
Lola Lo,Nightclub,126,Friar Street,,RG1 1EP,"126 Friar Street, RG1 1EP",,,,51.4565926,-0.9738925,node,6175703417
London Aquatics Centre,Stadium,,,London,E20 2AQ,"London, E20 2AQ",,http://www.londonaquaticscentre.org/,,51.5401511,-0.0105674,way,1169737833
London Art House,Conference centre,,,,,,,,,51.5377627,-0.0987235,node,849101476
London Bubble Theatre,Theatre,3-5,Elephant Lane,London,SE16 4JD,"3-5 Elephant Lane, London, SE16 4JD",,https://www.londonbubble.org.uk,+44 20 7237 4434,51.5006147,-0.0553951,way,501842074
London Coliseum,Theatre,32-35,St Martin's Lane,London,WC2N 4ES,"32-35 St Martin's Lane, London, WC2N 4ES",,https://www.eno.org/,+44 20 7845 9300,51.5100068,-0.1262395,way,107035569
London Hippodrome,Theatre,,,,,,,,,51.5114674,-0.1289434,way,172645316
London Irish Centre,Arts centre,50-52,Camden Square,London,NW1 9XB,"50-52 Camden Square, London, NW1 9XB",,https://londonirishcentre.org,+44 20 7916 2222,51.5438261,-0.1324276,node,1201381588
London Museum,Events venue,,Hertsmere Road,London,E14 4AL,"Hertsmere Road, London, E14 4AL",,,+44 20 7538 2702,51.5075631,-0.0235515,way,140144136
London Museum Spaces,Events venue,150,London Wall,London,EC2Y 5HN,"150 London Wall, London, EC2Y 5HN",,https://www.londonmuseum.org.uk/spaces/,,51.5178714,-0.0961772,way,156190525
London Palladium,Theatre,7-8,Argyll Street,London,W1F 7TF,"7-8 Argyll Street, London, W1F 7TF",,http://www.london-palladium.co.uk,,51.5145338,-0.1401738,way,65489484
London Road Sports & Social Club,Nightclub,279,London Road,,,279 London Road,,,,52.997794,-2.1901712,node,2327513904
London Shenley Club,Events venue,,Radlett Lane,Radlett,WD7 9DW,"Radlett Lane, Radlett, WD7 9DW",,https://londonshenleyclub.co.uk/,,51.6897271,-0.296168,way,1372650201
London Stadium,Stadium,,Queen Elizabeth Olympic Park,London,E20 2ST,"Queen Elizabeth Olympic Park, London, E20 2ST",66000,,,51.53867,-0.0166233,way,486297861
London Suite,Conference centre,47,Lillie Road,London,SW6 1UD,"47 Lillie Road, London, SW6 1UD",,https://mercurelondonsuite.co.uk,+44 20 7666 8470,51.4859489,-0.1991211,node,5851127908
London Venue,Events venue,30a,Church Road,London,,"30a Church Road, London",,,,51.5474026,0.0538418,way,1153261465
Long Eaton Art Room,Arts centre,29-31,Lime Grove,Nottingham,NG10 4LD,"29-31 Lime Grove, Nottingham, NG10 4LD",,http://www.leartroom.co.uk/,,52.8995051,-1.2771155,way,296948900
Long Eaton United Football Club,Stadium,,,Nottingham,NG10 2DU,"Nottingham, NG10 2DU",,https://www.pitchero.com/clubs/longeatonunited/,,52.8963976,-1.2563293,way,145436719
Long Furlong Barn Wedding Venue,Events venue,,Long Furlong,Worthing,BN13 3XN,"Long Furlong, Worthing, BN13 3XN",,,,50.8569434,-0.4417449,way,479775035
Longmead Stadium,Stadium,,,,,,,,,51.2114876,0.2692602,way,764844991
Longwood Outdoor Auditorium,Theatre,,,,,,,,,53.6462566,-1.8309857,way,297544959
Loop,Music venue,13,Castle Foregate,Shrewsbury,SY1 2DJ,"13 Castle Foregate, Shrewsbury, SY1 2DJ",,,,52.7121599,-2.7504171,node,11702060792
Loop Meadow Stadium,Stadium,,,,,,,https://www.didcottownfc.co.uk/,,51.6141013,-1.2398095,way,988760783
Lord's Cricket Ground,Stadium,,St John's Wood Road,London,NW8 8QN,"St John's Wood Road, London, NW8 8QN",28000,https://www.lords.org/,,51.5297048,-0.1722484,relation,9653407
Loreburn Hall,Events venue,,,Dumfries,DG1 1LN,"Dumfries, DG1 1LN",,,,55.0699904,-3.6075813,way,746697725
Lost Horizon,Arts centre,1-3,Elton Street,Bristol,BS2 9EH,"1-3 Elton Street, Bristol, BS2 9EH",,https://www.losthorizonlive.com,,51.460774,-2.5805986,way,332983361
Lothian Stand,Stadium,,,,,,,,,55.9413528,-3.2444679,way,867724827
Loudon Suite,Events venue,,,,,,,,,52.4670217,-1.9291778,way,1414538694
Louise Blouin Foundation,Arts centre,,,,,,,,,51.5101256,-0.2177329,node,3487811107
Louise Carnegie Bandstand,Bandstand,,,,,,,,,56.0700509,-3.450979,way,429447308
Love 2 Love,Nightclub,,,,,,,,,52.3326168,-2.0633201,node,3505188686
Love and Death Inc.,Nightclub,10A,Ann Street,Belfast,BT1 4EF,"10A Ann Street, Belfast, BT1 4EF",,,,54.5990001,-5.9271506,node,5176264372
Low Key Tap Room,Pub,39-41,,,,39-41,,,,51.147509,0.8707162,way,1149840990
Low Profile Studios,Nightclub,,Vale Road,London,,"Vale Road, London",,,,51.5750212,-0.0912465,node,13168161702
Lower Leas Amphitheatre,Theatre,,,,,,,,,51.0750037,1.1722051,way,894368418
Lowestoft Town FC,Stadium,,Love Road,Lowestoft,NR32 2PA,"Love Road, Lowestoft, NR32 2PA",,,,52.4806581,1.7471509,way,75102368
Lowrie Function Suite,Events venue,,,,,,,,,55.4273013,-2.784803,node,10775410711
Lowther Pavilion,Theatre,,,Lytham St Annes,FY8 5QQ,"Lytham St Annes, FY8 5QQ",,,,53.7354233,-2.9718805,way,282093798
Lox Lane Farm,Conference centre,,,,,,,https://www.loxlane.co.uk/,,51.0131755,-2.2467017,way,254494295
LRV,Nightclub,,,,,,,,,53.0079229,-2.1754357,node,6047490281
LSHS - Performing Arts Centre,Arts centre,,,,,,,,,52.4900527,1.2289234,way,162571097
Lucky Voice,Nightclub,,,,,,,,,51.5414402,-0.1030753,node,331880875
Lucky Voice,Nightclub,,,,,,,,,51.5158295,-0.1120084,node,9712566017
Ludlow Assembly Rooms,Theatre,1,Mill Street,,,1 Mill Street,,https://ludlowassemblyrooms.co.uk/,,52.3670952,-2.7206797,node,2755883367
Luna,Nightclub,18,High Street,Croydon,CR0 1GT,"18 High Street, Croydon, CR0 1GT",,,,51.3729055,-0.1004846,node,1804468520
Lux,Nightclub,16,Dunbar Street,Belfast,BT1 2LH,"16 Dunbar Street, Belfast, BT1 2LH",,,,54.602258,-5.9259227,way,422423676
LUX,Arts centre,,Dartmouth Park Hill,London,N19 5JF,"Dartmouth Park Hill, London, N19 5JF",,https://lux.org.uk/,,51.5684363,-0.142746,way,721275319
Lyceum Theatre,Theatre,21,Wellington Street,London,WC2E 7DN,"21 Wellington Street, London, WC2E 7DN",,https://www.thelyceumtheatre.com/,,51.5114805,-0.1200573,way,27163672
Lyceum Theatre,Theatre,,Heath Street,Crewe,CW1 2DA,"Heath Street, Crewe, CW1 2DA",,,,53.0989121,-2.4402102,node,245569130
Lyceum Theatre,Theatre,95,Union Street,Oldham,OL1 1QG,"95 Union Street, Oldham, OL1 1QG",,,,53.5406386,-2.1110209,node,10019632143
Lyme Breeze,Events venue,,Wood Lane East,Macclesfield,SK10 4PH,"Wood Lane East, Macclesfield, SK10 4PH",,https://lymebreeze.co.uk/,+44 1625 871120,53.3316782,-2.0949058,way,1090861666
Lyme Valley Stadium,Stadium,,Lillishall Road,,ST5 3BX,"Lillishall Road, ST5 3BX",,,,52.9976324,-2.2149003,way,59637011
Lynroys,Nightclub,,Canal Bank,,,Canal Bank,,https://www.lynroys.com/,,52.7756277,-1.2112043,node,1927757507
Lyric Hammersmith Theatre,Theatre,,,,,,,,,51.4930924,-0.2264424,way,29205167
Lyric Theatre,Theatre,65,Shaftesbury Avenue,London,W1D 7ES,"65 Shaftesbury Avenue, London, W1D 7ES",,https://www.nimaxtheatres.com/nimax/lyric,,51.5113432,-0.133751,way,149173469
Lyric Theatre,Theatre,,,,,,,https://lyrictheatre.co.uk,,54.5771527,-5.9308835,way,195647586
Lyric Theatre,Theatre,,,,,,,https://www.theatrausirgar.co.uk/,,51.856503,-4.304952,way,1218387413
Lyth Arts Centre,Arts centre,,,,KW1 4UD,KW1 4UD,,https://lytharts.org.uk/,,58.5503226,-3.2212068,relation,13677706
Lyttelton Theatre,Theatre,,,,,,,,,51.5069667,-0.1144341,node,5110757789
M&S Bank Arena,Stadium,,Monarchs Quay,Liverpool,L3 4FP,"Monarchs Quay, Liverpool, L3 4FP",,https://www.mandsbankarena.com/,,53.3975439,-2.9915991,way,656966990
Ma Dame,Nightclub,58,Porchester Road,London,,"58 Porchester Road, London",,https://ma-dame.london/,+44 7712 726062,51.5182982,-0.1888936,node,6981977191
MacArts,Arts centre,,,,,,,,,55.6181254,-2.8094479,way,1151640020
Macclesfield Masonic Hall,Events venue,1,Riseley Street,Macclesfield,SK10 1BW,"1 Riseley Street, Macclesfield, SK10 1BW",,https://www.oakleighhouse.org/,,53.2621057,-2.1339765,node,13198216901
Macduff Arts Centre,Arts centre,,,,,,,,,57.6693223,-2.4943083,way,429004469
Machen Workingmen's Club,Nightclub,18,Commercial Road,Machen,CF83 8NA,"18 Commercial Road, Machen, CF83 8NA",,,,51.5959263,-3.1439568,way,300944282
Mackworth Arms,Pub,6,High Street,Bridgend,CF32 0LD,"6 High Street, Bridgend, CF32 0LD",,https://www.mackwortharmslaleston.co.uk/,+44 1656 714 405,51.50569,-3.6237027,node,355870876
Macready Theatre,Theatre,,,,,,,,,52.3707252,-1.2621844,way,170145572
Macsorley's,Bar,42,Jamaica Street,Glasgow,G1 4QG,"42 Jamaica Street, Glasgow, G1 4QG",,https://macsorleys.co.uk/,+44 141 248 7629,55.8573557,-4.2575652,way,115481033
Madcap,Arts centre,,,,,,,http://www.madcap.org.uk/,,52.0627214,-0.8077208,node,1425245910
Maddermarket Theatre,Theatre,,Saint John's Alley,Norwich,NR2 1DR,"Saint John's Alley, Norwich, NR2 1DR",,,,52.6302807,1.2924879,way,123035166
Maes Tegid,Stadium,,Castle Street,Bala,LL23 7UY,"Castle Street, Bala, LL23 7UY",,,,52.912441,-3.601476,way,758783247
Magali Vaissiere Conference Centre,Conference centre,,,,,,,,,51.5760289,-1.3081846,way,1274698717
Magazine London,Events venue,11,Ordnance Crescent,London,SE10 0JH,"11 Ordnance Crescent, London, SE10 0JH",,https://magazinelondon.co.uk,,51.5011481,-0.0012531,way,831703104
Magdalen Pavillion,Bandstand,,,,,,,,,56.453058,-2.9946885,way,313160824
Maggie's,Nightclub,2A,Regent Street,,,2A Regent Street,,,,51.8980967,-2.0770544,way,166116468
Magic Bingo,Events venue,5A,Main Street,Cockermouth,CA13 9LE,"5A Main Street, Cockermouth, CA13 9LE",,,,54.6636638,-3.3626591,node,3595914369
Mahiki,Nightclub,1,Dover Street,London,W1S 4LA,"1 Dover Street, London, W1S 4LA",,https://mahiki.com/,,51.5077469,-0.1412782,way,289954045
Maidens Barn,Events venue,,Green Street,Higher Easter,CM3 1HU,"Green Street, Higher Easter, CM3 1HU",,https://www.weddingbarnessex.co.uk/,,51.8228162,0.3699659,node,8685776882
Maidstone United FC - Gallagher Stadium,Stadium,,,,ME14 1LQ,ME14 1LQ,,https://www.maidstoneunited.co.uk/,+44 1622 753817,51.2797865,0.5163034,way,257710454
Main Hall,Events venue,,,,,,,,,50.9376668,-1.7868207,way,874392654
Main Hall,Events venue,,,,,,,,,51.4870581,-0.1682583,way,904633405
Main Hall,Theatre,,,,,,,https://www.bournehall.org/,+44 20 8393 9571,51.3505136,-0.2524064,node,6266973816
Main Stand,Stadium,,,,G14 9HD,G14 9HD,3513,,,55.881284,-4.3426531,way,179718791
Main Stand,Stadium,,,,,,,,,55.9446731,-4.0370643,way,182440802
Main Stand,Stadium,,,,,,,,,53.4312514,-2.9616609,way,188699284
Main Stand,Stadium,,,,,,,,,54.8956034,-2.9144878,way,191631371
Main Stand,Stadium,,,,,,,,,53.4388794,-2.9670369,way,202299666
Main Stand,Stadium,,,,,,,,,51.4903727,-0.2884556,way,703148305
Main Stand,Stadium,,,,,,,,,51.431074,-0.1871875,way,845872684
Main Stand,Stadium,,,,,,,,,55.942117,-3.2450021,way,867724828
Mainstreet Nightclub,Nightclub,,,,,,,,,52.7690263,-2.3784701,node,13807190401
Maitland Hall,Nightclub,,,,,,,,,52.4950352,-1.8360173,way,77893138
Makespace Wantage,Arts centre,,,,,,,,,51.589173,-1.4224176,node,12186980109
Maldon Amphiatheatre,Theatre,,,,,,,,,51.7268168,0.6895802,way,1463521748
Malpas Court,Events venue,,Oliphant Circle,Newport,NP20 6AD,"Oliphant Circle, Newport, NP20 6AD",,https://www.cityofnewport.wales/en/Meet/Conference-venues/Malpas-Court.aspx,+44 7580 984369,51.6162475,-3.0142307,node,11517606450
Malt House Barn,Events venue,,,Leaton,SY4 3AP,"Leaton, SY4 3AP",,https://www.malthousebarn.co.uk/,,52.7628345,-2.7897616,way,1031964322
Maltings Theatre,Theatre,26,The Maltings,St Albans,AL1 3HL,"26 The Maltings, St Albans, AL1 3HL",,http://www.maltingsartstheatre.co.uk/,,51.7510228,-0.337026,node,1121609392
Malvern Theater,Theatre,,,,,,,,,52.1103772,-2.3267443,node,10024742071
Malvern Theatres (Winter Gardens),Theatre,,Grange Road,Malvern,WR14 3HB,"Grange Road, Malvern, WR14 3HB",,https://www.malvern-theatres.co.uk/,,52.1103878,-2.3268448,way,1433615925
Mama Roux’s,Nightclub,2,Lower Trinity Street,Birmingham,B9 4AG,"2 Lower Trinity Street, Birmingham, B9 4AG",,https://www.mamarouxs.co.uk/music-venue,,52.4753735,-1.8825622,node,6274879587
Manchester Academy,Events venue,,Oxford Road,Manchester,M13 9PR,"Oxford Road, Manchester, M13 9PR",,https://www.manchesteracademy.net/,,53.4636076,-2.2315142,way,172821403
Manchester Central Convention Complex,Conference centre,,Windmill Street,Manchester,M2 3GX,"Windmill Street, Manchester, M2 3GX",,,,53.4763753,-2.2474407,way,23112318
Manchester Opera House,Theatre,3,Quay Street,Manchester,M3 3HP,"3 Quay Street, Manchester, M3 3HP",1920,https://www.manchestertheatres.com/operahouse.htm,+44 844 871 3018,53.4788967,-2.2513533,way,31192029
Manchester Party Pad,Events venue,40,Southall Street,Manchester,M3 1LG,"40 Southall Street, Manchester, M3 1LG",,,,53.4931845,-2.2432352,node,9628808845
Manchester Regional Arena,Stadium,,Rowsley Street,Manchester,M11 3FF,"Rowsley Street, Manchester, M11 3FF",,https://www.better.org.uk/leisure-centre/manchester/regional-arena-national-squash,,53.4838769,-2.2040654,way,923916078
Manchester Velodrome,Stadium,,Stuart Street,,M11 4DQ,"Stuart Street, M11 4DQ",,,,53.4855718,-2.1919433,way,167790342
Mandarin,Nightclub,,,,,,,,,52.6082787,1.7364809,node,8879454630
Mandela Hall,Events venue,,Gardner Centre Road,Brighton,BN1 9QF,"Gardner Centre Road, Brighton, BN1 9QF",,,,50.8642802,-0.0888085,node,9448435408
Mango,Nightclub,373,Sauchiehall Street,Glasgow,G2 3HU,"373 Sauchiehall Street, Glasgow, G2 3HU",,https://www.mangolatino.co.uk/,,55.8657474,-4.2671904,node,1312364676
Manhattans,Nightclub,5,Clifford Street,Nottingham,NG10 1ED,"5 Clifford Street, Nottingham, NG10 1ED",,,,52.8963603,-1.2674022,way,147097792
Manhattans Ashby,Nightclub,60A,Market Street,Ashby-de-la-Zouch,LE65 1AN,"60A Market Street, Ashby-de-la-Zouch, LE65 1AN",,,,52.7468971,-1.4703808,node,10822600652
Manifest Theatre,Theatre,,,Manningtree,CO11 1BP,"Manningtree, CO11 1BP",,www.manifesttheatre.co.uk,,51.9433818,1.0647539,way,58536414
Maniqui,Nightclub,,Meadow Street,Falkirk,FK1 1RP,"Meadow Street, Falkirk, FK1 1RP",,,,55.9992118,-3.7795261,way,142410908
Manor Barn,Events venue,4,De La Warr Road,Bexhill-on-Sea,TN40 2JA,"4 De La Warr Road, Bexhill-on-Sea, TN40 2JA",,https://themanorbarnbexhill.co.uk/,+44 1424 220231,50.8448875,0.4795635,way,290182365
Manor By The Lake,Events venue,,,,,,,https://www.manorbythelake.co.uk/,,51.8926567,-2.1260886,way,1497395595
Manor Gardens Centre,Arts centre,,,,,,,,,51.5612558,-0.1202171,way,30061004
Manor Operatic Society,Arts centre,,,,,,,,,53.3884909,-1.4624225,way,1211582795
Manor Pavilion Theatre,Theatre,,,,,,,,,50.6796751,-3.2424574,way,37047236
Manor Studio,Arts centre,,,,,,,http://www.manorballet.com/,,51.4665331,-0.136931,node,248932663
Mansfield Park,Stadium,,Mansfield Road,Hawick,TD9 8AW,"Mansfield Road, Hawick, TD9 8AW",,,,55.4322088,-2.7666797,way,473176484
Mansfield Park Events,Events venue,,Mansfield Road,Hawick,TD9 8AW,"Mansfield Road, Hawick, TD9 8AW",,https://www.mansfieldpark.co.uk/,+44 1450 390900,55.4319704,-2.7676406,node,9567450776
Mansfield Traquair,Events venue,15,Mansfield Place,Edinburgh,EH3 6BB,"15 Mansfield Place, Edinburgh, EH3 6BB",,https://www.mansfieldtraquair.co.uk/,+44 1314748013,55.9596954,-3.1904835,way,128979694
Mansion,Nightclub,21,Temple Street,Liverpool,L2 5RH,"21 Temple Street, Liverpool, L2 5RH",,,,53.4070346,-2.9881445,way,1176909552
MANY Studios,Arts centre,3,Ross Street,Glasgow,G1 5AR,"3 Ross Street, Glasgow, G1 5AR",,https://manystudios.co.uk/,+44 141 267 4092,55.855339,-4.238268,node,4107809790
Manzil Restaurant & Banqueting Hall,Events venue,29,Bury New Road,Manchester,M8 8EQ,"29 Bury New Road, Manchester, M8 8EQ",,,,53.4930725,-2.2499798,node,9881938910
Marcova Theatre,Theatre,,,,,,,,,51.7916522,-0.6599354,way,710459416
Mareel,Events venue,,Gutters Gaet,Shetland,ZE1 0WQ,"Gutters Gaet, Shetland, ZE1 0WQ",,https://www.shetlandarts.org/venues/mareel,,60.1584364,-1.148032,way,181495379
Margate Arts Club,Arts centre,276,Northdown Road,Margate,,"276 Northdown Road, Margate",,https://margatearts.club/,,51.3868125,1.4006989,way,979807700
Maria Björnson Outdoor Theatre,Theatre,,,,,,,,,52.2055266,0.1047031,way,143413267
Marilyns,Nightclub,58,Crown Court Yard,Evesham,WR11 4RY,"58 Crown Court Yard, Evesham, WR11 4RY",,,,52.0916419,-1.9450542,way,291910594
Marina Theatre,Theatre,,,,NR32 1HH,NR32 1HH,,https://www.marinatheatre.co.uk/,,52.4759683,1.7534445,way,211777882
Marine Hall,Theatre,,The Esplanade,Fleetwood,FY7 6HF,"The Esplanade, Fleetwood, FY7 6HF",,,,53.9270868,-3.0170695,way,160334750
Marine Theatre,Theatre,,Church Street,Lyme Regis,DT7 3QB,"Church Street, Lyme Regis, DT7 3QB",,http://www.marinetheatre.org.uk/,+44 1297 442394,50.7251066,-2.9314203,way,176714806
Mariscos,Nightclub,,,,,,,,,51.1721021,-4.2051454,node,325183716
Maritime House,Events venue,,,,,,,,,52.6036181,1.7358366,way,909703317
Market Chambers,Arts centre,,Church Street,Basingstoke,,"Church Street, Basingstoke",,,,51.2629858,-1.0872245,node,5221902169
Market Gallery,Arts centre,13,Ross Street,Glasgow,G1 5AR,"13 Ross Street, Glasgow, G1 5AR",,https://www.marketgallery.org/,,55.855107,-4.2383847,node,4107846094
Market Harborough Showground,Events venue,,Gallow Field Road,,LE16 7QB,"Gallow Field Road, LE16 7QB",,https://www.leicestershirecountyshow.co.uk/hire-venue/,,52.4958072,-0.9422512,node,13631294402
Market Place Theatre and Arts Centre,Theatre,,,,,,,,,54.3482566,-6.6544006,way,455682834
Markfield Conference Centre,Conference centre,,Ratby Lane,Coalville,LE67 9SY,"Ratby Lane, Coalville, LE67 9SY",,https://www.islamic-foundation.org.uk/projects/markfield-conference-centre,,52.6764955,-1.2716381,node,12231511322
Marlowe Theatre,Theatre,,The Friars,Canterbury,CT1 2AS,"The Friars, Canterbury, CT1 2AS",,https://www.marlowetheatre.com/,,51.2810974,1.0786133,way,108652190
Marquee,Stadium,,,Newport,NP19 0UU,"Newport, NP19 0UU",,,,51.5888803,-2.98938,way,989206823
Marquee,Events venue,,,,,,,,,53.5714033,-1.5924358,way,1491709935
Marquee Suite,Conference centre,,,,,,,,,53.4093362,-2.9407756,way,276141222
Marron Theatre Arts Centre,Arts centre,,,,,,,https://marrontheatrearts.co.uk/,,54.9624144,-1.7114706,way,1496667255
Marryat Hall,Events venue,,City Square,Dundee,DD1 3BG,"City Square, Dundee, DD1 3BG",,https://www.dundeecity.gov.uk/events/venue/4,+44 1382 434451,56.4598212,-2.9691259,node,12193386147
Marsden Room Theatre,Theatre,,,,,,,,,53.6824166,-2.7020332,node,6745888602
Marshall Arena,Conference centre,,,,,,,http://www.arenamk.com,,52.0085122,-0.7328938,way,405483619
Martello Tower C,Arts centre,,"The Promenade, Belsize Avenue",Clacton-on-Sea,CO15 2LF,"The Promenade, Belsize Avenue, Clacton-on-Sea, CO15 2LF",,https://www.explore-essex.com/places-to-go/find-whats-near-me/jaywick-martello-tower,,51.7726778,1.0949058,way,129092053
Mary Ward House,Conference centre,5-7,Tavistock Place,London,WC1H 9SN,"5-7 Tavistock Place, London, WC1H 9SN",,https://www.camdenccc.co.uk/,,51.5251973,-0.1273853,way,670735837
Marylebone Theatre,Theatre,35,Park Road,London,NW1 6XT,"35 Park Road, London, NW1 6XT",,https://marylebonetheatre.com/,,51.5249154,-0.1604768,way,1109747107
Mash,Nightclub,10-15,Market Passage,Cambridge,CB2 3PF,"10-15 Market Passage, Cambridge, CB2 3PF",,,,52.2063359,0.1199913,node,2382425586
Masiden Hall,Events venue,,,,,,,,,53.5342469,-2.5796974,way,998878092
Masonic Hall,Events venue,10,High Street,Lymington,SO41 9AA,"10 High Street, Lymington, SO41 9AA",,https://www.lymingtonhall.co.uk/,+44 1590 672847,50.7584308,-1.5384333,way,598820571
Masonic Hall,Events venue,Off,Avenue Road,New Milton,BH25 5JP,"Off Avenue Road, New Milton, BH25 5JP",,,,50.756089,-1.6577931,way,713889866
Masonic Hall,Events venue,57,Maidstone Road,,TN12 6DJ,"57 Maidstone Road, TN12 6DJ",,,,51.1844811,0.3876949,node,12990237201
Masonic Lodge,Events venue,,,,,,,,,56.1276428,-3.310489,way,731984025
Masons Arms,Pub,9,Mill Street,Newport,NP11 6EF,"9 Mill Street, Newport, NP11 6EF",,,+44 1633 612 951,51.6056377,-3.0908559,way,1393130288
MAST Mayflower Studios,Theatre,142-144,Above Bar Street,Southampton,SO14 7DU,"142-144 Above Bar Street, Southampton, SO14 7DU",,,,50.9081005,-1.4041581,way,704358239
MATRADE Loftus Road Stadium,Stadium,,South Africa Road,London,W12 7PA,"South Africa Road, London, W12 7PA",18493,https://www.qpr.co.uk/,,51.5093617,-0.2321235,way,17940814
Mattioli Woods Welford Road,Stadium,,,Leicester,,Leicester,,,,52.6242348,-1.1330116,way,4426355
Mayfair Venue,Events venue,1078-1082,High Road,Romford,RM6 4BD,"1078-1082 High Road, Romford, RM6 4BD",,https://mayfairvenue.com/,,51.5699527,0.1284133,way,1504117976
Mayflower Theatre,Theatre,22-26,Commercial Road,Southampton,SO15 1GE,"22-26 Commercial Road, Southampton, SO15 1GE",,https://www.mayflower.org.uk,+442380711811,50.9085415,-1.4103896,way,251428042
Mazuma Stadium,Stadium,,Christie Way,Morecambe,LA4 4TB,"Christie Way, Morecambe, LA4 4TB",6476,https://www.morecambefc.com/,,54.0614114,-2.8672653,way,197725679
McCann's Rock 'n' Ale Bar,Pub,10,High Street,Newport,NP20 1FQ,"10 High Street, Newport, NP20 1FQ",,,+44 7592 238194,51.5896446,-2.9968435,node,6871293502
McCracken Park,Conference centre,,,,,,,,,55.0228613,-1.6195178,way,241725986
McDiarmid Park,Stadium,,Crieff Road,Perth,PH1 2SJ,"Crieff Road, Perth, PH1 2SJ",10696,https://www.mcdiarmidpark.co.uk/,,56.4098656,-3.47689,way,56291030
McKillop Institute,Events venue,,,Lochwinnoch,PA12 4AJ,"Lochwinnoch, PA12 4AJ",,,,55.794801,-4.6303148,way,366950954
McNeill Theatre,Theatre,,,,,,,,,54.8551817,-5.8024735,node,3522371779
McRobert,Theatre,,,,,,,,,56.1456839,-3.9197235,node,1215424175
Meadow Lake Suite,Conference centre,,,,,,,,,53.7709221,-2.6270247,way,189307886
Meadow Lane Stadium,Stadium,,Meadow Lane,Nottingham,NG2 3HJ,"Meadow Lane, Nottingham, NG2 3HJ",20211,https://www.nottscountyfc.co.uk/,+44 115 952 9000,52.9426812,-1.1371815,way,24724780
Meadow Park,Stadium,,Broughinge Road,Borehamwood,WD6 5AL,"Broughinge Road, Borehamwood, WD6 5AL",,,,51.661967,-0.2723725,way,41384012
MECA,Events venue,,Regent Circus,Swindon,SN1 1PR,"Regent Circus, Swindon, SN1 1PR",,,,51.5586262,-1.7803109,way,144622166
Medina Theatre,Theatre,,,,,,,,,50.7109034,-1.2833474,node,1311897051
Medway Little Theatre,Theatre,256,St Margarets Banks,,ME1 1HY,"256 St Margarets Banks, ME1 1HY",,,+44 1634 400322,51.3846185,0.5098977,way,645463268
Meggetland Sports Pavilion,Stadium,,,,,,,,,55.9278243,-3.2350078,way,317665953
Melksham Assembly Hall,Conference centre,,,,,,,,,51.3716094,-2.1396284,way,269534998
Mellin Theatre Arts,Arts centre,,Singleton Street,Swansea,,"Singleton Street, Swansea",,https://www.mellintheatrearts.com/,,51.617965,-3.9480233,node,13447291824
Melton Theatre,Theatre,,Asfordby Road,Melton Mowbray,LE13 0HJ,"Asfordby Road, Melton Mowbray, LE13 0HJ",,,,52.7665246,-0.8910645,node,673953514
Members Enclosure,Events venue,,,,,,,,,50.9621867,-0.197019,way,954617910
Members Stand,Stadium,,,,,,,,,51.487115,-3.192656,way,971194325
Memo Arts Centre,Theatre,,Gladstone Road,Barry,CF62 8NA,"Gladstone Road, Barry, CF62 8NA",,http://memorialhalltheatre.co.uk/,,51.4040969,-3.275274,way,101108676
Memorial Ground,Stadium,,,,,,,,,51.2116175,-0.8062736,way,1047956802
Memorial Stadium,Stadium,,Filton Avenue,Bristol,BS7 0BF,"Filton Avenue, Bristol, BS7 0BF",12100,https://www.memorialstadium.co.uk/,,51.4862607,-2.5832099,way,146461714
Memorial Theatre,Theatre,,Christchurch Street West,Frome,BA11 1EB,"Christchurch Street West, Frome, BA11 1EB",,https://www.fromememorialtheatre.org.uk/,+44 1373 462795,51.2296929,-2.3239857,way,418980232
Memories,Nightclub,,,,,,,,+44 1787461133,51.989708,0.5857744,way,90802314
MEMS Priestfield Stadium,Stadium,,,,,,,,,51.3842121,0.5609677,way,15807803
Mendip Raceway,Stadium,,,,,,,,,51.2976308,-2.7705902,way,76978347
Menuhin Hall,Arts centre,,Cobham Road,Cobham,KT11 3QQ,"Cobham Road, Cobham, KT11 3QQ",,,,51.3072822,-0.3777196,node,6345571351
Mercury Theatre,Theatre,,Balkerne Passage,Colchester,CO1 1PT,"Balkerne Passage, Colchester, CO1 1PT",,,,51.8892102,0.8945143,way,377360905
Meridian Grand,Events venue,,,,,,,https://www.meridiangrand.co.uk/,,51.612853,-0.042704,way,49363115
Meridian Showground,Events venue,,,,,,,,,53.5425211,-0.0061004,way,1346061233
Merlin Theatre,Theatre,,Meadow Bank Road,Sheffield,S11 9AH,"Meadow Bank Road, Sheffield, S11 9AH",,,,53.3619367,-1.4901669,way,98004102
Merthyr Town F.C.,Stadium,,,,,,,,,51.7511855,-3.3777004,way,546544394
Merton Arts Space,Theatre,35,Wimbledon Hill Road,London,SW19 7NB,"35 Wimbledon Hill Road, London, SW19 7NB",,,,51.4225324,-0.2076214,way,481262539
Merville House,Events venue,,Merville Garden Village,Newtownabbey,BT37 9TH,"Merville Garden Village, Newtownabbey, BT37 9TH",,http://www.mervillehouse.org/,+44 28 9085 4900,54.6556883,-5.9130066,way,717538284
Metal,Arts centre,,Trinity Street,Peterborough,PE1 1DA,"Trinity Street, Peterborough, PE1 1DA",,https://metalculture.com/about-us/our-sites/peterborough/,+44 1733 893007,52.5715069,-0.2454551,node,13138096124
Metric,Nightclub,,,,,,,,,51.5003896,-0.178399,node,1478210433
Metroland Studios,Arts centre,91,Kilburn Square,London,NW6 6PS,"91 Kilburn Square, London, NW6 6PS",,https://metrolandcultures.com/,,51.5385287,-0.1955958,node,12905496997
Metropole Cultural and Conference Centre,Theatre,,Mitre Street,Abertillery,NP13 1AL,"Mitre Street, Abertillery, NP13 1AL",,https://awenboxoffice.com/the-met,+44 1495 533195,51.7298828,-3.1336479,node,11278023084
Mexborough Civic Hall,Nightclub,,Bank Street,Mexborough,S64 9LL,"Bank Street, Mexborough, S64 9LL",,,,53.4925392,-1.285991,node,9668145092
Michael Pilch Studio,Theatre,,Jowett Walk,Oxford,OX1 3TS,"Jowett Walk, Oxford, OX1 3TS",,,,51.7558605,-1.2507963,node,7932487758
Michael Tippett Centre,Theatre,,,,,,,,,51.3765696,-2.4365994,way,207657473
Micklefield Hall,Events venue,,Sarratt Road,Rickmansworth,WD3 6AQ,"Sarratt Road, Rickmansworth, WD3 6AQ",,https://www.micklefieldhall.com/,,51.6662325,-0.4787945,way,1069998174
Middlesbrough Empire,Nightclub,2,Corporation Road,Middlesbrough,TS1 2RT,"2 Corporation Road, Middlesbrough, TS1 2RT",,https://www.themiddlesbroughempire.co.uk/,+44 1642 253553,54.5759424,-1.2332371,way,348786091
Middlesbrough Theatre,Theatre,,,,,,,,,54.554866,-1.2406533,node,455371749
Middlewood Dance and Theatre School,Arts centre,,,,,,,,,53.3944408,-1.4883672,node,5022591400
Midlands Arts Centre (MAC),Arts centre,,Cannon Hill Park,Birmingham,B12 9QH,"Cannon Hill Park, Birmingham, B12 9QH",,https://macbirmingham.co.uk/,,52.452821,-1.9038895,way,81001151
Milan,Events venue,107,Cheetham Hill Road,Manchester,M8 8PY,"107 Cheetham Hill Road, Manchester, M8 8PY",,,,53.4937143,-2.2398928,node,9895805674
Mile End Stadium,Stadium,190,Burdett Road,London,E3 4HL,"190 Burdett Road, London, E3 4HL",,,,51.5190119,-0.0334299,way,1214813993
Milk and Honey,Nightclub,61,Poland Street,London,W1F 7NU,"61 Poland Street, London, W1F 7NU",,https://www.mlkhny.com/,,51.5136848,-0.1366092,way,273720739
Mill Farm,Stadium,,Coronation Way,Preston,PR4 3JZ,"Coronation Way, Preston, PR4 3JZ",6000,https://www.afcfylde.co.uk/mill-farm/,,53.7973346,-2.8897079,way,812813504
Mill Hall,Theatre,,,,,,,,,51.5878855,0.6060158,way,154387062
Mill Theatre,Theatre,,Mill Road,Sharnbrook,MK44 1NP,"Mill Road, Sharnbrook, MK44 1NP",,,,52.220523,-0.5210227,way,437580697
Millbridge Court Wedding Barn,Events venue,,Frensham Road,,GU10 3DJ,"Frensham Road, GU10 3DJ",,https://www.millbridgecourt.co.uk/,+44 1252792572,51.1715371,-0.7874649,node,3511106497
Millennium Music Hall,Theatre,,,,,,,,,51.4770366,-3.1813253,node,1038815845
Miller Centre,Theatre,30,Godstone Road,Caterham,CR3 6RA,"30 Godstone Road, Caterham, CR3 6RA",,,,51.2815358,-0.0757117,node,2615784021
Millers Arms,Pub,8,Bridge Street,Pershore,WR10 1AT,"8 Bridge Street, Pershore, WR10 1AT",,https://www.millersarmspershore.co.uk/,,52.1094184,-2.0744247,way,358605535
Millfield Arts Centre,Arts centre,,,,,,,,,51.6160685,-0.0813121,way,235032234
Millfield House,Arts centre,,,,,,,,,51.6159456,-0.0801217,way,235032548
Millfields Social Club,Nightclub,,,,,,,,,52.3289418,-2.0741154,node,444578455
Millgate Arts Centre,Arts centre,,,,,,,https://millgateartscentre.co.uk/,,53.5668175,-2.0231288,node,12256319348
Milligans Cavern Club,Nightclub,65,Wilton Road,Bexhill-on-Sea,TN40 1HF,"65 Wilton Road, Bexhill-on-Sea, TN40 1HF",,,+44 1424 210208,50.8381208,0.4758151,node,4751015987
Milling Barn Wedding Venue,Events venue,,Throcking Road,Buntingford,SG9 9RN,"Throcking Road, Buntingford, SG9 9RN",,https://www.millingbarn.co.uk/,+44 1438 986077,51.9574653,-0.0489405,node,11934538469
Millmoor,Stadium,,,,,,,,,53.428594,-1.3709225,way,32451975
Millom Heritage and Arts Centre,Arts centre,,,,,,,https://millomhac.co.uk,,54.2111395,-3.2705129,node,12543562347
Millom Palladium,Theatre,,,,,,,,,54.2107123,-3.2731861,relation,4443086
Milton Keynes Dance Centre,Arts centre,132,Newport Road,Milton Keynes,MK13 0AA,"132 Newport Road, Milton Keynes, MK13 0AA",,,,52.065861,-0.7916455,node,1425245912
Milton Keynes Theatre,Theatre,500,Midsummer Boulevard,Milton Keynes,MK9 3NZ,"500 Midsummer Boulevard, Milton Keynes, MK9 3NZ",,https://www.atgtickets.com/venues/milton-keynes-theatre/,,52.044324,-0.749001,node,576813376
Minack Theatre,Theatre,,The Valley,Penzance,TR19 6JT,"The Valley, Penzance, TR19 6JT",,https://www.minack.com/,+44 1736 810181,50.0409988,-5.6512819,way,841707473
Minds Eye,Nightclub,,,,,,,,,52.1188448,-4.0767264,node,12127744794
Minehead Barbarians RFC,Stadium,,Ellicombe Lane,Minehead,TA24 6TR,"Ellicombe Lane, Minehead, TA24 6TR",,,,51.1936581,-3.4586789,way,118930861
Ministry of Sound,Nightclub,103,Gaunt Street,London,SE1 6DP,"103 Gaunt Street, London, SE1 6DP",,http://www.ministryofsound.com/,+44 20 7740 8600,51.4977677,-0.0994957,way,380605745
Minstead Lodge,Events venue,,,,,,,https://www.minsteadtrust.org.uk/minstead-lodge/,,50.9003433,-1.5946316,relation,12523276
Minstrel Court,Events venue,,,,,,,https://minstrelcourt.uk,,52.1147516,-0.0515624,way,172269953
Mint,Nightclub,8,Harrison Street,Leeds,LS1 6PA,"8 Harrison Street, Leeds, LS1 6PA",,,,53.7995934,-1.541141,node,5604873860
Mint Warehouse,Nightclub,175,Water Lane,Leeds,LS11 9UD,"175 Water Lane, Leeds, LS11 9UD",,,,53.7902642,-1.5577231,node,5548447017
Mirage,Nightclub,,,,,,,http://www.mirageclubs.com/gentlemensclubbanbury,,52.059967,-1.3354532,way,937106879
Mirage Club,Nightclub,39a,Buckingham Street,Aylesbury,HP20 2NQ,"39a Buckingham Street, Aylesbury, HP20 2NQ",,http://www.mirageclubs.com/mirageclub,,51.8183957,-0.8133852,node,5676043498
Misbourne Abbey Conference Centre,Events venue,,,,,,,https://missendenabbey.co.uk/,,51.7005781,-0.7025759,way,89061709
Mitchell Arts Centre,Arts centre,,,,,,,https://www.mitchellartscentre.co.uk/,,53.0230247,-2.1796567,way,410930740
Mitchell Arts Centre Auditorium,Theatre,,,,,,,,,53.023031,-2.1797494,node,4126782201
Mitre Inn,Pub,1,Mitre Street,Abertillery,NP13 1BY,"1 Mitre Street, Abertillery, NP13 1BY",,,,51.7297021,-3.1331113,node,4792550163
MK Gallery,Arts centre,,,,,,,,,52.0446353,-0.7487709,node,576814776
MKM Stadium,Stadium,,"The Circle, Anlaby Road",Hull,HU3 6HU,"The Circle, Anlaby Road, Hull, HU3 6HU",25586,https://kcomstadium.com/,,53.7462219,-0.3678195,way,219432070
Modern Art Oxford,Arts centre,30,Pembroke Street,Oxford,OX1 1BP,"30 Pembroke Street, Oxford, OX1 1BP",,https://www.modernartoxford.org.uk/,+44 1865 722733,51.7509647,-1.2591039,relation,2016425
Modo,Nightclub,,Concert Square,Liverpool,L1 4NR,"Concert Square, Liverpool, L1 4NR",,,,53.4033662,-2.9805203,way,1161803015
Mojito,Nightclub,42,Broad Street,King's Lynn,PE30 1DP,"42 Broad Street, King's Lynn, PE30 1DP",,,,52.755056,0.3973987,way,865403225
mojo's,Nightclub,60-62,Prince of Wales Road,Norwich,NR1 1LT,"60-62 Prince of Wales Road, Norwich, NR1 1LT",,http://mojosnightclub.com/,+44 1603 622533,52.6294113,1.3020967,way,257360112
Mojo’s,Nightclub,54,Cambrian Road,Newport,,"54 Cambrian Road, Newport",,,,51.5893557,-2.9978601,node,12707309095
Moka and Shack,Nightclub,,Silver Street,Lincoln,LN2 1EH,"Silver Street, Lincoln, LN2 1EH",,,,53.2301999,-0.5382213,way,234185519
Molineux Stadium,Stadium,,Waterloo Road,Wolverhampton,WV1 4QR,"Waterloo Road, Wolverhampton, WV1 4QR",30852,,,52.5902444,-2.130406,way,124646599
Molly Malones,Pub,53-61,West Port,Dundee,DD1 5ER,"53-61 West Port, Dundee, DD1 5ER",,https://www.belhaven.co.uk/pubs/angus/molly-malones,+44 1382 224712,56.4596269,-2.9796954,way,89153633
Molto,Nightclub,,"12 Berriew St, Welshpool SY21 7SQ",,,"12 Berriew St, Welshpool SY21 7SQ",,,,52.6589107,-3.1474993,way,509577878
Monkey Barrel 2,Theatre,15,Blair Street,Edinburgh,EH1 1QR,"15 Blair Street, Edinburgh, EH1 1QR",,https://www.monkeybarrelcomedy.com/,,55.9493275,-3.18785,node,2952376654
Monkey Barrel Comedy,Theatre,9-11,Blair Street,Edinburgh,EH1 1QR,"9-11 Blair Street, Edinburgh, EH1 1QR",,https://www.monkeybarrelcomedy.com/,,55.9493913,-3.1878844,node,2952376633
Monkton Barn Galleries,Events venue,,,Marlow,SL7 3RF,"Marlow, SL7 3RF",,https://monktonbarn.co.uk/,+44 1494 523162,51.6011788,-0.7621571,way,212735988
Montefiore Hall,Events venue,,Lauderdale Road,London,W9 1LT,"Lauderdale Road, London, W9 1LT",,,,51.5279322,-0.1847235,way,156456789
Montgomery Theatre,Theatre,,Surrey Street,Sheffield,S1 2LG,"Surrey Street, Sheffield, S1 2LG",,,,53.38085,-1.4692889,way,103059122
Moochers,Nightclub,,,,,,,,,52.4543944,-2.1445424,way,278769515
MooMoo,Nightclub,1,Regent Street,,,1 Regent Street,,https://www.moomooclubrooms.co.uk/cheltenham,+44 1242 256827,51.8979447,-2.0767136,way,166116502
MooMoo,Nightclub,5A,Saint James's Street,Derby,DE1 1QT,"5A Saint James's Street, Derby, DE1 1QT",,https://www.moomooderby.com/,+44 1332 299955,52.9225217,-1.4774966,node,5537591658
Moor Lane,Stadium,,,,,,,,,53.5136667,-2.2768971,way,886134716
Morden Hall,Events venue,21,Morden Hall Road,,,21 Morden Hall Road,,https://mordenhall.com/,,51.4029977,-0.1903744,way,140647294
Morley Retreat Meeting Rooms & Conference Centre,Conference centre,,Church Lane,Ilkeston,DE7 6DE,"Church Lane, Ilkeston, DE7 6DE",,,,52.9638089,-1.4101955,node,7132228901
Morley Rugby Football Club,Stadium,,,,,,,,,53.7432466,-1.6122965,way,27790203
Mornflake Stadium,Stadium,,Gresty Road,"Crewe, Cheshire",CW2 6EB,"Gresty Road, Crewe, Cheshire, CW2 6EB",10066,https://www.crewealex.net/,,53.0873925,-2.4356943,way,202305268
Morson South Stand,Stadium,,,,,,,,,53.4686976,-2.3755792,way,532632440
Mosaicc,Events venue,15-23,Green Lane,Derby,DE1 1RS,"15-23 Green Lane, Derby, DE1 1RS",,https://www.mosaicc.co.uk/,,52.9211358,-1.4776562,node,12771755576
Moseley All Services Club,Nightclub,91,Church Road,Birmingham,B13 9EA,"91 Church Road, Birmingham, B13 9EA",,,,52.4467427,-1.8829892,way,63940369
Mosh,Nightclub,37,St Nicholas Place,Leicester,LE1 4LD,"37 St Nicholas Place, Leicester, LE1 4LD",,https://www.moshnightclub.co.uk/,,52.6351984,-1.1397082,node,3392744956
Moss Lane,Stadium,,Moss Lane,,WA15 8AP,"Moss Lane, WA15 8AP",,,,53.3833921,-2.3352229,way,4313090
Moss Rose,Stadium,,London Road,Macclesfield,SK11 7SP,"London Road, Macclesfield, SK11 7SP",6355,,,53.2428133,-2.1271718,way,28613069
Mote 102,Arts centre,102,Ferry Road,Edinburgh,EH6 4PG,"102 Ferry Road, Edinburgh, EH6 4PG",,https://mote102.com/,,55.9747018,-3.1841198,node,9983026118
MOTH Club,Nightclub,83,Valette Street,London,E9 6NU,"83 Valette Street, London, E9 6NU",,https://www.mothclub.co.uk/,+44 20 8985 7963,51.5456817,-0.0545582,node,8846263692
Mother Mary's,Bar,7-9,New Wakefield Street,Manchester,M1 5NP,"7-9 New Wakefield Street, Manchester, M1 5NP",,https://www.mother-marys.com,+44 161 669 8090,53.4735632,-2.2411469,node,426959803
Motherwell Concert Hall,Theatre,,,,,,,,,55.7836911,-3.983438,way,39046488
Motherwell Theatre,Theatre,,,Motherwell,ML1 1AB,"Motherwell, ML1 1AB",,,,55.7840479,-3.9837815,way,39046544
Motion,Nightclub,10,Bridge Street,Aberdeen,AB11 6JJ,"10 Bridge Street, Aberdeen, AB11 6JJ",,https://www.instagram.com/motionaberdeen/,,57.1451872,-2.1019759,node,5970554076
Motion,Nightclub,2,Victoria Terrace,Bristol,BS2 0TD,"2 Victoria Terrace, Bristol, BS2 0TD",,https://motion-bristol.com/,,51.4487188,-2.5690104,node,13285867957
Motorpoint Arena,Theatre,,Bolero Square,Nottingham,NG1 1LA,"Bolero Square, Nottingham, NG1 1LA",,https://www.motorpointarenanottingham.com,,52.9528131,-1.1394945,node,807306294
Moulton Theatre,Theatre,10,Cross Street,Northampton,NN3 7RZ,"10 Cross Street, Northampton, NN3 7RZ",,,,52.2882569,-0.8535712,way,1334365270
Mount Pleasant - Batley RLFC,Stadium,,,,,,,,,53.7071193,-1.6316884,way,34076279
Mount Pleasant Ecological Park,Events venue,,Chapel Hill,Porthtowan,TR4 8HL,"Chapel Hill, Porthtowan, TR4 8HL",,https://www.mpecopark.co.uk/,+44 1209 891500,50.2767764,-5.2332248,way,137564775
Mounton Brook Lodge,Events venue,,,,,,,,,51.6264491,-2.7021117,node,1348138594
Mourneview Park,Stadium,,,,,,,,,54.4541897,-6.3369051,way,1006498723
Mr Kyps,Nightclub,8,Parr Street,Poole,BH14 0JY,"8 Parr Street, Poole, BH14 0JY",,https://www.mrkyps.net/,+44 1202 748945,50.7239049,-1.9538529,node,4691702289
MRC Wales,Conference centre,,,,,,,,,52.2416377,-3.3837185,node,733153172
MRT Training & Conference Centre,Conference centre,,,,,,,,,51.5627653,-1.7680724,node,11356479254
Mull Theatre,Theatre,,,,,,,,,56.6046949,-6.0394926,way,202045087
Multistory,Arts centre,,,,,,,https://multistory.org.uk/,,52.5204475,-1.9983636,node,12209812355
Mumford Theatre,Theatre,,,Cambridge,CB1 1PT,"Cambridge, CB1 1PT",,https://www.anglia.ac.uk/ruskin/en/home/microsites/mumford_theatre.html,,52.2033611,0.134563,node,1618935514
Muni Arts Centre,Arts centre,,Gelliwastad Road,Pontypridd,CF37 2DP,"Gelliwastad Road, Pontypridd, CF37 2DP",,https://www.ents24.com/pontypridd-events/muni-arts-centre,+44 1443 485 934,51.6043094,-3.3412555,node,8661969624
Murphy's Main Stage,Bar,18,Station Road,Port Talbot,SA13 1JB,"18 Station Road, Port Talbot, SA13 1JB",,,+44 1639 865 782,51.5934484,-3.7808496,node,12031070710
Murrayfield Stadium,Stadium,,,Edinburgh,EH12 5PJ,"Edinburgh, EH12 5PJ",,,,55.942248,-3.2409706,way,1290487669
Murrayfield Stand,Stadium,,,,,,,,,55.9419625,-3.2437148,way,867724825
Muse Theatre,Theatre,,,,,,,,,50.381013,-4.1111883,node,2485042712
Museum of Comedy,Theatre,,,,,,,https://www.museumofcomedy.com,,51.5175548,-0.1248012,node,5656403457
Museum of Islamic Arts and Heritage,Arts centre,,,,,,,,,52.4572361,-1.8854525,node,3181847518
Museum Street Tavern,Pub,3,Museum Street,York,YO1 7DT,"3 Museum Street, York, YO1 7DT",,https://www.museumstreettavern.com/,,53.9610993,-1.0854614,way,1307840252
Mushroom Works,Arts centre,,Saint Lawrence Road,Newcastle upon Tyne,NE6 1AR,"Saint Lawrence Road, Newcastle upon Tyne, NE6 1AR",,https://www.mushroomworks.com/,,54.9685962,-1.5821958,way,243838172
Music Hall,Theatre,,Union Street,Aberdeen,AB10 1QS,"Union Street, Aberdeen, AB10 1QS",,,,57.1453165,-2.1049788,way,404892147
Music Hall Dundee,Events venue,15,Ward Road,Dundee,DD1 1ND,"15 Ward Road, Dundee, DD1 1ND",,https://musichalldundee.com/,,56.4617058,-2.9758043,node,317919578
Mutual Artists,Arts centre,,Peffer Place,Edinburgh,EH16 4BB,"Peffer Place, Edinburgh, EH16 4BB",,https://www.mutualartists.co.uk/,,55.934906,-3.1384244,node,5545150613
Mwldan 4,Arts centre,,Bath House Road,Cardigan / Aberteifi,SA43 1JD,"Bath House Road, Cardigan / Aberteifi, SA43 1JD",,,+44 1239 621200,52.0857208,-4.6611493,way,712156462
MYO Creative Studio,Arts centre,82,Redcross Way,,,82 Redcross Way,,,,51.5026644,-0.095628,node,13883422601
Myreside Stadium,Stadium,,Myreside Road,Edinburgh,EH10 5DB,"Myreside Road, Edinburgh, EH10 5DB",,,,55.9278703,-3.2228136,way,495905005
Myrtle Park Bandstand,Bandstand,,,,,,,,,53.8462836,-1.8383782,way,313222398
N/OM,Nightclub,1,Pollard Street East,,M40 7FS,"1 Pollard Street East, M40 7FS",,https://n-om.club/,,53.4847128,-2.2141528,node,13289915701
Nailsea Little Theatre,Theatre,6,Union Street,Bristol,BS48 4BA,"6 Union Street, Bristol, BS48 4BA",,,,51.4304487,-2.7747279,way,638601480
Nailsea Tithe Barn,Events venue,,Church Lane,Nailsea,BS48 4NG,"Church Lane, Nailsea, BS48 4NG",,,,51.4255543,-2.7698278,way,638601491
Nakshatra Hall,Events venue,,Snakey Lane,Feltham,,"Snakey Lane, Feltham",,,,51.4335361,-0.4161837,way,852495544
Nan Moor's Bar,Bar,18,Rochdale Road,Todmorden,OL14 7LD,"18 Rochdale Road, Todmorden, OL14 7LD",,,,53.7123688,-2.0988243,node,11699056812
Nancherow Studio,Arts centre,,,,,,,,,50.126347,-5.6813058,node,3014366086
Nantporth,Stadium,,,,,,,,,53.2254457,-4.1500889,way,1006454261
Nantwich Players,Theatre,1,Love Lane,,CW5 5BH,"1 Love Lane, CW5 5BH",,,,53.0653907,-2.5213811,node,1607610708
Nantwich Town Weaver Stadium,Stadium,,Water Lode,,CW5 5BS,"Water Lode, CW5 5BS",,https://www.nantwichtownfc.co.uk/,,53.0726442,-2.5284278,way,35478163
Nardone's Academy of Performing Arts,Theatre,,,,,,,https://www.nardonesacademyofperformingarts.com/,+44 1592 377042,56.1261404,-3.3092528,node,6794138103
Nardones Academy of the Performing Arts,Arts centre,207,Balgreen Road,Edinburgh,,"207 Balgreen Road, Edinburgh",,https://www.themgaacademy.com/,,55.9342334,-3.2457425,node,4023945475
Natami Design Studio,Arts centre,,,,,,,https://natami.co.uk/,,55.9576738,-3.1713139,node,7775316702
National Centre for Early Music,Music venue,,Percys Lane,York,YO1 9TL,"Percys Lane, York, YO1 9TL",,https://www.ncem.co.uk/,,53.9566453,-1.0727469,way,59294529
National Centre for Folk Arts,Arts centre,,Halsway Lane,Taunton,TA4 4BD,"Halsway Lane, Taunton, TA4 4BD",,https://www.halswaymanor.org.uk/,,51.1364024,-3.2504699,way,81945933
National Centre for Writing,Arts centre,,,,,,,,,52.6253378,1.3017604,way,562319449
National Conference Centre,Conference centre,,,,,,,https://www.nationalconferencecentre.co.uk/,,52.4440205,-1.7064756,node,9767728689
National Exhibition Centre,Exhibition centre,,,Birmingham,B40 1PA,"Birmingham, B40 1PA",,,,52.4538092,-1.7192668,relation,400906
National Football Stadium,Stadium,,,,,,,,,54.5826512,-5.9552705,way,531704460
National Indoor Athletics Centre,Stadium,,,,,,,,,51.5110965,-3.1599531,way,27766378
National Indoor BMX Arena,Stadium,,Stuart Street,,M11 4DQ,"Stuart Street, M11 4DQ",,,,53.4854053,-2.1900237,way,167790343
National Leather Collection,Arts centre,35,Princes Walk,Northampton,,"35 Princes Walk, Northampton",,,,52.2390412,-0.8948995,node,5646392581
National Metalforming Centre,Conference centre,37-47,Birmingham Road,,,37-47 Birmingham Road,,http://www.nmcvenue.com/,,52.5122621,-1.9793582,way,1375685633
National Speedway Stadium,Stadium,,,,,,,,,53.4602668,-2.189026,way,721321775
National Theatre,Arts centre,,,,,,,https://www.nationaltheatre.org.uk/,,51.5070283,-0.1140048,relation,2023676
National Youth Theatre,Arts centre,443-445,,London,N7 6LJ,"443-445, London, N7 6LJ",,,,51.5591168,-0.1226047,way,259286742
National Youth Theatre of Scotland,Theatre,107,Hutcheson Street,Glasgow,,"107 Hutcheson Street, Glasgow",,,,55.8593483,-4.2474222,node,2622889321
Natitude,Nightclub,51,St Andrews Street South,Bury St Edmunds,IP33 1SD,"51 St Andrews Street South, Bury St Edmunds, IP33 1SD",,,,52.2448439,0.7107842,way,325694874
Native Space,Events venue,12,Maskew Avenue,Peterborough,PE1 2FG,"12 Maskew Avenue, Peterborough, PE1 2FG",,https://www.native.space/,,52.5902988,-0.2588378,way,1168151323
Navigation Tavern,Pub,6,Station Road,Mirfield,WF14 8NL,"6 Station Road, Mirfield, WF14 8NL",,,,53.6721849,-1.6939636,way,1018616687
Neale Cooper Stand,Stadium,,,,,,,,,54.6890533,-1.2135303,way,167801985
Neath Little Theatre,Theatre,,,,,,,,,51.6587114,-3.7988315,node,926584174
Neil Rourke Memorial Stadium,Stadium,,,,,,,,,53.4308861,-2.1041311,relation,1831073
Nethermoor Park,Stadium,,,,,,,,,53.8772625,-1.7193033,way,833172668
Netherton Art Centre,Arts centre,,Northfield Road,Dudley,DY2 9ER,"Northfield Road, Dudley, DY2 9ER",,,,52.4913745,-2.0828665,way,300690712
Netpool Bandstand,Bandstand,,,,,,,,,52.0826219,-4.6652673,way,525231332
Nettlestead Place,Events venue,,,,,,,,,51.2427708,0.4131521,way,406041058
Network,Nightclub,14,Matilda Street,Sheffield,S1 4QD,"14 Matilda Street, Sheffield, S1 4QD",,,,53.3764013,-1.4716024,way,63409001
Network Theatre,Arts centre,246a,Lower Road,London,SE1 8SJ,"246a Lower Road, London, SE1 8SJ",,https://www.networktheatre.org/,,51.5018685,-0.1121537,way,1181338619
Neuadd Dwyfor,Arts centre,19,Stryd Penlan,Pwllheli,LL53 5DE,"19 Stryd Penlan, Pwllheli, LL53 5DE",,,,52.8892795,-4.4171122,way,182603603
Neuven Stadium,Stadium,,Colshaw Close East,Radcliffe,M26 3PE,"Colshaw Close East, Radcliffe, M26 3PE",,http://www.radcliffeboro.com,,53.5674838,-2.3407232,way,681347766
Nevill Holt Opera House,Theatre,,,,,,,,,52.5347979,-0.7972124,way,915524088
New Alexandra Theatre,Theatre,,Station Street,Birmingham,B5 4DS,"Station Street, Birmingham, B5 4DS",,,,52.4762351,-1.9008535,way,98470062
New Bingley Hall,Conference centre,,Whitmore Street,Birmingham,B18 5PP,"Whitmore Street, Birmingham, B18 5PP",,,,52.4952075,-1.9179209,way,76409899
New Bucks Head,Stadium,,,,,,,,,52.6973179,-2.5015272,way,205404801
New Central Park,Stadium,,Bath Street,Kelty,,"Bath Street, Kelty",2660,,,56.1361985,-3.3793363,way,574782576
New Dock Hall,Conference centre,,Royal Armouries Square,Leeds,LS10 1NF,"Royal Armouries Square, Leeds, LS10 1NF",,,,53.790966,-1.5314127,way,178825277
New Douglas Park,Stadium,,Cadzow Avenue,Hamilton,ML3 0FT,"Cadzow Avenue, Hamilton, ML3 0FT",6078,,,55.7821838,-4.0578644,way,26793990
New End Theatre,Theatre,27,New End,London,NW3 1JD,"27 New End, London, NW3 1JD",,,,51.5588578,-0.1773444,way,523400980
New Hall,Theatre,,College Street,Winchester,SO23 9NA,"College Street, Winchester, SO23 9NA",,,,51.0572082,-1.3120312,way,87784127
New Headingley Club,Pub,56,St Michaels Road,Leeds,LS6 3BG,"56 St Michaels Road, Leeds, LS6 3BG",,,,53.8197152,-1.5797779,way,178218441
New House,Arts centre,,,,,,,,,51.2369864,-0.5782377,node,9945565063
New Meadow,Stadium,,Oteley Road,Shrewsbury,SY2 6ST,"Oteley Road, Shrewsbury, SY2 6ST",9875,,,52.6886194,-2.7493245,way,52463324
New Mills Art Theatre,Theatre,,,,,,,http://www.arttheatre.co.uk/,,53.3628425,-2.0026266,node,673206060
New Perspectives Theatre Company,Theatre,8,Park Lane,Nottingham,NG6 0DW,"8 Park Lane, Nottingham, NG6 0DW",,https://www.newperspectives.co.uk/,,52.9930535,-1.1798276,node,13589124401
New River Stadium,Stadium,,,,,,,,,51.6051693,-0.1004995,way,22869048
New River Studios,Arts centre,199,Eade Road,London,N4 1DN,"199 Eade Road, London, N4 1DN",,https://newriverstudios.com/,,51.5749263,-0.0881482,way,376463343
New Sirs,Stadium,,,,,,,,,53.5320811,-2.5181539,relation,1831096
New Stalybridge Labour Club,Events venue,,,,,,,https://www.newstalybridgelabourclub.com/,,53.4812439,-2.0537314,way,1038292699
New Theatre,Theatre,,Park Place,Cardiff,CF10 3LN,"Park Place, Cardiff, CF10 3LN",,http://www.newtheatrecardiff.co.uk/,+44 2920 878 889,51.4836087,-3.1754992,way,26569881
New Theatre,Theatre,46,Broadway,,,46 Broadway,,https://newtheatre-peterborough.com/,+44 1733 852992,52.576793,-0.2409053,node,12652060422
New Theatre Oxford,Theatre,18-20,George Street,Oxford,OX1 2AG,"18-20 George Street, Oxford, OX1 2AG",,https://www.atgtickets.com/venues/new-theatre-oxford/,,51.7538627,-1.2598378,node,282540241
New Theatre Royal,Theatre,20-24,Guildhall Walk,Portsmouth,PO1 2DD,"20-24 Guildhall Walk, Portsmouth, PO1 2DD",,http://www.newtheatreroyal.com/,+44 2392 843979,50.7964808,-1.0932828,way,337564275
New Theatre Royal,Theatre,,Clasketgate,Lincoln,LN2 1JJ,"Clasketgate, Lincoln, LN2 1JJ",,,,53.2307467,-0.5390531,way,730331743
New Venture Theatre,Theatre,,Bedford Place,Brighton,BN1 2PT,"Bedford Place, Brighton, BN1 2PT",,,,50.8243561,-0.1537516,way,137833814
New Victoria Theatre,Theatre,,Etruria Road,Newcastle-under-Lyme,ST5 0JG,"Etruria Road, Newcastle-under-Lyme, ST5 0JG",,,,53.0161694,-2.2144629,way,334100112
New Wimbledon Studio,Theatre,,,,,,,,,51.4192858,-0.2012016,node,4736689776
New Wimbledon Theatre,Theatre,93,The Broadway,London,SW19 1QG,"93 The Broadway, London, SW19 1QG",1670,http://www.atgtickets.com/venues/new-wimbledon-theatre/,,51.4192096,-0.201434,way,480477260
New Wolsey Theatre,Theatre,,Civic Drive,Ipswich,IP1 2AS,"Civic Drive, Ipswich, IP1 2AS",,https://www.wolseytheatre.co.uk/,,52.0589043,1.1480539,way,23140573
Newark Palace,Theatre,,,,,,,,,53.0766842,-0.806,way,67493673
Newbiggin Arts & Community Centre,Arts centre,,Gibson Street,Newbiggin by the Sea,,"Gibson Street, Newbiggin by the Sea",,,,55.1811414,-1.517089,way,284068486
Newbiggin Arts Centre,Arts centre,74B,Front Street,Newbiggin by the Sea,,"74B Front Street, Newbiggin by the Sea",,http://www.newbigginartscentre.org/,+44 1670 708269,55.1853355,-1.5115386,node,5211783504
Newbridge Memo,Events venue,,High Street,Caerphilly,NP11 4FH,"High Street, Caerphilly, NP11 4FH",,https://www.newbridgememo.co.uk,+44 1495 243 252,51.6640929,-3.1472294,node,9573564757
Newburgh Priory,Events venue,,Oulston Road,York,YO61 4AS,"Oulston Road, York, YO61 4AS",,https://www.newburghpriory.co.uk/,,54.1811941,-1.1698563,way,136188479
Newcastle Arts Centre,Arts centre,67,Westgate Road,Newcastle upon Tyne,NE1 1SG,"67 Westgate Road, Newcastle upon Tyne, NE1 1SG",,https://www.newcastle-arts-centre.co.uk/,+44 191 2615618,54.9700194,-1.6179914,node,3657606255
Newcastle Stadium,Stadium,,,,,,,,,54.9778508,-1.5651372,way,852200114
Newfield Inn,Pub,,,Seathwaite,LA20 6ED,"Seathwaite, LA20 6ED",,https://www.newfieldinn.co.uk/,+44 1229 716208,54.353648,-3.1898333,way,231764096
NewhamptonArts Centre,Arts centre,,,,,,,,,52.5912232,-2.1343606,way,389564090
Newhaven Bandstand,Bandstand,,,,,,,,,50.7956535,0.0492589,way,1148097942
Newport Stadium,Stadium,,Stadium Way,Newport,NP19 4PT,"Stadium Way, Newport, NP19 4PT",,https://www.newportlive.co.uk/en/venues/newport-stadium/,,51.5736911,-2.9595363,way,1465166452
Newtown Park,Stadium,,,,,,,,,56.0094895,-3.6116094,way,103636328
NG-ONE,Nightclub,76-80,Lower Parliament Street,Nottingham,NG1 1EH,"76-80 Lower Parliament Street, Nottingham, NG1 1EH",,https://www.ng-one.club/,+44 115 9588440,52.9548198,-1.1419366,way,125402781
Niagara Conference & Leisure Centre,Events venue,,Niagara Road,Sheffield,S6 1LU,"Niagara Road, Sheffield, S6 1LU",,,,53.4164535,-1.5040429,way,130921167
Night Tales,Nightclub,14,Bohemia Place,London,E8 1DU,"14 Bohemia Place, London, E8 1DU",,https://nighttales.co.uk,,51.5473319,-0.0529246,node,6900790809
Night Tales Loft,Nightclub,,Westgate Street,London,,"Westgate Street, London",,https://ntloft.co.uk/,,51.5374845,-0.057773,node,9286567817
Nightingale Club,Nightclub,,Kent Street,Birmingham,B5 6RD,"Kent Street, Birmingham, B5 6RD",,,,52.472714,-1.8961098,way,963200524
Ninian Stand,Stadium,,,,,,,,,51.4732057,-3.2021905,way,191648495
NME,Nightclub,,,,,,,,,50.768159,0.2866472,node,9423065218
No 12,Bar,12,Market Street,Pontypridd,CF37 2ST,"12 Market Street, Pontypridd, CF37 2ST",,,,51.6024171,-3.3406179,node,11276949958
No. 1 Court,Stadium,,,,,,12345,,,51.4353046,-0.2147903,way,10364073
No. 2 Court,Stadium,,,,,,,,,51.4323526,-0.2129276,way,118182264
No. 3 Court,Stadium,,,,,,,,,51.4327208,-0.2145948,way,118182256
No.14,Bar,14,,,,14,,,,50.5157909,-3.7565205,node,13319226881
No4 Mayfair,Nightclub,4,Mill Street,London,,"4 Mill Street, London",,https://www.no4mayfair.com/,,51.5124895,-0.14233,node,5643033215
Nocturno,Nightclub,84,Westgate,Wakefield,WF1 1XQ,"84 Westgate, Wakefield, WF1 1XQ",,,,53.6823002,-1.5022248,node,4468401792
Noho Showrooms,Events venue,67,Great Titchfield Street,London,W1W 7PT,"67 Great Titchfield Street, London, W1W 7PT",,https://nohovenues.com/,,51.5189255,-0.14089,node,6175373492
Noir,Nightclub,,,,,,,,,53.3260803,-2.2326307,node,5915678766
Noir,Nightclub,50,Brunswick Street,Liverpool,L2 0PL,"50 Brunswick Street, Liverpool, L2 0PL",,,,53.4055304,-2.993391,node,10995298825
Norbury Theatre & Cinema,Theatre,,Friar Street,,WR9 8ED,"Friar Street, WR9 8ED",,,,52.2689648,-2.150697,way,228844457
Norden Farm Centre for the Arts,Theatre,,Altwood Road,Maidenhead,SL6 4PF,"Altwood Road, Maidenhead, SL6 4PF",,,,51.515577,-0.746101,way,49157906
Norman Court Farm,Events venue,,,Andover,SP11 7HB,"Andover, SP11 7HB",,https://normancourtbarn.com/,,51.1881728,-1.4878683,way,1384932469
Normandy Centre,Events venue,,Denne Road,Horsham,RH12 1JF,"Denne Road, Horsham, RH12 1JF",,https://www.normandycentre.co.uk/,,51.059516,-0.3295976,way,302908559
Normansfield Theatre,Theatre,,,,TW11 9PS,TW11 9PS,,https://langdondowncentre.org.uk/,,51.4188513,-0.3154897,node,12789747701
Norrie McCathie Stand,Stadium,,,,,,,,,56.0753653,-3.4430165,way,122229512
North Bank,Stadium,,,,,,,,,51.5558563,-0.1083377,way,193811138
"North Bar, Aire Park",Bar,3,Sheaf Street,Leeds,LS10 1HD,"3 Sheaf Street, Leeds, LS10 1HD",,https://northbar.com/aire-park,,53.7912854,-1.5381953,node,4845559217
North Edinburgh Arts,Arts centre,15A,Pennywell Court,Edinburgh,EH4 4TZ,"15A Pennywell Court, Edinburgh, EH4 4TZ",,https://northedinburgharts.co.uk/,+44 131 315 2151,55.9711922,-3.2539339,way,134458778
North Event Halls (N1~N22),Events venue,,,,,,,,,51.5085568,0.0298445,way,1202019291
North Hidden Farm Barn,Events venue,,,,,,,,,51.4500358,-1.4916929,node,5954868070
North Light Studios,Theatre,,,,,,,,,50.7410322,-1.8969611,way,1273000541
North Marine Road Ground,Stadium,,North Marine Road,Scarborough,YO12 7TJ,"North Marine Road, Scarborough, YO12 7TJ",,,,54.2882159,-0.4050478,way,662997470
North Shore,Nightclub,,,,,,,,,54.9127818,-1.3770931,way,310282591
North Shore Holiday Centre,Events venue,,,,,,,,,53.1549583,0.3410861,way,149847360
North Stand,Stadium,,,,,,,,,56.4750608,-2.9731927,way,84500788
North Stand,Stadium,,,,,,,,,56.0759669,-3.4422354,way,122229506
North Stand,Stadium,,,,,,1252,,,55.8822988,-4.3421155,way,179718792
North Stand,Stadium,,,,,,,,,53.3662318,-2.7384465,way,179970864
North Stand,Stadium,,,,,,,,,55.8865794,-3.5217829,way,188700336
North Stand,Stadium,,,,,,,,,53.5480554,-2.6550285,way,193236753
North Stand,Stadium,,,,,,,,,53.4818195,-2.1929789,way,445484337
North Stand,Stadium,,,,,,,,,53.9849648,-1.0529365,way,592869488
North Stand,Stadium,,Westgate Street,Cardiff,CF10 1DF,"Westgate Street, Cardiff, CF10 1DF",,,,51.4799694,-3.1838248,way,794512505
North Stand,Stadium,,,,,,,,,51.4789793,-3.18313,way,1287333672
North Tyneside Art Studio,Arts centre,,,,,,,,,54.9914736,-1.5353871,node,7206599784
North Wales Indoor Athletics Centre,Stadium,,,,,,,,,53.2250082,-3.0785034,node,7086815987
North West Corner,Stadium,,,,,,,,,55.8505521,-4.2058796,way,193158443
Northbrook Theatre,Theatre,,,,,,,https://northbrooktheatre.co.uk/,,50.8236358,-0.4314224,way,1155320309
Northenden Players Theatre Club,Theatre,20,Church Road,Northenden,M22 4WL,"20 Church Road, Northenden, M22 4WL",,https://www.northendenplayers.co.uk/,,53.4068562,-2.2577707,way,664422359
Northern Guitars Cafe Bar,Bar,41,Call Lane,Leeds,LS1 7BT,"41 Call Lane, Leeds, LS1 7BT",,https://northernguitars.co.uk/bar,,53.7952871,-1.5408627,node,12161933385
Northern Stage,Theatre,,Barras Bridge,Newcastle upon Tyne,NE1 7RH,"Barras Bridge, Newcastle upon Tyne, NE1 7RH",,https://www.northernstage.co.uk/,+44 191 230 5151,54.9793352,-1.6141101,way,172210778
Northwest Quadrant,Stadium,,,,,,,,,51.487165,0.0362959,way,1065893826
Norton Park Conference & Meeting Centre,Conference centre,57,Albion Road,,,57 Albion Road,,https://www.nortonpark.org/,+44 131 475 2400,55.9617947,-3.167152,way,628386211
Norwich Arts Centre,Arts centre,,Reeves Yard,Norwich,NR2 4PG,"Reeves Yard, Norwich, NR2 4PG",,https://www.norwichartscentre.co.uk/,,52.6316318,1.2879786,relation,2262239
Norwich Playhouse,Theatre,42-58,Saint Georges Street,Norwich,NR3 1AB,"42-58 Saint Georges Street, Norwich, NR3 1AB",,http://www.norwichplayhouse.org.uk/,+44 1603 598598,52.632111,1.2942453,way,112467609
Norwich Puppet Theatre,Theatre,,Whitefriars,Norwich,NR3 1TN,"Whitefriars, Norwich, NR3 1TN",,https://puppettheatre.co.uk/,+44 1603 629921,52.6359164,1.3003308,way,101978508
Notley Abbey,Events venue,,Aylesbury Road,Aylesbury,HP17 8TN,"Aylesbury Road, Aylesbury, HP17 8TN",,https://bijouweddingvenues.co.uk/notley-abbey-wedding-venue-buckinghamshire/about-the-venue,,51.7768073,-0.9641669,way,633723416
Notley Tythe Barn,Events venue,,Chearsley Road,Aylesbury,HP18 9ER,"Chearsley Road, Aylesbury, HP18 9ER",,https://www.notleyfarm.co.uk/,,51.7772189,-0.9672636,node,5981873065
Notting Hill Arts Club,Nightclub,21,Notting Hill Gate,London,,"21 Notting Hill Gate, London",,https://nottinghillartsclub.com/,,51.5092409,-0.1944375,node,2244810458
Nottingham Arts Theatre,Theatre,12,George Street,Nottingham,NG1 3BE,"12 George Street, Nottingham, NG1 3BE",,,,52.9543431,-1.1446833,way,95197618
Nottingham Playhouse,Theatre,,Wellington Circus,Nottingham,NG1 5AL,"Wellington Circus, Nottingham, NG1 5AL",,https://www.nottinghamplayhouse.co.uk/,,52.9539436,-1.1561856,way,36977572
Novello,Theatre,,Aldwych,London,WC2B 4LD,"Aldwych, London, WC2B 4LD",,https://www.delfontmackintosh.co.uk/theatres/novello-theatre,,51.5124297,-0.119382,way,322465230
Novello Theatre,Theatre,2,High Street,Ascot,SL5 9NE,"2 High Street, Ascot, SL5 9NE",,,,51.4021702,-0.6549138,node,12167351693
NOW Trending,Arts centre,,,,,,,,,51.5157961,-0.1295331,node,11607899738
Noël Coward Theatre,Theatre,85-88,St Martin's Lane,London,WC2N 4AU,"85-88 St Martin's Lane, London, WC2N 4AU",,https://www.delfontmackintosh.co.uk/theatres/noel-coward-theatre,+44 844 4825141,51.5111149,-0.1274534,way,146481556
Nu Blu,Nightclub,2,Vicarage Road,Poulton-le-Fylde,FY6 7BE,"2 Vicarage Road, Poulton-le-Fylde, FY6 7BE",,,,53.8476884,-2.9907059,node,4581012346
Nubu,Nightclub,,,,,,,,,52.3833782,-2.2481359,node,4271316297
Nuclear Races - Event Village,Events venue,,,,,,,,,51.6721497,0.265615,node,8032821111
Nuffield Theatre,Theatre,,,,,,,,,50.935952,-1.3971902,relation,3302678
Nuffield Theatre,Theatre,,,,,,,https://www.lancasterarts.org/visiting/performance-venues/lancaster-nuffield-theatre,+44 1524 594151,54.0122926,-2.7851101,node,5322040133
Number 6,Conference centre,6,Vittoria Walk,,GL50 1TP,"6 Vittoria Walk, GL50 1TP",,http://number6cheltenham.co.uk/,+44 1242 533934,51.8961114,-2.0759211,node,11762228129
Number 8 Community Arts centre,Arts centre,,High Street,Pershore,WR10 1BG,"High Street, Pershore, WR10 1BG",,https://www.number8.org/,,52.1101669,-2.0752957,way,73432255
Nursery Gallery,Arts centre,,,,,,,,,51.4950031,-0.1022482,node,3306736786
Nurstead Court,Events venue,,Nurstead Church Lane,Meopham,DA13 9AD,"Nurstead Church Lane, Meopham, DA13 9AD",,,,51.3924588,0.3565853,way,461928485
NUX,Nightclub,,,,,,,,,51.3994959,-1.3227531,node,3052589097
NX Newcastle,Music venue,,Westgate Road,Newcastle upon Tyne,NE1 1SW,"Westgate Road, Newcastle upon Tyne, NE1 1SW",,https://www.nxnewcastle.com/,,54.9704132,-1.6184433,way,142345242
NYT,Nightclub,,,,,,,,,55.843156,-4.4252316,node,29553510
O'Neill's,Nightclub,7-9,Baldwin Street,Bristol,BS1 1RU,"7-9 Baldwin Street, Bristol, BS1 1RU",,,,51.4536052,-2.5962347,way,123969941
O'Reilly Theatre,Theatre,,Blackhall Road,Oxford,OX1 3PG,"Blackhall Road, Oxford, OX1 3PG",,,,51.7586454,-1.2586466,node,7932487759
O2 Academy,Nightclub,,Frogmore Street,Bristol,BS1 5NA,"Frogmore Street, Bristol, BS1 5NA",,http://www.bristol-academy.co.uk/,,51.4545751,-2.6003384,relation,18068455
O2 Academy,Nightclub,,Horsefair,Birmingham,B1 1DB,"Horsefair, Birmingham, B1 1DB",,,,52.4731058,-1.9002674,way,31476170
o2 Academy,Nightclub,570,Christchurch Road,,BH1 4BH,"570 Christchurch Road, BH1 4BH",,,,50.7268355,-1.8401767,node,9370362064
O2 Academy,Music venue,121,Eglington Street,Glasgow,G5 9NT,"121 Eglington Street, Glasgow, G5 9NT",,https://www.academymusicgroup.com/o2academyglasgow/,+44 1414183000,55.8505141,-4.2590887,node,10053383683
O2 Academy Brixton,Theatre,211,Stockwell Road,London,SW9 9SL,"211 Stockwell Road, London, SW9 9SL",,https://www.academymusicgroup.com/o2academybrixton/,,51.4655423,-0.1148654,way,30104578
O2 Academy Islington,Nightclub,16,Parkfield Street,London,N1 0PS,"16 Parkfield Street, London, N1 0PS",,https://www.academymusicgroup.com/o2academyislington/,,51.534574,-0.1056969,node,582582173
O2 Academy Liverpool,Theatre,11-13,Hotham Street,Liverpool,L3 5UF,"11-13 Hotham Street, Liverpool, L3 5UF",,https://www.academymusicgroup.com/o2academyliverpool/,,53.4087144,-2.9766037,way,213185601
O2 Apollo Manchester,Music venue,,Stockport Road,Manchester,M12 6AP,"Stockport Road, Manchester, M12 6AP",,,,53.4695871,-2.2224747,node,11910862238
O2 City Hall,Theatre,,Northumberland Road,Newcastle upon Tyne,NE1 8SF,"Northumberland Road, Newcastle upon Tyne, NE1 8SF",2135,https://www.academymusicgroup.com/o2cityhallnewcastle/,+44 844 811 2121,54.977377,-1.6102258,way,147021120
O2 Empire,Theatre,,Shepherds Bush Green,London,W12 8TT,"Shepherds Bush Green, London, W12 8TT",,https://www.academymusicgroup.com/o2shepherdsbushempire/,,51.5034475,-0.2244676,way,14131687
O2 Forum Kentish Town,Music venue,9-17,Highgate Road,London,NW5 1JY,"9-17 Highgate Road, London, NW5 1JY",2300,https://www.academymusicgroup.com/o2forumkentishtown/,+44 20 3362 4110,51.5521342,-0.1422032,way,27924865
O2 Guildhall Southampton,Arts centre,,West Marlands Road,Southampton,SO14 7LP,"West Marlands Road, Southampton, SO14 7LP",,,,50.90799,-1.4060061,way,392923793
O2 Ritz,Music venue,,,,,,,,,53.4744719,-2.2430113,way,705574571
O2 Ritz,Events venue,,Whitworth Street West,Manchester,M1 5NQ,"Whitworth Street West, Manchester, M1 5NQ",,,,53.4743473,-2.2429121,node,6629586049
Oak Tree Arena,Stadium,,,,,,,,,51.2304422,-2.9558677,way,394756256
Oak Tree Inn,Pub,,Raskelf Road,York,YO61 2PH,"Raskelf Road, York, YO61 2PH",,,,54.1252269,-1.3295658,node,6767445953
Oakfield Stadium,Stadium,,,,,,,,,51.3657066,-2.115614,way,1341263313
Oakwell Stadium,Stadium,,,,,,,,,53.5522379,-1.4676198,way,68417916
Oasis Banqueting,Events venue,6-8,Thames Road,Barking,IG11 0HZ,"6-8 Thames Road, Barking, IG11 0HZ",,http://www.oasisbanquetinguk.com/,,51.524953,0.0995493,way,52876953
Oasthouse Theatre,Theatre,,Stratford Lane,Rainham,ME8 8AG,"Stratford Lane, Rainham, ME8 8AG",,https://www.oasthousetheatre.co.uk/,+44 333 666 3366,51.3620522,0.6114125,node,11554756559
Obsession Club,Nightclub,30,Peel Street,Barnsley,S70 2QX,"30 Peel Street, Barnsley, S70 2QX",,,,53.5522616,-1.4833722,way,320432331
Occasions,Events venue,,Wilmot Street West,Derby,DE1 2JW,"Wilmot Street West, Derby, DE1 2JW",,https://www.occasionseventsvenue.co.uk/,+44 1332 364373,52.9169601,-1.4771382,way,56777406
Ocean,Nightclub,,Greyfriar Gate,Nottingham,NG1 7EF,"Greyfriar Gate, Nottingham, NG1 7EF",,https://www.oceantickets.com/,,52.9492056,-1.1494737,way,85644334
Ocean House,Nightclub,,,,,,,,,51.7879731,1.155767,node,11545647848
Ocean Rooms,Nightclub,32-36,Queen Street,Deal,CT14 6EY,"32-36 Queen Street, Deal, CT14 6EY",,,,51.2231297,1.4009368,way,879792798
Ochilview,Stadium,,,Stenhousemuir,,Stenhousemuir,,,,56.0282823,-3.8146099,way,180146758
Octagon,Theatre,,College Street,Winchester,,"College Street, Winchester",,,,51.0588292,-1.3129644,way,532819311
Octagon Centre,Events venue,,Western Bank,Sheffield,S10 2TG,"Western Bank, Sheffield, S10 2TG",,,,53.3806366,-1.4886155,way,23057170
Octagon Theatre,Theatre,,,Bolton,BL1 1US,"Bolton, BL1 1US",,https://octagonbolton.co.uk/,+44 1204 520661,53.5773112,-2.4304645,way,147464283
Octagon Theatre,Theatre,,,,,,,,,50.9387698,-2.6354064,node,1500073886
Oculist,Nightclub,2,Boyces Street,Brighton,BN1 1AN,"2 Boyces Street, Brighton, BN1 1AN",,https://www.oculist.pub/,,50.8222527,-0.1439719,node,1528989426
Odsal Stadium,Stadium,,,Bradford,BD6 1BS,"Bradford, BD6 1BS",,https://odsalstadium.co.uk/,,53.7649491,-1.7571286,way,142846461
OEC Sheffield,Events venue,,Penistone Road,Sheffield,S6 2DE,"Penistone Road, Sheffield, S6 2DE",,,,53.4055493,-1.4933191,way,960998770
Off Court venue hire,Events venue,,High Street,Newport,NP20 1FX,"High Street, Newport, NP20 1FX",,https://newport-market.co.uk/,,51.5891914,-2.9961439,node,9953125857
Off the Square,Nightclub,67,Lever Street,Manchester,M1 1FL,"67 Lever Street, Manchester, M1 1FL",,https://ra.co/clubs/174036,,53.4834916,-2.2327198,node,13168068701
OGV Podium,Nightclub,17-19,Windmill Brae,Aberdeen,AB11 6HU,"17-19 Windmill Brae, Aberdeen, AB11 6HU",,https://ogvpodium.com/,+44 1224 587594,57.1448151,-2.10279,node,3200279618
Oh Yeah Centre,Theatre,,,,,,,,,54.6019952,-5.9264382,way,384173498
Oily Cart,Theatre,,,,,,,,,51.4310538,-0.1791173,way,925729594
Old Bridge,Events venue,,Bridge,South Petherton,,"Bridge, South Petherton",,,,50.9435756,-2.786111,node,9664149803
Old Christ Church,Events venue,,Waterloo Road,Waterloo,L22 1RE,"Waterloo Road, Waterloo, L22 1RE",,,,53.4709226,-3.0237729,way,884709177
Old Coaching Stables - Friern Manor,Events venue,,,,,,,,,51.5779167,0.3888353,way,874388014
Old College Quad,Theatre,,,,,,,,,55.947417,-3.1872587,node,12858028462
Old Court Theatre,Theatre,233,Springfield Road,Chelmsford,,"233 Springfield Road, Chelmsford",,https://ctw.org.uk/,,51.7372422,0.48416,way,333389348
Old Fire Station,Arts centre,40,George Street,Oxford,OX1 2AQ,"40 George Street, Oxford, OX1 2AQ",,https://oldfirestation.org.uk/,+44 1865 263 990,51.7537163,-1.2621792,way,1327549283
Old Fire Station Gallery,Arts centre,,,,,,,,,51.5372701,-0.9069443,node,423805896
Old Fire Station Theatre,Theatre,40,George Street,Oxford,OX1 2AQ,"40 George Street, Oxford, OX1 2AQ",,https://oldfirestation.org.uk/show-category/theatre/,+441865263990,51.7536471,-1.2622781,node,324321281
Old Ford Jazz Club,Events venue,,,,,,,,,51.5349953,-0.0330424,node,9110441075
Old Grammar School Arts Centre & Gallery,Arts centre,,Croston Road,,PR3 1EB,"Croston Road, PR3 1EB",,https://garstangartssociety.org.uk/,+44 1995 606648,53.9029532,-2.7737952,way,189071564
Old Grey Mare,Pub,,Clifton Green,,YO30 6LH,"Clifton Green, YO30 6LH",,https://brewyork.co.uk/brew-york-the-old-grey-mare/,,53.9689617,-1.0962992,way,440065450
Old Grocery,Arts centre,48,High Street,Wivenhoe,CO7 9AZ,"48 High Street, Wivenhoe, CO7 9AZ",,https://sites.google.com/oldgrocery.co.uk/oldgrocery/home,,51.8561555,0.9593843,way,1272982607
Old Library,Arts centre,,,,,,,,,53.0469564,-2.9935877,way,42107611
Old Market Hall,Arts centre,,The Square,Shrewsbury,SY1 1LH,"The Square, Shrewsbury, SY1 1LH",,https://www.oldmarkethall.co.uk/,,52.7074066,-2.7544861,way,116578739
Old Orchard Street Theatre,Theatre,12,Old Orchard Street,Bath,BA1 1JU,"12 Old Orchard Street, Bath, BA1 1JU",,https://www.oldtheatreroyal.com/,+44 1225 462233,51.3800863,-2.3578224,way,129749119
Old Parish,Stadium,,Llynfi Road,Maesteg,CF34 9DS,"Llynfi Road, Maesteg, CF34 9DS",4500,,,51.6114078,-3.6619806,way,877656890
Old Red Lion Theatre,Theatre,,,,,,,,,51.531418,-0.1059198,way,163379406
Old School House,Nightclub,,Malton Street,Hull,HU9 1BA,"Malton Street, Hull, HU9 1BA",,,,53.7475955,-0.3257327,way,240521543
Old School Room,Conference centre,,,,,,,,,50.9468883,-2.5160561,node,12757508122
Old Town Hall,Theatre,,,,,,,,,51.7590512,-0.4720601,way,94828589
Old Town Hall,Events venue,,,,,,,,,51.7454717,-2.2154808,node,7305084845
Old Trafford,Stadium,,,,M16 0RA,M16 0RA,75765,https://www.manutd.com/,,53.4631325,-2.2913922,way,99403577
Old Well Theatre,Theatre,,Old Well Road,,,Old Well Road,,,,55.3339707,-3.441279,node,10603793132
Oldbury Rep Theatre,Theatre,3,Spring Walk,,B69 4SP,"3 Spring Walk, B69 4SP",,https://oldburyrep.org,+44 121 552 2761,52.4910431,-2.0117285,way,1421550060
Oldham Theatre Workshop,Arts centre,,Greaves Street,Oldham,OL1 1AL,"Greaves Street, Oldham, OL1 1AL",,,,53.5403224,-2.1099072,node,10022209226
Olivier Theatre,Theatre,,,,,,,,,51.507314,-0.1139996,node,5110757791
Olympia Grand,Exhibition centre,,Hammersmith Road,London,W14 8UX,"Hammersmith Road, London, W14 8UX",,,,51.4966677,-0.2107779,way,991442034
Olympus Theatre,Theatre,,New Road,Bristol,BS34 8LP,"New Road, Bristol, BS34 8LP",,https://www.thebipa.org.uk/olympustheatre,,51.5122908,-2.5546738,node,712737134
Omeara,Bar,6,O'Meara Street,,,6 O'Meara Street,,https://www.omearalondon.com/,+44 20 3179 2900,51.5042428,-0.0946446,way,571610201
omg,Nightclub,,,,,,,,,51.4532673,-2.6015885,node,5492266407
omg,Nightclub,11A,Parade,Plymouth,PL1 2JL,"11A Parade, Plymouth, PL1 2JL",,https://www.omgclubs.com/venues/omg-plymouth,,50.3682545,-4.1359201,node,12370702181
Omnibus Clapham,Arts centre,1,Clapham Common North Side,London,SW4 0QW,"1 Clapham Common North Side, London, SW4 0QW",,,,51.4636639,-0.1423857,way,85865464
Omnibus Theatre,Theatre,1,Clapham Common North Side,London,SW4 0QW,"1 Clapham Common North Side, London, SW4 0QW",,,,51.4637067,-0.1423891,node,9754910121
Ondaatje Hall,Theatre,,,Tiverton,EX16 4DN,"Tiverton, EX16 4DN",,,,50.9074751,-3.4655835,node,1675616575
One Guinea Street,Events venue,1,Guinea Street,Exeter,EX1 1BS,"1 Guinea Street, Exeter, EX1 1BS",,,,50.7215741,-3.5322177,node,12889494573
One Hundred,Nightclub,100,Norfolk Street,King's Lynn,PE30 1AQ,"100 Norfolk Street, King's Lynn, PE30 1AQ",,,,52.7558553,0.3996518,node,10064209017
One KX,Arts centre,120,Cromer Street,London,WC1H 8BS,"120 Cromer Street, London, WC1H 8BS",,,,51.5275438,-0.1244838,way,192328742
OneBore Stadium,Stadium,,Wheldon Road,Castleford,WF10 2SD,"Wheldon Road, Castleford, WF10 2SD",,,,53.729652,-1.3410005,way,554256656
ONYX,Nightclub,2,Holland Street,Sheffield,S1 4NL,"2 Holland Street, Sheffield, S1 4NL",,,,53.3814711,-1.4763203,node,6113377045
Open air theater,Theatre,,,,,,,,,52.6690778,-2.4425907,way,737411516
Open Air Theatre,Theatre,,,,,,,,,55.9169441,-3.2152319,way,421522666
Opera Holland Park,Theatre,,,,,,,http://www.ohp.rbkc.gov.uk/,,51.5023041,-0.2021397,node,666122718
Oporto,Bar,31-33,Call Lane,Leeds,LS1 7BT,"31-33 Call Lane, Leeds, LS1 7BT",,https://www.oportobar.co.uk/,+44 113 245 4444,53.7955834,-1.5408522,node,5002591272
Orange Rooms,Nightclub,,Vernon Walk,Southampton,SO15 2EJ,"Vernon Walk, Southampton, SO15 2EJ",,,,50.912324,-1.4048315,node,59740821
Orange Tree Theatre,Theatre,53,Kew Road,London,,"53 Kew Road, London",,https://www.orangetreetheatre.co.uk/,,51.4644134,-0.3012489,way,432769892
Orangutan Bunker,Nightclub,,,,,,,,,51.4902873,-0.0807736,node,13859056981
ORB,Nightclub,,Carver Lane,Sheffield,,"Carver Lane, Sheffield",,,,53.3803671,-1.4733883,node,11198611693
Orchard West Theatre,Theatre,,,,,,,https://orchardtheatre.co.uk/Online/orchard-west-dartford,,51.4456592,0.2160076,way,1222536102
Ordish Room,Arts centre,,,Derby,DE1 2DB,"Derby, DE1 2DB",,,,52.922418,-1.4754773,node,12860572575
Oriel Q,Arts centre,,,,,,,https://www.orielqnarberth.com/,,51.797204,-4.7425089,node,2057886580
Orkney Folklore and Storytelling Centre,Arts centre,,,Sandwick,KW16 3JF,"Sandwick, KW16 3JF",,,,59.0250774,-3.293551,node,9609236180
Orkney Theatre,Theatre,,The Meadows,Kirkwall,KW15 1QN,"The Meadows, Kirkwall, KW15 1QN",,,,58.9783607,-2.9464331,way,920190597
Orleans House Gallery,Arts centre,,Riverside,Twickenham,TW1 3DJ,"Riverside, Twickenham, TW1 3DJ",,https://www.orleanshousegallery.org/,+44 20 8831 6000,51.4472676,-0.3192584,way,631392411
Ormskirk Arts House,Events venue,,,,,,,,,53.5664946,-2.8835517,node,12891713357
ORTUS,Conference centre,82-96,Grove Lane,London,SE5 8SN,"82-96 Grove Lane, London, SE5 8SN",,https://www.ortusevents.com/,+44 20 3696 9760,51.4695579,-0.0878088,way,587068155
Oslo,Bar,1a,Amhurst Road,London,E8 1LL,"1a Amhurst Road, London, E8 1LL",,https://www.oslohackney.com/,,51.5471622,-0.0556,way,240442388
Osprey Holiday & Conference Centre,Conference centre,,,,,,,,,55.7883239,-4.922508,node,28841476
Oswestry Showground,Events venue,,Garrison Avenue,"Park Hall, Oswestry",,"Garrison Avenue, Park Hall, Oswestry",,,,52.8734696,-3.0344701,way,1118980724
Otley Courthouse,Theatre,,Courthouse Street,Otley,LS21 1BG,"Courthouse Street, Otley, LS21 1BG",,https://www.otleycourthouse.org.uk/,,53.9064692,-1.6924764,node,27652981
Our Lady of the Rosary Hall,Events venue,,Southlands Road,Bexhill-on-Sea,TN39 5HG,"Southlands Road, Bexhill-on-Sea, TN39 5HG",,,,50.8590866,0.4626792,way,400904391
Ouseburn Bandstand,Bandstand,,,,,,,https://www.ouseburntrust.org.uk/event/ouseburn-bandstand,,54.976469,-1.5927437,node,7695737341
Out of the Blue Abbeymount Studios,Arts centre,2,Easter Road,Edinburgh,,"2 Easter Road, Edinburgh",,,,55.9568593,-3.1724578,node,5010110337
Out out Ibiza,Nightclub,10,Parade,Plymouth,PL1 2JL,"10 Parade, Plymouth, PL1 2JL",,,,50.3683511,-4.1360018,way,1206221413
Outdoor Arena,Theatre,,,,,,,,,52.452454,-1.9042071,way,231010427
Outdoor Concert Stage,Theatre,,,,,,,,,50.8888494,-2.1062166,way,362069998
Outdoor Performance Area,Theatre,,,,,,,,,54.8753382,-1.6892072,node,5578533087
Outdoor Stage,Bandstand,,,,,,,,,53.5729487,-2.6087194,way,721632327
Outdoor Theatre,Theatre,,,,,,,,,52.6515388,-1.5291631,way,1196323494
Outpost,Arts centre,,,,,,,https://b-side.org.uk/,+44 1305 568044,50.5598155,-2.4431511,node,8909986005
OVADA,Arts centre,14a,Osney Lane,Oxford,OX1 1NJ,"14a Osney Lane, Oxford, OX1 1NJ",,https://www.ovada.org.uk/,+44 1865 200 979,51.7509465,-1.2654901,way,234469878
Oval Arts Depot,Arts centre,8a,Harleyford Street,London,SE11 5SY,"8a Harleyford Street, London, SE11 5SY",,https://www.ovalartsdepot.com/,,51.4825246,-0.1127448,node,12189996201
Oval Space,Arts centre,29-32,The Oval,London,E2 9DT,"29-32 The Oval, London, E2 9DT",,https://ovalspace.co.uk/,+44 20 7183 4422,51.5332043,-0.0593928,way,222182689
Ovalhouse Theatre,Theatre,52-54,Kennington Oval,London,SE11 5SW,"52-54 Kennington Oval, London, SE11 5SW",,https://www.ovalhouse.com/,,51.4825824,-0.1136435,way,424278783
OVO Hydro,Events venue,,,,,,,,,55.8601492,-4.2852073,way,188050166
Owen Street Community Arts Centre,Arts centre,,,,,,,,,52.5745696,-1.5469951,way,316858140
Owen Street Sports Ground,Stadium,,,,,,,,,52.7230335,-1.3817723,way,141648673
Owlerton Stadium,Stadium,,Penistone Road,Sheffield,S6 2DE,"Penistone Road, Sheffield, S6 2DE",,,,53.4062303,-1.4925434,way,23049344
Oxford City Athletics Club,Stadium,,Horspath Road,Oxford,OX4 2RL,"Horspath Road, Oxford, OX4 2RL",,https://www.oxfordcityathleticclub.com/,+44 1865 395363,51.737544,-1.1868663,way,298761958
Oxford Playhouse,Theatre,11-12,Beaumont Street,Oxford,OX1 2LW,"11-12 Beaumont Street, Oxford, OX1 2LW",,https://www.oxfordplayhouse.com/,+44 1865 305305,51.7547416,-1.2608089,way,318503697
Oxford Stadium,Stadium,,Sandy Lane,,,Sandy Lane,,,,51.7264658,-1.1999983,way,175408666
Oxmarket Contemporary,Arts centre,,,Chichester,PO19 1YH,"Chichester, PO19 1YH",,https://www.oxmarket.org/,,50.8366251,-0.7768654,node,30790815
O₂ Academy,Nightclub,190-194,Cowley Road,,OX4 1UE,"190-194 Cowley Road, OX4 1UE",,https://www.o2academyoxford.co.uk/,+44 1865 813500,51.7469019,-1.2345086,node,175707022
P&J Live,Conference centre,,East Burn Road,Aberdeen,AB21 9FX,"East Burn Road, Aberdeen, AB21 9FX",,https://www.pandjlive.com,,57.1854299,-2.1920893,way,721302523
PAC Stage,Theatre,,,,,,,,,52.1799943,0.1390341,node,13830731061
Pagoda Room,Events venue,187,Kew Road,Richmond,TW9 2AZ,"187 Kew Road, Richmond, TW9 2AZ",,https://www.olddeerpark.co.uk/rooms/pagoda-room/,+44 2083 326 696,51.4688343,-0.295299,node,12674308985
Painswick Centre,Arts centre,,Bisley Street,Stroud,GL6 6QQ,"Bisley Street, Stroud, GL6 6QQ",,https://www.painswickcentre.com/,,51.7864175,-2.1923548,way,207861730
Paisley Arts Centre,Arts centre,,,,,,,,,55.8439349,-4.4244216,way,58770456
Palace Court Theatre,Theatre,,Hinton Road,Bournemouth,BH1 2EN,"Hinton Road, Bournemouth, BH1 2EN",,https://aub.ac.uk/campus/palace-court-theatre,,50.7185223,-1.8732092,way,223346381
Palace Court Theatre,Theatre,,,,,,,,,50.7186691,-1.8733371,node,10609146305
Palace Hub Redcar,Arts centre,,,Redcar,TS10 3AE,"Redcar, TS10 3AE",,https://www.redcar-cleveland.gov.uk/business-information/business-centres/the-palace-hub,,54.6188917,-1.0653387,node,8643214194
Palace Nightclub,Nightclub,,,,,,,,,51.0186221,-4.2051046,way,1175187426
Palace Players,Theatre,,Junction Road,Kirkwall,KW15 1AX,"Junction Road, Kirkwall, KW15 1AX",,,,58.9791186,-2.9638913,way,975445501
Palace Theatre,Theatre,,Prince Of Wales Road,Swansea,SA1 2EY,"Prince Of Wales Road, Swansea, SA1 2EY",,,,51.6274396,-3.9412493,way,22822193
Palace Theatre,Theatre,97,Oxford Street,Manchester,M1 6FT,"97 Oxford Street, Manchester, M1 6FT",,https://www.manchestertheatres.com/palacetheatre.htm,+44 844 871 3019,53.4750736,-2.2409311,way,31178728
Palace Theatre,Theatre,,Alcester Street,Redditch,B98 8AE,"Alcester Street, Redditch, B98 8AE",,https://www.redditchpalacetheatre.co.uk/,+44 1527 65203,52.3055452,-1.9378483,way,144982658
Palace Theatre,Theatre,,Cambridge Circus,London,W1D 5AY,"Cambridge Circus, London, W1D 5AY",,https://www.palacetheatrelondon.org/,,51.5131001,-0.1297877,way,149173471
Palace Theatre,Theatre,,Palace Avenue,Paignton,TQ3 3HF,"Palace Avenue, Paignton, TQ3 3HF",,https://www.palacetheatrepaignton.co.uk/,,50.4351643,-3.5708795,way,169965934
Palace Theatre,Theatre,,Leeming Street,Mansfield,NG18 1NG,"Leeming Street, Mansfield, NG18 1NG",,https://www.mansfieldpalace.co.uk/,+44 1623 633133,53.1460568,-1.194107,way,1284459116
Palace Theatre,Theatre,,,,,,,,,55.6095772,-4.4944628,node,1684145430
Palace Theatre and Dixon Studio,Theatre,,,,,,,,,51.5437548,0.6917475,way,89598454
Palais,Nightclub,1a,Rye Lane,London,SE15 5EW,"1a Rye Lane, London, SE15 5EW",,https://palais.co.uk/,,51.4733726,-0.0696576,node,13888971664
Pallet-Track Bescot Stadium,Stadium,,Bescot Crescent,Walsall,WS1 4SA,"Bescot Crescent, Walsall, WS1 4SA",,,,52.5654699,-1.9904372,way,83716777
Palm Beach Club,Nightclub,3-7,Park Street,Croydon,CR0 1YD,"3-7 Park Street, Croydon, CR0 1YD",,https://badapple.co/,,51.3734705,-0.0993325,way,198678844
Palmer Hall,Events venue,,,,,,,,,51.5642738,0.0941135,way,1111191582
Palmer Park Stadium,Stadium,,,,,,,,,51.4519609,-0.9371069,way,91791488
Palmerston Park,Stadium,,,,,,,,,55.0702687,-3.6245746,way,619287248
Palmerston Park Bandstand,Bandstand,,,,,,,,,50.9057251,-1.4018275,way,100410612
Panacea,Nightclub,,,,,,,,,53.7230905,-1.8626182,node,3662361236
Parabola Arts Centre,Arts centre,,Bayshill Road,Cheltenham,GL50 3AH,"Bayshill Road, Cheltenham, GL50 3AH",,https://www.parabolaartscentre.co.uk,+44 1242 707484,51.8982277,-2.0819432,way,166369919
Paradise Banqueting Suite,Events venue,,,,,,,,,52.4809608,-2.1211114,way,316564295
Paradise London,Nightclub,,,,,,,,,51.486936,-0.122976,node,2686845554
Paradise Palace,Events venue,,,,,,,,,51.546478,0.0484967,way,1481064805
Parc Maesdu,Stadium,,Builder Street West,Llandudno,LL30 1HH,"Builder Street West, Llandudno, LL30 1HH",,https://www.llandudnofc.co.uk/,+44 1492 860 945,53.315759,-3.8297432,way,329586556
Parc Pont-y-pŵl,Stadium,,Trosnant Street,Pontypool,NP4 8AT,"Trosnant Street, Pontypool, NP4 8AT",,,,51.7015383,-3.0343877,relation,10441335
Parc y Scarlets,Stadium,,,,,,14870,,,51.6787786,-4.127581,way,59150306
Parc y Scarlets,Stadium,,,,,,,,,51.6801193,-4.1280861,way,1194831025
Parish,Pub,,Queen Street,Huddersfield,HD1 2SP,"Queen Street, Huddersfield, HD1 2SP",,https://parishpub.co.uk/,+44 1484 361932,53.6447387,-1.7801776,node,314738850
Parish Church Hall,Events venue,,,,,,,,,51.7456161,-2.2156948,node,7305084844
Parish's House,Events venue,,,,,,,https://www.parishshouse.co.uk/,,51.3265482,-2.4702875,way,945712608
Park End Stand,Stadium,,,,,,,,,53.4381501,-2.9666419,way,202299667
Park Hall Stadium,Stadium,,,,,,,,,52.8756142,-3.026413,way,1118978821
Park Theatre,Theatre,,Clifton Terrace,London,N4 3JP,"Clifton Terrace, London, N4 3JP",,,+44 20 7870 6876,51.5657257,-0.1084766,node,2342065222
Parker McMillan,Nightclub,47,Chiswell Street,London,EC1Y 4SB,"47 Chiswell Street, London, EC1Y 4SB",,,,51.521075,-0.0916939,node,291951100
Parkes Hall Social Club,Nightclub,,Parkes Hall Road,Dudley,DY1 3SR,"Parkes Hall Road, Dudley, DY1 3SR",,,,52.5323535,-2.1011054,way,368349254
Parkhurst Hall,Events venue,,Sackville Road,Bexhill-on-Sea,TN39 3JB,"Sackville Road, Bexhill-on-Sea, TN39 3JB",,,,50.8395711,0.470405,way,452268368
Parkside Road,Stadium,,Parkside Road,Kendal,LA9 7BL,"Parkside Road, Kendal, LA9 7BL",,http://www.kendaltown.com/,+44 1539 738818,54.3204953,-2.7362655,way,155297367
Parliament Hill Bandstand,Bandstand,,,,,,,,,51.5592136,-0.1533802,way,329654765
Parr Hall,Theatre,,Palmyra Square South,Warrington,WA1 1BL,"Palmyra Square South, Warrington, WA1 1BL",,https://www.pyramidparrhall.com/,+44 1925 442345,53.3872137,-2.5975824,way,554465745
Party Bar,Nightclub,2-8,Tontine Street,Folkestone,CT20 1JU,"2-8 Tontine Street, Folkestone, CT20 1JU",,,,51.0806508,1.1851968,way,1378699984
Partyland,Nightclub,,Eastern Esplanade,Southend-on-Sea,,"Eastern Esplanade, Southend-on-Sea",,,,51.5320563,0.7262758,node,12875269506
Pasha,Nightclub,25,Cowgate,Dundee,DD1 2HS,"25 Cowgate, Dundee, DD1 2HS",,,,56.4637219,-2.9677883,node,13639942230
PASS Theatre,Theatre,,,,,,,,,55.9771859,-3.2448798,node,11263312747
Patchings Art Centre,Arts centre,,,,,,,,,53.0437512,-1.1143211,way,1160536943
Patchworks,Events venue,258,Church Road,London,E10 7JQ,"258 Church Road, London, E10 7JQ",,https://www.patchworks.xyz/,,51.5695612,-0.0247085,node,9351013738
Pateley Playhouse,Theatre,,,,,,,,,54.0868744,-1.7587133,way,145564056
Patriothall Studios and Gallery,Arts centre,,,,,,,https://www.patriothallgallery.co.uk,,55.9590049,-3.2065634,way,164088831
Patterns,Nightclub,10,Marine Parade,Brighton,BN2 1TL,"10 Marine Parade, Brighton, BN2 1TL",,,,50.8200724,-0.1351222,way,406602065
Patti Pavilion,Events venue,,Mumbles Road,Swansea,SA1 4PQ,"Mumbles Road, Swansea, SA1 4PQ",,https://pattiswansea.com/,+44 1792 745 405,51.6124521,-3.9636145,way,88453015
Paula Radcliffe Athletic Stadium,Stadium,,,,,,,,,52.7689469,-1.2307303,way,946026159
Pavilion,Theatre,,Harbour Street,Broadstairs,CT10 1EU,"Harbour Street, Broadstairs, CT10 1EU",,,,51.3591505,1.4437551,way,109628919
Pavilion,Nightclub,,,,,,,,,54.1979614,-3.2869284,way,314839421
Pavilion,Nightclub,,,,,,,,,54.2779195,-3.3707178,way,319301142
Pavilion,Stadium,,,,,,,,,55.8239075,-4.2872998,way,353633202
Pavilion,Theatre,,Esplanade,Exmouth,EX8 2AZ,"Esplanade, Exmouth, EX8 2AZ",,https://www.ledleisure.co.uk/exmouth-pavilion,,50.6149443,-3.4117531,node,525947164
Pavilion,Events venue,,,,,,,https://www.pavilionvenue.london/,,51.5811472,-0.01861,node,13727444448
Pavilion Theatre,Theatre,,Marine Parade,Worthing,BN11 3PX,"Marine Parade, Worthing, BN11 3PX",,https://wtm.uk/visit/pavilion/,+44 1903 206 206,50.8092276,-0.3697676,way,92033484
Pavilion Theatre,Theatre,,,,DT4 8ED,DT4 8ED,,https://weymouthpavilion.com/,+44 1305 783225,50.6088244,-2.4483306,way,160576984
Pavilion Theatre,Theatre,,Pier Gardens,Great Yarmouth,NR31 6PP,"Pier Gardens, Great Yarmouth, NR31 6PP",,,,52.571163,1.7326423,way,182663241
Pavilion Theatre,Theatre,,East Parade,Rhyl,LL18 3AQ,"East Parade, Rhyl, LL18 3AQ",,,,53.3263438,-3.4839554,way,424802171
Pavilion Theatre,Theatre,121,Renfield Street,Glasgow,G2 3AX,"121 Renfield Street, Glasgow, G2 3AX",,https://www.paviliontheatre.co.uk/,+44 141 332 1846,55.8650545,-4.2557164,node,2020205119
Pavilions Teignmouth,Theatre,,,Teignmouth,TQ14 8BG,"Teignmouth, TQ14 8BG",,,,50.5454583,-3.4944758,way,500130724
Pavillion,Bandstand,,,,,,,,,53.6371137,-0.6626051,node,9943510023
Pavillion Conference Centre,Conference centre,,,,,,,,,51.8126065,-2.6272073,way,855434804
Peace Community Theatre,Theatre,,,,,,,,,53.5619212,-2.4280481,way,511930780
Peacock Theatre,Theatre,35,Portugal Street,London,WC2A 2HT,"35 Portugal Street, London, WC2A 2HT",,https://www.sadlerswells.com/your-visit/peacock-theatre/,,51.5144104,-0.117636,way,23613986
Pearl Banqueting Suite,Nightclub,,,,,,,,,52.5079317,-1.9925974,node,7916829552
Peasholm Bandstand,Bandstand,,,,,,,,,54.2902651,-0.4099558,way,169924775
Peck Wood Centre,Events venue,,,,,,,,,52.3384257,-1.9450611,way,259223410
Pedley Street Station,Theatre,,Pedley Street,London,E1 5BW,"Pedley Street, London, E1 5BW",,https://www.funicularproductions.com/,,51.5232152,-0.0651926,node,10654058808
Peepul Centre,Theatre,,Orchardson Avenue,Leicester,LE4 6DP,"Orchardson Avenue, Leicester, LE4 6DP",,,,52.6450457,-1.1219518,way,84012939
Pegasus Theatre,Theatre,,Magdalen Road,Oxford,OX4 1RE,"Magdalen Road, Oxford, OX4 1RE",,https://pegasustheatre.org.uk/,+44 1865 792209,51.7414795,-1.2363384,way,133913067
Pembroke New Cellars,Theatre,,Trumpington Street,Cambridge,CB2 1RF,"Trumpington Street, Cambridge, CB2 1RF",,,,52.2015866,0.1209925,node,6990113353
Penarth Pier Pavilion,Events venue,,,,,,,https://www.penarthpavilion.co.uk/,,51.4352465,-3.1671454,way,90218202
Pencoed House,Events venue,,Llantrisant Road,Cardiff,CF5 6JR,"Llantrisant Road, Cardiff, CF5 6JR",,https://www.pencoedhouseestate.co.uk,+44 29 2167 8090,51.5102419,-3.3096126,node,12085451982
Pendle Hippodrome,Theatre,,New Market Street,Colne,BB8 9BJ,"New Market Street, Colne, BB8 9BJ",,,,53.8571521,-2.1710345,way,160331228
Pendrell Hall,Events venue,,,,,,,,,52.6404187,-2.2224757,way,585747909
Penistone Church Football Ground,Stadium,,,,,,,,,53.5236795,-1.6249396,way,392371442
Penlee Coach House,Events venue,,,,,,,,,50.1170612,-5.5403192,way,1187579945
Penmaenau Farm,Theatre,,,,,,,,,52.1626247,-3.4052484,node,6329145186
Pennsylvania Castle,Events venue,,Pennsylvania Road,Portland,DT5 1HZ,"Pennsylvania Road, Portland, DT5 1HZ",,https://thepennestate.co.uk/,+44 1305 820918,50.5388425,-2.4304539,way,492371774
Penridge Suite,Events venue,470,Bowes Road,London,N11 1NL,"470 Bowes Road, London, N11 1NL",,https://www.thepenridge.co.uk/,,51.6169817,-0.1406281,way,1252066312
Penrith Players,Theatre,,Auction Mart Lane,Penrith,CA11 7JG,"Auction Mart Lane, Penrith, CA11 7JG",,https://www.penrithplayers.co.uk/,,54.6633147,-2.7560973,node,2852790758
Pentabus,Theatre,1,Mill Street,Ludlow,SY8 1AZ,"1 Mill Street, Ludlow, SY8 1AZ",,https://pentabus.co.uk/,,52.3669784,-2.7207177,node,12476220464
Pentagon Vauxhall (Main Stand),Stadium,,,,,,,,,53.5547032,-2.1284199,way,190250779
Pentameter's theatre,Theatre,,,,,,,,,51.55596,-0.1783675,node,1687087838
Pentrenant Hall Christian Holiday Centre,Events venue,,,,,,,https://pentrenanthall.co.uk,,52.5134177,-3.1216596,node,4827484452
Penybryn shelter,Bandstand,,,,,,,,,52.5442009,-4.0468489,node,4098306960
Penyrheol Theatre,Theatre,,,,,,,,,51.6751906,-4.0420128,node,658024125
People Club / Dancehall club,Nightclub,,Holloway Road,London,,"Holloway Road, London",,,,51.5479227,-0.1064381,node,348116241
People Express,Arts centre,,,Swadlincote,DE11 9AZ,"Swadlincote, DE11 9AZ",,,,52.7727187,-1.5587612,way,545909778
People's Leisure Club,Nightclub,45,Lothian Street,,,45 Lothian Street,,,,55.946206,-3.189226,node,13438278688
People's Theatre,Theatre,,,,,,,https://www.ptag.org.uk/,+44 191 275 9875,54.9903495,-1.5848911,way,448268758
Percy Park Rugby Club,Stadium,,,,,,,https://www.percyparkrfc.co.uk/,,55.0173035,-1.4447851,way,27384810
Percy Picklebackers,Bar,13-15,Weekday Cross,Nottingham,NG1 2GB,"13-15 Weekday Cross, Nottingham, NG1 2GB",,,,52.9513418,-1.1456388,node,2714928108
Performance Centre,Theatre,,,,,,,,,51.5096041,-0.2774786,node,2622720535
Performance Space,Theatre,,,,,,,,,53.0468044,-2.9907503,way,961123095
Performance Stage,Bandstand,,,,,,,,,51.8427429,-4.1490332,way,1044486307
Performing Arts Centre,Theatre,,,,,,,,,52.3299257,-0.2027618,way,551752913
Performing Arts Centre,Arts centre,,,,,,,,,51.6998291,-2.2107655,way,1363288279
Persistence Works,Arts centre,,,,,,,,,53.3763798,-1.4670329,way,104029577
Perth Concert Hall,Theatre,,Mill Street,Perth,PH1 5HZ,"Mill Street, Perth, PH1 5HZ",,,,56.3980199,-3.4292726,way,55681140
Perth Creative Exchange,Arts centre,,Stormont Street,Perth,PH1 5NW,"Stormont Street, Perth, PH1 5NW",,,,56.4003058,-3.4338921,way,337103680
Perth Theatre,Theatre,185,High Street,Perth,PH1 5HZ,"185 High Street, Perth, PH1 5HZ",,,,56.397206,-3.4316243,way,341479793
Peter de Banke Terrace,Stadium,,,,,,,,,52.2912615,-0.5863824,way,975288453
Peter Newton Pavilion,Events venue,,Skimpot Road,Dunstable,LU5 4JU,"Skimpot Road, Dunstable, LU5 4JU",,peternewtonpavilion.co.uk,,51.8891057,-0.486307,way,1154717406
Petersfield Stadium,Stadium,,St Peters Close,Cheltenham,GL51 9DY,"St Peters Close, Cheltenham, GL51 9DY",1000,,,51.908932,-2.0954489,way,262812575
Petteril End,Stadium,,,,,,,,,54.8960833,-2.9134171,way,191633037
Pettistree House,Events venue,,,,,,,https://pettistreehouse.co.uk,+44 7771 634917,52.138154,1.3582105,way,410545670
Phantom Peak,Theatre,,,,,,,https://www.phantompeak.com/,,51.4979835,-0.0456238,node,12162275257
Philharmonic Hall,Theatre,,Hope Street,Liverpool,,"Hope Street, Liverpool",,,,53.4011534,-2.9697288,way,60980308
Philip Astley Centre,Events venue,,,,,,,,,53.0124017,-2.2270824,way,1510273291
Phoenix Art Space,Arts centre,10–14,Waterloo Place,Brighton,BN2 9NB,"10–14 Waterloo Place, Brighton, BN2 9NB",,https://www.phoenixbrighton.org/,,50.8288117,-0.1337877,way,948986833
Phoenix Arts Club,Theatre,1,Phoenix Street,London,WC2H 8BU,"1 Phoenix Street, London, WC2H 8BU",,https://phoenixartsclub.com,+44 20 7836 1077,51.5143531,-0.129399,node,13482463001
Phoenix Club,Pub,122,Gosford Street,Coventry,,"122 Gosford Street, Coventry",,https://www.crafted-social.co.uk/phoenix-coventry,,52.4065685,-1.503969,way,136115209
Phoenix Theatre,Theatre,,Charing Cross Road,London,WC2H 0JP,"Charing Cross Road, London, WC2H 0JP",,https://www.thephoenixtheatre.co.uk/,,51.5145094,-0.1293569,way,107056902
Phonox,Nightclub,418,Brixton Road,London,SW9 7AY,"418 Brixton Road, London, SW9 7AY",,,,51.4644457,-0.1145037,node,5014666722
Pianodrome,Music venue,,,,,,,https://www.pianodrome.org/,,55.9822233,-3.2305709,node,12811599532
Piccadilly Comedy Club,Theatre,,,,,,,,,51.509736,-0.131926,node,246518191
Piccadilly Institute,Nightclub,,,,,,,,,51.5104312,-0.134022,node,4879719233
Piccadilly Theatre,Theatre,16,Denman Street,London,W1D 7DY,"16 Denman Street, London, W1D 7DY",,,,51.5109643,-0.1354348,way,149173473
Pickavance Lecture Theatre,Theatre,R22,,,,R22,,,,51.57302,-1.3135938,way,203229697
Pickled Plum,Restaurant,135,High Street,,WR10 1EQ,"135 High Street, WR10 1EQ",,,,52.1137211,-2.0785714,way,360158719
Picturedrome,Theatre,,Market Walk,Holmfirth,HD9 7DA,"Market Walk, Holmfirth, HD9 7DA",,https://www.picturedrome.net/,,53.5702329,-1.786708,way,247981700
PictureDrome Theatre,Theatre,,,,,,,,,51.8601571,-2.2355523,node,11010818291
Piehouse Co-op,Theatre,Railway Arches 213-214,Edward Street,London,SE8 5HD,"Railway Arches 213-214 Edward Street, London, SE8 5HD",,https://piehousecoop.co.uk/,,51.4807145,-0.0314078,node,11034309340
Pier Pressure,Nightclub,,,,,,,,,52.4157611,-4.0876807,node,8192076450
Pierhead,Events venue,,,Cardiff,CF10 4PZ,"Cardiff, CF10 4PZ",,,,51.4635399,-3.1634246,way,26579907
Pig & Pump,Pub,16,St Mary's Gate,Chesterfield,S41 7TJ,"16 St Mary's Gate, Chesterfield, S41 7TJ",,https://www.pigandpump.co.uk/,,53.2359325,-1.4237613,way,240446155
Pig Iron Tavern,Pub,44-46,Station Road,Port Talbot,SA13 1JS,"44-46 Station Road, Port Talbot, SA13 1JS",,,+44 1639 893 811,51.5943325,-3.7816973,node,12031070709
Pigott Theatre,Theatre,,,,,,,,,51.5085579,-0.1297081,node,12855147395
Pilgrim,Bar,54,Pilgrim Street,Newcastle upon Tyne,NE1 6SF,"54 Pilgrim Street, Newcastle upon Tyne, NE1 6SF",,https://pilgrimncl.music/,+44 191 222 0130,54.9725435,-1.6110271,node,2145743957
Pilgrim Street Arts Centre,Arts centre,,,,,,,,,53.3914944,-3.0116523,way,254807199
Pilgrims Yard,Events venue,,,,,,,https://www.pilgrimsyard.com/,,51.8653429,-2.2474928,node,10793217060
Pinder Hall,Events venue,,Lower Road,Maidenhead,SL6 9EH,"Lower Road, Maidenhead, SL6 9EH",,https://www.pinderhall.org.uk/,,51.5579998,-0.725263,node,4287694134
Pinewalk Bandstand,Bandstand,,,,,,,,,50.71849,-1.8763147,way,102444434
Pink Toothbrush,Nightclub,23,High Street,,SS6 7EW,"23 High Street, SS6 7EW",,,,51.5871851,0.6076496,way,268476810
Pink!,Nightclub,,,,,,,,,53.0268843,-2.1772878,node,5659436923
Pinot+Picasso,Arts centre,,,,,,,,,53.7963622,-1.5415145,node,12875907254
Pioneer Centre,Conference centre,,Neen Savage,Cleobury Mortimer,DY14 8JG,"Neen Savage, Cleobury Mortimer, DY14 8JG",,https://acuk.net/pioneer-centre,+44 1299 271217,52.3894514,-2.4622331,way,498324278
Pioneer Stand,Stadium,,,,,,,,,54.8955746,-2.9127608,way,191631372
Pirana Nightclub,Nightclub,5,Sibsey Lane,Boston,PE21 6HB,"5 Sibsey Lane, Boston, PE21 6HB",,,,52.9768945,-0.0225426,node,7304560651
Pirelli Stadium,Stadium,,Princess Way,Burton-on-Trent,DE13 0AR,"Princess Way, Burton-on-Trent, DE13 0AR",,,,52.821867,-1.6268844,way,24252075
Pitlochry Festival Theatre,Theatre,,,Pitlochry,PH16 5DR,"Pitlochry, PH16 5DR",,,,56.6980784,-3.7353753,way,217750499
Pitlochry Festival Theatre,Bandstand,,,,,,,,,56.6983512,-3.7346369,way,962003560
Pittodrie Stadium,Stadium,,Pittodrie Street,Aberdeen,AB24 5QH,"Pittodrie Street, Aberdeen, AB24 5QH",,https://www.afc.co.uk/,,57.15869,-2.0881323,way,263291554
Pittville Bandstand,Bandstand,,,,,,,,,51.9116901,-2.0675975,way,556197213
Pittville Pump Room,Events venue,,,,,,,,,51.9120695,-2.067331,way,56046624
PJ's,Nightclub,100,Bridge Street,Warrington,WA1 2RU,"100 Bridge Street, Warrington, WA1 2RU",,,,53.387163,-2.5927046,way,973102984
Plainmoor,Stadium,,,,,,,,,50.4763565,-3.5240195,way,34886331
PlanB,Nightclub,,,,,,,,,51.6206104,-3.94761,way,1223809063
Planet,Nightclub,,Westbury Street,Wolverhampton,WV1 1JD,"Westbury Street, Wolverhampton, WV1 1JD",,,,52.5878784,-2.1247024,node,8076118696
Plaquemine Lock,Pub,139,Graham Street,London,N1 8LB,"139 Graham Street, London, N1 8LB",,https://plaqlock.com/,,51.5326244,-0.1004936,way,67383553
Plas Dinam Country House,Events venue,,,Llandinam,SY17 5DQ,"Llandinam, SY17 5DQ",,https://www.plasdinamcountryhouse.co.uk/,,52.4914031,-3.4311182,node,11506212906
Plas Glyn-y-Weddw,Arts centre,,,Pwllheli,LL53 7TT,"Pwllheli, LL53 7TT",,https://www.oriel.org.uk/,+44 1758 740 763,52.8543577,-4.4833114,way,87313343
Platform 11,Nightclub,11,High Street,Pontypridd,CF37 1BA,"11 High Street, Pontypridd, CF37 1BA",,,,51.6000213,-3.3409977,way,1034867741
Platform 26,Conference centre,26,Railway Street,Chatham,ME4 4JT,"26 Railway Street, Chatham, ME4 4JT",,,,51.3817752,0.5222233,node,12206798701
Platform Theatre,Theatre,,Ipswich Road,Norwich,NR2 2LJ,"Ipswich Road, Norwich, NR2 2LJ",,https://platformtheatre.co.uk/,,52.6178192,1.2874956,node,7279728768
Platinum Lounge,Events venue,463,Aldborough Road South,Ilford,IG3 8JW,"463 Aldborough Road South, Ilford, IG3 8JW",,https://platinumlounge.co.uk,,51.5775951,0.0996767,way,1280830851
Platinum Plaza,Nightclub,251,Halesowen Road,,B64 6JD,"251 Halesowen Road, B64 6JD",,,,52.4740164,-2.0659806,node,2694595384
Playbox Theatre,Theatre,,Stratford Road,Warwick,CV34 6LE,"Stratford Road, Warwick, CV34 6LE",,https://www.playboxtheatre.com/,+44 1926 419555,52.2692871,-1.5991471,way,162877345
Player Ready,Events venue,1,High Street,Taunton,TA1 3PG,"1 High Street, Taunton, TA1 3PG",,https://player-ready.co.uk/taunton/,,51.0141414,-3.1033113,node,10649420809
Players Theatre,Theatre,59,Church Street,Northwich,CW9 8NF,"59 Church Street, Northwich, CW9 8NF",,,,53.2368542,-2.5072824,way,451638250
Players Theatre,Theatre,,Battery Green Road,Lowestoft,NR32 1DE,"Battery Green Road, Lowestoft, NR32 1DE",,https://www.playerstheatre.info/,+44 1502 770020,52.475387,1.7537095,way,1103024543
Players Theatre,Theatre,,,,,,,,,53.3799534,-2.1978788,way,1184209807
Playhouse,Theatre,47-53,Bath Road,Cheltenham,GL53 7HG,"47-53 Bath Road, Cheltenham, GL53 7HG",,https://cheltplayhouse.org.uk/,,51.8968477,-2.0740798,way,166178150
PLAYHOUSE,Theatre,,Marine Avenue,Whitley Bay,NE26 1LZ,"Marine Avenue, Whitley Bay, NE26 1LZ",,https://www.playhousewhitleybay.co.uk/,+44 191 643 2643,55.0467413,-1.4499709,way,227708279
Playhouse,Arts centre,21C,Yorkshire Street West,Morecambe,LA3 1QE,"21C Yorkshire Street West, Morecambe, LA3 1QE",,,,54.0654998,-2.8808646,node,3984051377
Playhouse 2,Theatre,2,Newtown Street,Oldham,OL2 8NX,"2 Newtown Street, Oldham, OL2 8NX",,,,53.576439,-2.0933841,node,11348856912
Playhouse Gentlmens Club,Nightclub,,Town Quay,Southampton,SO14 2AQ,"Town Quay, Southampton, SO14 2AQ",,,,50.8960338,-1.4042291,way,78306579
Playhouse Theatre,Theatre,,Northumberland Avenue,London,,"Northumberland Avenue, London",,,+44 20 7492 1548,51.5069993,-0.1236127,way,104081019
Playhouse Theatre,Theatre,115,Clare Street,Northampton,NN1 3JA,"115 Clare Street, Northampton, NN1 3JA",,,,52.2442026,-0.8853409,node,5180851005
Playworld,Events venue,,,,,,,,,53.6519001,-1.8090146,way,1059210376
Plaza Theatre,Theatre,,,,,,,,,50.9899856,-1.490668,node,1128833022
Pleasance,Theatre,,Carpenters Mews,London,N7 9EF,"Carpenters Mews, London, N7 9EF",,,,51.5487341,-0.1213887,way,270765506
Pleasance Theatre,Theatre,,,,,,,https://www.pleasance.co.uk/,+44 131 556 6550,55.9478014,-3.1816073,node,4598371942
Pleasure Beach Arena,Stadium,,,,,,,,,53.7912081,-3.0545077,node,5456886016
Pledgdon Barn,Events venue,,,,,,,,,51.9235544,0.2553256,node,8672556647
Plinston Hall,Theatre,,,Letchworth Garden City,SG6 3NX,"Letchworth Garden City, SG6 3NX",,,,51.9767339,-0.2317611,way,135858657
Plot 22,Nightclub,"20,22",Exchange Street,Sheffield,S2 5TS,"20,22 Exchange Street, Sheffield, S2 5TS",,,,53.3840887,-1.4628097,way,1104456828
Plunket's Bandstand,Bandstand,,,,,,,,,54.3455002,-7.6323792,way,232137459
Plush,Nightclub,,Frewin Court,Oxford,OX1 3JB,"Frewin Court, Oxford, OX1 3JB",,https://plushoxford.com/,,51.7529101,-1.2588897,node,5424554834
Plymouth Arena,Events venue,,,,,,,,,50.3688811,-4.1498557,way,41113280
Plymouth Arena,Theatre,,,,,,,,,50.3683938,-4.1501709,node,2486698317
Plymouth Coliseum,Stadium,,,,,,,,,50.3907223,-4.0831364,way,1052445092
Poacher's Pocket,Events venue,,Cole Hall Lane,Birmingham,B34 6HE,"Cole Hall Lane, Birmingham, B34 6HE",,,,52.491414,-1.7851664,way,95612423
Pocklington Arts Centre,Arts centre,,Market Place,York,YO42 2AR,"Market Place, York, YO42 2AR",,,,53.9303394,-0.7784963,node,3184385298
Polish Association Slough,Events venue,,,,,,,https://www.polishassociationslough.com/,,51.5330698,-0.5933633,way,544031467
Polka Theatre,Theatre,238-244,The Broadway,London,SW19 1SB,"238-244 The Broadway, London, SW19 1SB",,https://polkatheatre.com,,51.4197252,-0.194872,way,480477230
Polly Esthers,Nightclub,,,,,,,,,53.7484473,-0.3273341,node,301790795
Polo Lounge,Nightclub,84,Wilson Street,Glasgow,G1 1UZ,"84 Wilson Street, Glasgow, G1 1UZ",,https://www.pologlasgow.co.uk/,,55.8589473,-4.2496282,node,1543443657
Polytunnel,Events venue,,,,,,,,,55.9298995,-2.7798483,node,9849943973
Pomegranate Theatre,Theatre,,Corporation Street,Chesterfield,S41 7TX,"Corporation Street, Chesterfield, S41 7TX",,,,53.2366023,-1.4231908,node,1000895235
Pond Gallery,Arts centre,,,,,,,,,52.1638579,1.4970615,node,7976713344
Pontardawe Arts Centre,Theatre,,Herbert Street,Pontardawe,SA8 4ED,"Herbert Street, Pontardawe, SA8 4ED",,,,51.7198548,-3.8502485,node,1512216968
Pontypridd RFC,Stadium,,,,,,,https://www.ponty.net/,,51.6014253,-3.3478315,way,1409791642
Poole Stadium,Stadium,,Wimborne Road,,BH15 2BP,"Wimborne Road, BH15 2BP",,,,50.7229976,-1.9821411,way,188508303
Pop World,Nightclub,,Broad Street,Birmingham,B1 2HJ,"Broad Street, Birmingham, B1 2HJ",,https://www.popworldparty.co.uk/birmingham,,52.4771219,-1.9122631,way,32005713
Pop World,Nightclub,17,Lower Banister Street,Southampton,SO15 2EH,"17 Lower Banister Street, Southampton, SO15 2EH",,https://www.popworldparty.co.uk/southampton,,50.9124324,-1.4052868,way,168803972
Pop World,Nightclub,96,Saint Mary Street,Cardiff,CF10 1DX,"96 Saint Mary Street, Cardiff, CF10 1DX",,https://www.popworldparty.co.uk/cardiff,,51.4786631,-3.1785429,node,6535979845
Pop World,Nightclub,,,,,,,https://www.popworldparty.co.uk/portsmouth,,50.797191,-1.0934883,node,9838690220
Popular Stand,Stadium,,,,,,,,,53.3992847,-2.1661662,way,554243358
Popworld,Nightclub,2-8,Carver Street,Sheffield,S1 4FS,"2-8 Carver Street, Sheffield, S1 4FS",,https://www.popworldparty.co.uk/sheffield,+44 114 279 5581,53.3806899,-1.4745329,way,118215170
PopWorld,Nightclub,499,Lower Twelfth Street,Milton Keynes,MK9 3PY,"499 Lower Twelfth Street, Milton Keynes, MK9 3PY",,https://www.popworldparty.co.uk/milton-keynes,,52.0433592,-0.7498737,way,120290879
popWorld,Nightclub,63-67,Prince of Wales Road,Norwich,NR1 1DG,"63-67 Prince of Wales Road, Norwich, NR1 1DG",,https://www.popworldparty.co.uk/norwich,+44 1603 516117,52.6289414,1.3023993,way,120680604
Popworld,Nightclub,16-24,Baldwin Street,Bristol,BS1 1SE,"16-24 Baldwin Street, Bristol, BS1 1SE",,https://www.popworldparty.co.uk/bristol,+44 117 945 8891,51.4532582,-2.595292,way,123969955
Popworld,Nightclub,120-122,Promenade,Blackpool,FY1 1RA,"120-122 Promenade, Blackpool, FY1 1RA",,https://www.popworldparty.co.uk/blackpool,,53.8194429,-3.0551856,way,146615133
Popworld,Nightclub,2-3,Bridge Street,Guildford,GU1 4SB,"2-3 Bridge Street, Guildford, GU1 4SB",,https://www.popworldparty.co.uk/guildford,+44 1483 306661,51.2365254,-0.5780128,node,253847604
Popworld,Nightclub,,,,,,,,,53.7841524,-1.0683959,node,566833655
Popworld,Nightclub,2,Wind Street,,,2 Wind Street,,https://www.popworldparty.co.uk/swansea,,51.6198036,-3.9407163,way,625263604
Popworld,Nightclub,,George Hudson Street,York,YO1 6JL,"George Hudson Street, York, YO1 6JL",,,,53.957434,-1.0868205,node,735468812
Popworld,Nightclub,,,,,,,https://www.popworldparty.co.uk/plymouth,,50.370155,-4.1480882,way,927363063
Popworld,Nightclub,,,,,,,https://www.popworldparty.co.uk/liverpool,,53.404173,-2.9818217,way,1247828043
Popworld,Nightclub,17,Watling Street,London,EC4M 9BB,"17 Watling Street, London, EC4M 9BB",,,,51.5130752,-0.0945117,node,4605187783
Popworld,Nightclub,,Church Street,Nuneaton,CV11 4AD,"Church Street, Nuneaton, CV11 4AD",,https://www.popworldparty.co.uk/nuneaton,,52.5223997,-1.4652081,node,4791413621
Popworld,Nightclub,13,Church Street,Preston,PR1 3BQ,"13 Church Street, Preston, PR1 3BQ",,https://www.popworldparty.co.uk/preston,,53.7587049,-2.6971145,node,4997017595
Popworld,Nightclub,1-3,King Street,Wigan,WN1 1DY,"1-3 King Street, Wigan, WN1 1DY",,https://www.popworldparty.co.uk/wigan,,53.5448383,-2.6323141,node,6584073300
Popworld,Nightclub,248-250,Marine Road,Morecambe,LA4 4BJ,"248-250 Marine Road, Morecambe, LA4 4BJ",,,,54.072663,-2.8673729,node,7176727089
Popworld,Nightclub,,,,,,,https://www.popworldparty.co.uk/watford,,51.658223,-0.4004556,node,8872309808
Popworld,Nightclub,,Schoolhill,Aberdeen,AB10 1JT,"Schoolhill, Aberdeen, AB10 1JT",,https://www.popworldparty.co.uk/aberdeen,,57.1475952,-2.1026278,node,9209792488
Popworld,Nightclub,,,,,,,https://www.popworldparty.co.uk/weymouth,,50.6076009,-2.4550435,node,11147296930
Popworld,Nightclub,,,,,,,,,51.3470037,-2.9797129,node,11514647385
popworld,Nightclub,110-117,Friar Street,Reading,RG1 1EP,"110-117 Friar Street, Reading, RG1 1EP",,,,51.4565394,-0.974452,node,12806176434
Popworld,Nightclub,43-51,Cookridge Street,Leeds,LS2 3AW,"43-51 Cookridge Street, Leeds, LS2 3AW",,https://www.popworldparty.co.uk/leeds,+44 113 468 9619,53.8018331,-1.5474454,node,13860435210
Porchester Hall,Events venue,45,Porchester Road,London,,"45 Porchester Road, London",,,,51.5173495,-0.1886459,way,79107418
Port Talbot Town F.C.,Stadium,,,,,,,,,51.5903082,-3.8022438,way,36820721
Portadown Football Club,Stadium,,Brownstown Road,Portadown,BT62 3PZ,"Brownstown Road, Portadown, BT62 3PZ",,https://portadownfc.co.uk/,+44 28 3833 2726,54.4130589,-6.4577538,way,1136152281
Porthmeor Studios,Arts centre,,,,,,,,,50.2155842,-5.4804411,node,5554549621
Portland Functions,Events venue,,,,,,,https://www.portlandfunctions.com/,,53.1060633,-1.1795932,way,117624241
Portman Road Stadium,Stadium,,Portman Road,Ipswich,IP1 2DA,"Portman Road, Ipswich, IP1 2DA",,,,52.0549319,1.1452875,way,117953386
Portsmouth Guildhall,Theatre,,,Portsmouth,PO1 2AJ,"Portsmouth, PO1 2AJ",,,,50.7975957,-1.0929899,way,32394291
Positively You (unit CE),Arts centre,,,,,,,,,50.7494675,-1.2745978,node,13801814665
Post Office Road,Stadium,,,Pontefract,WF7 5EN,"Pontefract, WF7 5EN",,,,53.6786354,-1.3547593,way,314890784
Pot Doodles,Arts centre,,,,,,,,,50.942082,-2.6289663,node,8330669027
Potato Pottery,Arts centre,2,Loxton Walk,,,2 Loxton Walk,,,,51.5175691,-0.1558633,node,13883422501
Pottyroo's,Arts centre,295,Marine Road Central,Morecambe,LA4 5BY,"295 Marine Road Central, Morecambe, LA4 5BY",,,,54.0741871,-2.8643038,node,6896775103
Powell Theatre,Theatre,,Abbey Road,Sherborne,,"Abbey Road, Sherborne",,,,50.9480049,-2.5167797,node,11734835716
Power Lounge,Nightclub,132-134,Victoria Road,Aldershot,GU11 1JX,"132-134 Victoria Road, Aldershot, GU11 1JX",,,,51.2486397,-0.7632171,way,1182261735
Powerhouse,Nightclub,7-19,Westmorland Road,Newcastle upon Tyne,NE1 4EQ,"7-19 Westmorland Road, Newcastle upon Tyne, NE1 4EQ",,,,54.9682978,-1.6227544,node,4504609173
Poynton Theatre,Theatre,,,,,,,https://www.poyntonplayers.co.uk/,,53.3474751,-2.1213202,way,136462613
Praba Suite,Events venue,,,,,,,,,51.5602174,0.0811877,way,548078215
Praxis N16 Studios,Arts centre,3-9,Belfast Road,London,N16 6UN,"3-9 Belfast Road, London, N16 6UN",,,,51.5655798,-0.0722906,node,11289863281
Premier,Arts centre,,,,,,,,,51.5164856,-0.1276001,node,13149754818
Prenton Park,Stadium,,,,,,,,,53.3736818,-3.0326283,way,553987585
Preston Guild Hall,Theatre,,,,,,,http://www.prestonguildhall.com/,,53.7596927,-2.6967664,way,73584992
Preston Playhouse,Theatre,,Market Street West,Preston,PR1 2HB,"Market Street West, Preston, PR1 2HB",,,,53.7610921,-2.7032724,node,5169707751
Prestonfield,Stadium,,,,,,,,,55.9727038,-3.6122372,way,177555385
Prestwich Amateur Dramatic & Operatic Society,Theatre,29,Saint Mary's Road,Prestwich,M25 1AQ,"29 Saint Mary's Road, Prestwich, M25 1AQ",,https://www.pados.co.uk/,,53.5296629,-2.2783242,way,652844931
Pride Park Stadium,Stadium,,Pride Parkway,Derby,DE24 8XL,"Pride Parkway, Derby, DE24 8XL",,,,52.9148686,-1.4472924,way,149497085
Prince Edward Theatre,Theatre,28,Old Compton Street,London,W1D 4HS,"28 Old Compton Street, London, W1D 4HS",,https://www.delfontmackintosh.co.uk/Theatres/prince_edward_theatre.php,,51.5136428,-0.1309923,way,149173474
Prince of Wales,Pub,10,New Road,Porthcawl,CF36 5DN,"10 New Road, Porthcawl, CF36 5DN",,,+44 1656 783 410,51.4805885,-3.7014932,node,583554503
Prince of Wales,Theatre,,Church Street,,WS11 1DE,"Church Street, WS11 1DE",,,,52.6896525,-2.0285109,node,5313731108
Prince of Wales Stadium,Stadium,,,Cheltenham,GL50 4NL,"Cheltenham, GL50 4NL",,,,51.9109735,-2.0797132,way,166266056
Prince of Wales Stadium,Stadium,,Tommy Taylors Lane,Cheltenham,GL50 4RN,"Tommy Taylors Lane, Cheltenham, GL50 4RN",,https://leisureatcheltenham.com/outdoor/,,51.9110005,-2.0808601,way,167685622
Prince of Wales Theatre,Theatre,31,Coventry Street,London,W1D 6AS,"31 Coventry Street, London, W1D 6AS",,https://www.delfontmackintosh.co.uk/Theatres/prince_wales_theatre.php,,51.5100633,-0.1317615,way,149173476
Princes Hall,Theatre,,Princes Way,Aldershot,GU11 1NX,"Princes Way, Aldershot, GU11 1NX",,https://www.princeshall.com/,+44 1252 329155,51.250486,-0.7682597,way,156011614
Princes Park,Stadium,,,,,,,https://www.dartfordfc.com,,51.436588,0.2307333,way,239789728
Princes Park Stadium,Stadium,,,,,,,,,51.4370981,0.2308352,relation,3233627
Princes Theatre,Theatre,,Station Road,Clacton-on-Sea,CO15 1SE,"Station Road, Clacton-on-Sea, CO15 1SE",,,,51.7920182,1.1535639,node,372416422
Princess Alexandra Auditorium,Theatre,,High Street,Yarm,TS15 9EJ,"High Street, Yarm, TS15 9EJ",,https://www.thepaaonline.org/,+44 1642 792587,54.5068089,-1.35168,way,1431843781
Princess Pavilion,Theatre,,,,,,,,,50.1469832,-5.0647961,node,12997703413
Princess Royal Sports Arena,Stadium,,Great Fen Road,Boston,PE21 7PB,"Great Fen Road, Boston, PE21 7PB",,,,52.9768902,-0.0696914,way,585256950
Princess Theatre,Theatre,,Torbay Road,Torquay,TQ2 5EZ,"Torbay Road, Torquay, TQ2 5EZ",,https://www.atgtickets.com/venues/princess-theatre-torquay/,,50.4612805,-3.5299912,way,29320057
Principality Stadium,Stadium,,,,,,,https://www.principalitystadium.wales/,,51.4782603,-3.1826283,way,1287329038
PRINT Event Space,Events venue,,,,,,,,,50.7212873,-1.8780741,way,1273047402
Printers Playhouse,Events venue,,,,,,,,+44 1323 301333,50.7675814,0.2786527,way,865186159
Priory,Nightclub,33,Belmont Street,Aberdeen,AB10 1JS,"33 Belmont Street, Aberdeen, AB10 1JS",,https://www.instagram.com/thepriory.aberdeen,+44 1224 625555,57.1469149,-2.1018727,way,314725963
Priory Amphitheatre,Theatre,,,,,,,,,54.0508681,-2.806667,way,700159378
Priory Hall,Events venue,134A,Abbey Road,London,NW6 4SN,"134A Abbey Road, London, NW6 4SN",,,+44 20 7372 6441,51.5411366,-0.1886604,way,345745933
Priory Lane,Stadium,,Priory Lane,Langney,BN23 7QH,"Priory Lane, Langney, BN23 7QH",,,,50.8042606,0.3203883,way,38508132
Priory Theatre,Theatre,,Rosemary Hill,,CV8 1BN,"Rosemary Hill, CV8 1BN",,http://www.priorytheatre.co.uk/,+44 1926 863334,52.3476983,-1.5782063,way,283132027
Prism,Nightclub,,St Andrews Street,Dundee,DD1 2HS,"St Andrews Street, Dundee, DD1 2HS",,,,56.4635999,-2.967259,node,13639942228
Priston Mill,Events venue,,,,BA2 9EQ,BA2 9EQ,,https://www.pristonmill.co.uk/,,51.3520591,-2.4395207,way,79732650
Priston Mill Tythe Barn,Events venue,,,,,,,,,51.351918,-2.4387568,way,79732653
Progress Theatre,Theatre,,The Mount,Reading,RG1 5HL,"The Mount, Reading, RG1 5HL",,https://www.progresstheatre.co.uk/,,51.4438732,-0.9583061,way,95575790
Project House,Nightclub,,Armley Road,Leeds,LS12 2DR,"Armley Road, Leeds, LS12 2DR",,https://projecthouselds.com/,+44 113 821 4029,53.7956472,-1.5662661,node,11637605269
Promarco Promotions,Nightclub,,,,,,,,,52.4798294,-2.0913544,node,2697439993
Protein Studios,Events venue,31,New Inn Yard,London,,"31 New Inn Yard, London",,https://www.proteinstudios.com,+44 20 7247 3999,51.5246603,-0.0783013,node,8750790317
Proteus Creation Space,Arts centre,,,,,,,https://www.proteustheatre.com/,+44 1256 321621,51.2602849,-1.0882938,node,183195310
Pryzm,Nightclub,16-18,Woodhouse Lane,Leeds,LS2 8LX,"16-18 Woodhouse Lane, Leeds, LS2 8LX",,https://www.pryzm.co.uk,+44 113 243 9510,53.8010956,-1.5446777,node,299171008
PRYZM,Nightclub,,West Street,Brighton,BN1 2RE,"West Street, Brighton, BN1 2RE",,,,50.8210652,-0.1450545,way,431503257
Pryzm,Nightclub,,,,,,,,,50.3674944,-4.1254057,node,533717601
PST,Nightclub,,,,,,,,,52.4713246,-1.8870242,way,287980076
Pulse,Nightclub,3,Churchill Way,Cardiff,CF10 2HD,"3 Churchill Way, Cardiff, CF10 2HD",,https://www.pulsecardiff.com/,+442920398030,51.4821726,-3.1727814,node,1104510171
Pulse51,Nightclub,,,,,,,,,51.8161084,-0.8131841,node,5676043433
Pump House Theatre and Arts Centre,Theatre,,,Watford,,Watford,,,,51.6500925,-0.3889208,way,194510046
Punch & Judy,Theatre,,,,,,,,,51.347557,-2.9838111,way,371511413
Punchdrunk,Theatre,1,Cartridge Place,London,SE18 6ZR,"1 Cartridge Place, London, SE18 6ZR",,https://www.punchdrunk.com,+44 20 8191 0100,51.4937724,0.0711983,way,1344902256
Puppet Castle,Theatre,,,,,,,,,50.7855157,-0.6630889,node,9713350337
Puppet place,Arts centre,,,,,,,,,51.4475308,-2.6091042,node,12626094983
Puppet Theatre,Theatre,,,,,,,,,51.5837645,-4.1037856,node,7010161015
Purcell Room,Theatre,,,,,,,,,51.5065492,-0.1158933,node,13100866934
Pure Lounge Club,Nightclub,,,,,,,,+44 20 8301 9800,51.4571018,0.1381465,way,966309614
Purple Nightclub,Nightclub,,,,,,,,,57.6758839,-2.9650424,node,11824188836
Purple Playhouse Theatre,Theatre,36,Montefiore Road,Hove,BN3 6EP,"36 Montefiore Road, Hove, BN3 6EP",,https://grace-eyre.org/how-you-can-help/hire-our-space/,,50.8341608,-0.154469,node,8149361893
Purple Turtle,Nightclub,9,Gun Street,Reading,RG1 2JR,"9 Gun Street, Reading, RG1 2JR",,https://www.purpleturtlebar.com/reading/,+44 118 959 7196,51.453908,-0.9728469,node,1991673510
Purves Puppet Theatre,Theatre,,,,,,,,,55.6242762,-3.5147803,node,4342519084
Pushkin House,Arts centre,5a,Bloomsbury Square,London,,"5a Bloomsbury Square, London",,https://www.pushkinhouse.org/,+44 20 7269 9770,51.5182513,-0.1231203,way,1102574178
Pussycat Nightclub,Nightclub,,,,,,,,,52.6998603,-2.5171671,way,60342506
Puzzle Hall Inn,Pub,21,Hollins Mill Lane,Sowerby Bridge,HX6 2RF,"21 Hollins Mill Lane, Sowerby Bridge, HX6 2RF",,https://www.puzzlehall.org.uk/,,53.7096404,-1.9146273,way,194450630
Pymmes Park Amphitheatre,Theatre,,,,,,,,,51.6162929,-0.0690631,way,1333366856
Pyramid Arts Centre,Arts centre,,Palmyra Square South,Warrington,WA1 1BL,"Palmyra Square South, Warrington, WA1 1BL",,https://www.pyramidparrhall.com/,+44 1925 442345,53.387147,-2.5988406,node,7319542010
PZ Gallery,Arts centre,,,,,,,,,50.1158416,-5.531899,way,70259723
Páirc Cholmcille,Stadium,,,,,,,,,54.592338,-7.067561,way,330823584
Páirc Esler (Down GAA & Newry Shamrocks GAC),Stadium,,,,,,,,,54.1631256,-6.3348992,way,113523274
Q's Entertainment,Nightclub,9,Queensway,Redhill,RH1 1QT,"9 Queensway, Redhill, RH1 1QT",,https://www.yell.com/biz/q-s-entertainment-redhill-7366355/,+44 1737 772274,51.2413021,-0.1685905,node,3443473438
QE11 Arena,Events venue,,,,,,,,,52.6710469,-2.4447445,node,9945122892
QE2 Theatre,Theatre,,,,,,,,,51.0570492,-1.3152187,way,96927976
QEH Theatre,Theatre,,Berkeley Place,Bristol,BS8 1JX,"Berkeley Place, Bristol, BS8 1JX",,http://www.qehbristol.co.uk/senior-school/qeh-theatre-drama/contact-bookings.html,,51.4554698,-2.6089816,way,200214074
QI,Nightclub,,,,,,,,,53.146097,-1.1947842,node,4110045138
QUAD,Arts centre,,Market Place,Derby,DE1 3AS,"Market Place, Derby, DE1 3AS",,https://www.derbyquad.co.uk/,+44 1332 290606,52.9231918,-1.4754602,way,41636453
Quarry Bank Conservative and Unionist Club,Nightclub,29,High Street,Brierley Hill,DY5 2JW,"29 High Street, Brierley Hill, DY5 2JW",,,,52.4729286,-2.1052204,node,664432827
Quarry Bank Labour Club,Nightclub,,,,,,,,,52.4714682,-2.1010414,node,664391446
Quarry Bank Liberal Club,Nightclub,,,,,,,,,52.4717741,-2.101461,node,664391430
Quarry Venue,Theatre,,,,,,,,,53.4171478,-2.9948097,node,11202905766
Quarters,Nightclub,187-193,King's Road Arches,Brighton and Hove,BN1 1NB,"187-193 King's Road Arches, Brighton and Hove, BN1 1NB",,,,50.8201088,-0.1428744,node,7933849293
Quay Arts Centre,Arts centre,,,,PO30 5BD,PO30 5BD,,,,50.7019559,-1.29213,way,82461260
Quay Arts Centre,Theatre,15A,Sea Street,Newport,PO30 5BW,"15A Sea Street, Newport, PO30 5BW",,http://www.quayarts.org/,+44 1983 822 490,50.7018835,-1.2923922,node,624496556
Quay Theatre,Theatre,,,,,,,,,52.0342536,0.7279561,node,5825411910
Qube,Nightclub,81,Prince of Wales Road,Norwich,NR1 1DG,"81 Prince of Wales Road, Norwich, NR1 1DG",,,,52.6286251,1.3030436,way,242049088
Qube,Nightclub,12,Park Row,Bristol,BS1 5LJ,"12 Park Row, Bristol, BS1 5LJ",,,,51.4553223,-2.6005708,way,292125356
Queen Charlotte Hall,Theatre,,,,,,,,,51.4645702,-0.3030536,way,679237524
Queen Elizabeth Hall,Theatre,,,,,,,,,51.5066326,-0.1163834,node,13100866933
Queen Elizabeth II Conference Centre,Conference centre,56,Broad Sanctuary,London,SW1P 3EE,"56 Broad Sanctuary, London, SW1P 3EE",,,,51.5005108,-0.1289556,relation,8244903
Queen Mother Theatre,Theatre,,Walsworth Road,Hitchin,SG4 9SP,"Walsworth Road, Hitchin, SG4 9SP",,,,51.9494741,-0.2716848,node,2135476878
Queen's Hall,Theatre,7,Argyll Street,Dunoon,PA23 7HH,"7 Argyll Street, Dunoon, PA23 7HH",,,,55.9474268,-4.9240879,way,752173915
Queen's Hall Arts Centre,Arts centre,,Beaumont Street,Hexham,NE46 3LS,"Beaumont Street, Hexham, NE46 3LS",,https://www.queenshall.co.uk,,54.9704617,-2.1027612,node,2624508553
Queen's Park Bandstand,Bandstand,,,,,,,,,51.5369582,-0.2109782,way,572908627
Queen's Theatre,Theatre,,,Hornchurch,RM11 1QT,"Hornchurch, RM11 1QT",,,,51.5651958,0.2194491,way,207895261
Queens Hall,Nightclub,,,,,,,,,51.2070265,-3.4677386,node,5756171930
Queens Park Arena,Theatre,,,,,,,http://www.qparena.org.uk,,55.8328176,-4.2685419,way,45247757
Queens Park Arts Centre,Arts centre,,Queens Park,Aylesbury,HP21 7RT,"Queens Park, Aylesbury, HP21 7RT",,http://www.qpc.org/,,51.8147835,-0.8033083,way,335669106
Queens Theatre,Theatre,,Wedgwood Street,Stoke-on-Trent,ST6 4JH,"Wedgwood Street, Stoke-on-Trent, ST6 4JH",,,,53.0465001,-2.1966722,way,508220566
Queens Theatre,Theatre,100,Boutport Street,Barnstaple,EX31 1SY,"100 Boutport Street, Barnstaple, EX31 1SY",,https://queenstheatre-barnstaple.com/,,51.0807023,-4.0586213,way,1137962308
Queensway Stadium,Stadium,,Queensway,Wrexham,,"Queensway, Wrexham",,,,53.0443073,-2.9766978,way,902488813
Queenswood Country Park Parkrun,Events venue,,,,,,,https://www.parkrun.org.uk/queenswoodcountrypark/,,52.158833,-2.7227773,node,13863487102
Queen’s Hall Theatre,Theatre,,,,,,,,,51.0969414,0.5383895,node,6466331290
Questors Theatre,Theatre,12,Mattock Lane,London,W5 5BQ,"12 Mattock Lane, London, W5 5BQ",,,,51.5115566,-0.3094722,way,91236803
Quincentenary Hall,Theatre,,,,,,,,,55.9470444,-3.1849673,way,302959476
Racecourse Ground,Stadium,,Mold Road,Wrexham,LL11 2AH,"Mold Road, Wrexham, LL11 2AH",,,,53.0518231,-3.0036606,way,152050533
RADA Studios,Theatre,16,Chenies Street,London,WC1E 7EX,"16 Chenies Street, London, WC1E 7EX",,,,51.5207609,-0.1325798,way,42136463
Radcliffe Hall,Events venue,,,,,,,http://www.radcliffehall.co.uk/,,52.9462868,-1.0424773,way,72847369
Rae's,Events venue,6,O'Meara Street,London,SE1 1TE,"6 O'Meara Street, London, SE1 1TE",,https://omearalondon.com/space/raes/,,51.5043424,-0.094425,way,1183431709
Raffles Chelsea,Nightclub,287,King's Road,London,,"287 King's Road, London",,https://raffleschelsea.com/,+44 20 3011 3287,51.4852624,-0.1736786,way,906775252
Rafters,Nightclub,,,,,,,,,52.5649477,-1.3492518,node,2195747538
Ragtag Arts,Arts centre,7,Elephant Yard,Kendal,LA9 4QQ,"7 Elephant Yard, Kendal, LA9 4QQ",,https://www.ragtagarts.co.uk/,,54.3290748,-2.7483522,way,425516595
Ragtag Arts,Arts centre,,,Meal Bank,LA8 9DL,"Meal Bank, LA8 9DL",,https://www.theartmill.org.uk/,,54.3545329,-2.7097655,way,660704967
Railway End,Stadium,,,,,,,,,53.3998506,-2.1654577,way,554243360
Railway Inn,Pub,11,Shaw Hall Bank Road,Oldham,OL3 7JZ,"11 Shaw Hall Bank Road, Oldham, OL3 7JZ",,,,53.5385113,-2.013968,way,948540731
Rainbow Casino,Nightclub,,,,B16 9HN,B16 9HN,,,,52.4726864,-1.9370449,way,87146898
Ramblers FC,Stadium,,Springfield Road,Burnham-On-Crouch,CM0 8TE,"Springfield Road, Burnham-On-Crouch, CM0 8TE",,,,51.6358228,0.8033333,way,161681200
Ramsbottom Co-Operative Hall,Theatre,,,,,,,,,53.6472176,-2.318441,way,1233326509
Ramsgate Music Hall,Arts centre,13,Turner Street,,,13 Turner Street,,,,51.3347405,1.4204246,node,4032768803
Raphael Park Open Air Theatre,Theatre,,,,,,,,,51.5879262,0.1906561,way,1188459549
Rascals,Nightclub,,,Stornoway,HS1 2BE,"Stornoway, HS1 2BE",,http://www.13southbeach.com/,,58.20801,-6.39003,node,3977035561
Ratiu Foundation,Arts centre,,,,,,,,,51.5165154,-0.1533588,node,1266124468
Rattleback Theatre,Theatre,,Kingsland Road,London,,"Kingsland Road, London",,,,51.5278361,-0.0783597,way,281951180
Rattlesden Pavilion,Events venue,,,,,,,,,52.1946073,0.8961643,way,279625645
Raunds Town Football Club,Stadium,,London Road,Wellingborough,NN9 6EQ,"London Road, Wellingborough, NN9 6EQ",,,,52.3522311,-0.5462465,way,670965137
Ravenscraig Stadium,Stadium,,,,,,,,,55.9400831,-4.8134276,way,769966943
Ravenscroft Social Club,Nightclub,,,,,,,,,52.4733989,-1.8529142,node,972237268
Raymond McEnhill Stadium,Stadium,,,,,,,,,51.1043492,-1.7858472,way,125005987
RBSA Gallery,Arts centre,4,Brook Street,Birmingham,B3 1SA,"4 Brook Street, Birmingham, B3 1SA",,,,52.4849733,-1.9074753,way,82893050
Reading Rep Theatre,Theatre,,,,,,,https://www.readingrep.com/,,51.4535983,-0.9529602,way,85742540
Reading Town Hall,Events venue,,Blagrave Street,Reading,RG1 1QH,"Blagrave Street, Reading, RG1 1QH",,http://readingtownhall.co.uk/,+44 118 937 3400,51.456942,-0.9698148,node,307971212
Realtone Arts,Arts centre,34,Cliveland Street,Birmingham,B19 3SH,"34 Cliveland Street, Birmingham, B19 3SH",,,,52.4881118,-1.896402,way,107890780
Reardon Smith Lecture Theatre,Theatre,,,,,,,,,51.4863192,-3.1772458,node,13322539731
Rebound,Nightclub,,,Swansea,SA2 8PP,"Swansea, SA2 8PP",,,,51.6098732,-3.9810759,node,688512025
Record Junkee,Bar,,,,,,,,,53.3760038,-1.4726779,node,12496261803
Recreation Ground,Stadium,,Coach Road,Whitehaven,CA28 9DD,"Coach Road, Whitehaven, CA28 9DD",,https://www.whitehavenrl.co.uk/,,54.5397969,-3.584088,way,357142282
Red Brick Auditorium,Theatre,,,,,,,,,53.7216605,-1.8556286,node,11011131098
Red Buddha,Nightclub,34-38,Conway Street,Birkenhead,CH41 6JD,"34-38 Conway Street, Birkenhead, CH41 6JD",,,,53.3912488,-3.0201907,way,1123738810
Red Bull Gaming Sphere London,Events venue,2,Whitby Street,London,E1 6JT,"2 Whitby Street, London, E1 6JT",,https://www.redbull.com/gb-en/projects/gaming-sphere/,,51.5238377,-0.0748706,node,12136850712
Red Door Studios,Arts centre,,High Street South,London,E6 3RW,"High Street South, London, E6 3RW",,http://www.reddoorse6.co.uk/,,51.526383,0.055999,way,328934795
Red Room,Nightclub,,,Peterborough,PE1 1SQ,"Peterborough, PE1 1SQ",,https://www.edwardsbars.co.uk/peterborough/red-room,,52.575356,-0.241295,node,6429253601
Red Rose Chain,Theatre,,Gippeswyk Avenue,Ipswich,IP2 9AF,"Gippeswyk Avenue, Ipswich, IP2 9AF",,https://redrosechain.com/,,52.0501971,1.1378362,way,1219497973
Redbridge Drama Centre,Arts centre,,Churchfields,London,E18 2RB,"Churchfields, London, E18 2RB",,,,51.5984299,0.0225904,way,204332039
Redcar Bandstand,Bandstand,,,,,,,,,54.6207479,-1.0738135,way,625705507
Redgrave Theatre,Theatre,2,Percival Road,Bristol,BS8 3LE,"2 Percival Road, Bristol, BS8 3LE",,http://www.cliftoncollegeuk.com/ccsl/redgrave/,+44 117 3157 602,51.460144,-2.6219972,way,91189304
Redland Club,Nightclub,,Burlington Road,Bristol,BS6 6TN,"Burlington Road, Bristol, BS6 6TN",,,,51.4686712,-2.6112566,way,277783065
Redon,Nightclub,Arch 289,Cambridge Heath Road,London,E2 9HA,"Arch 289 Cambridge Heath Road, London, E2 9HA",,http://redonlive.com,,51.5315841,-0.0570343,way,586029190
Redruth Rugby Football Club,Stadium,,Lower Cardrew Lane,Redruth,TR15 1SY,"Lower Cardrew Lane, Redruth, TR15 1SY",,https://www.pitchero.com/clubs/redruth,,50.2393008,-5.228934,way,408843959
Reds,Theatre,,Warren Road,Minehead,TA24 5SH,"Warren Road, Minehead, TA24 5SH",,,,51.2066116,-3.4582339,node,5745213753
Reds,Theatre,,Butlins Upper Bognor Road,Bognor Regis,PO21 1JJ,"Butlins Upper Bognor Road, Bognor Regis, PO21 1JJ",,,,50.7848885,-0.6617997,node,9710857080
Reel Nightclub,Nightclub,,,Sleaford,NG34 7RQ,"Sleaford, NG34 7RQ",,,,52.995963,-0.4080962,way,185782231
Reflex,Nightclub,3-7,Brockley Square,,ST1 5LY,"3-7 Brockley Square, ST1 5LY",,https://www.reflex-bars.co.uk/hanley,,53.026161,-2.1769839,node,5659431027
Regal,Theatre,,,,,,,,,52.3124455,-2.5942784,node,2986084303
Regal Community Theatre,Theatre,24-34,North Bridge Street,,EH48 4PS,"24-34 North Bridge Street, EH48 4PS",,,,55.9021879,-3.6447318,way,302802986
Regency Room,Nightclub,,,,,,,,,52.6182825,1.717261,node,2408062075
Regency Security Stand,Stadium,,,,,,,,,52.621675,1.3084464,relation,2450992
Regent Centre,Conference centre,,,,,,,,,52.273433,-2.1295702,way,311978123
Regent Theatre,Theatre,,Piccadilly,"Hanley, Stoke-on-Trent",ST1 1AP,"Piccadilly, Hanley, Stoke-on-Trent, ST1 1AP",,,,53.0243909,-2.1766853,way,149043061
Regent's Park Open Air Theatre,Theatre,,Inner Circle,London,NW1 4NR,"Inner Circle, London, NW1 4NR",,https://openairtheatre.com/,,51.5284696,-0.1548946,way,26747380
Regis Centre,Theatre,,The Esplanade,,,The Esplanade,,,,50.7826828,-0.6716881,way,505630746
Regis Hall and Resturant,Nightclub,,,,,,,,,52.4778436,-2.0696676,node,2694709757
Reichs Banqueting Hall,Events venue,,,,,,,,,51.579976,-0.2098194,node,10654321379
Reid Concert Hall,Theatre,,Bristo Square,,,Bristo Square,,,,55.9448847,-3.1893068,way,5325196
Reid Hall,Theatre,163,Castle Street,Forfar,DD8 3HX,"163 Castle Street, Forfar, DD8 3HX",,,,56.648091,-2.8896165,way,388965220
Reids,Nightclub,,,,,,,,,51.6187078,0.415966,way,1186515222
Rendezvous Nightclub,Nightclub,,,,,,,https://www.facebook.com/rioswhalley,+44 1254 823086,53.8206566,-2.4047189,node,4611928999
Renoirs,Nightclub,14,The Crofts,Rotherham,S60 2DJ,"14 The Crofts, Rotherham, S60 2DJ",,,,53.4294193,-1.3550064,way,1118180606
Republic,Nightclub,68,High Street,Kirkcaldy,KY1 1NB,"68 High Street, Kirkcaldy, KY1 1NB",,,,56.1087256,-3.1597912,node,5309326387
RES Wyatt Stand,Stadium,,,,,,,,,52.4566213,-1.9024348,way,1448244513
Resource For London,Conference centre,356,Holloway Road,London,N7 6PA,"356 Holloway Road, London, N7 6PA",,https://www.resourceforlondon.org/,,51.5558604,-0.1159949,way,383541889
Retford Little Theatre,Theatre,,Wharf Road,Retford,DN22 6EN,"Wharf Road, Retford, DN22 6EN",,,,53.3193173,-0.9425758,way,40692461
Retreat Centre,Events venue,,Boars Hill,Oxford,OX1 5HB,"Boars Hill, Oxford, OX1 5HB",,https://www.carmelite.uk.net/oxford-priory/,,51.7265959,-1.2979185,way,849061076
RETRO,Nightclub,135,The Moor,Sheffield,S1 4PH,"135 The Moor, Sheffield, S1 4PH",,,,53.3745718,-1.4747694,node,10978366330
ReVA,Nightclub,10,Bishops Walk,Cirencester,GL7 1JH,"10 Bishops Walk, Cirencester, GL7 1JH",,https://www.revanightclub.co.uk/,+44 1285 653103,51.7158109,-1.968504,node,10313737260
Revolution,Bar,88-94,Oxford Street,Manchester,M1 5WH,"88-94 Oxford Street, Manchester, M1 5WH",,,,53.473628,-2.2404225,node,30969136
Revolution,Nightclub,10,Park Street,Lincoln,LN1 1UF,"10 Park Street, Lincoln, LN1 1UF",,,,53.2304539,-0.5408445,way,723250840
Revolution,Nightclub,8-14,Queens Road,,SS1 1LU,"8-14 Queens Road, SS1 1LU",,,,51.5396444,0.7109765,node,11475844544
Rewind,Nightclub,39,Norfolk Street,King's Lynn,PE30 1AH,"39 Norfolk Street, King's Lynn, PE30 1AH",,,,52.7556134,0.3996446,way,865416113
Rewind,Nightclub,7,Seagate,Dundee,DD1 2EG,"7 Seagate, Dundee, DD1 2EG",,,,56.4617487,-2.96769,node,12500697362
Rhoda McGaw Theatre,Theatre,,,,,,,https://www.atgtickets.com/venues/rhoda-mcgaw-theatre-woking/,,51.3205225,-0.5599651,node,510533157
Rhondda Cynon Taf County Borough Council,Bandstand,,,,,,,,,51.6017379,-3.3364515,way,271726950
Rich Mix,Arts centre,35-47,Bethnal Green Road,London,E1 6LA,"35-47 Bethnal Green Road, London, E1 6LA",,https://richmix.org.uk/,+44 20 7613 7498,51.5243977,-0.0731304,way,274608954
Richard Whiteley Theatre,Theatre,,,,,,,,,54.0718943,-2.2942135,node,6721395921
Richmond Theatre,Theatre,,Little Green,Richmond,TW9 1QJ,"Little Green, Richmond, TW9 1QJ",,,+44 20 8332 4500,51.4620472,-0.3037625,way,296360192
Richwill,Events venue,,,Manningtree,CO11 2SF,"Manningtree, CO11 2SF",,https://www.richwill.co.uk/,+44 1255 870700,51.905345,1.1747445,way,189876269
Riley Smith Theatre,Theatre,,,,,,,https://www.luu.org.uk/eat-drink-shop/riley-smith-theatre/,,53.8067227,-1.5555192,node,864544998
Rink End,Stadium,,,,,,,,,54.689613,-1.2127462,way,167801983
Ripon Arts Hub,Events venue,,,,HG4 1LQ,HG4 1LQ,,,,54.1378171,-1.5196965,way,990484793
Rising Sun Arts Centre,Arts centre,30,Silver Street,Reading,RG1 2ST,"30 Silver Street, Reading, RG1 2ST",,https://www.risingsunartscentre.org/,,51.4496286,-0.9666535,way,113510891
Rivacre Park - Vauxhall Motors Football Club,Stadium,,,,,,,,,53.2964059,-2.9402686,way,151089971
River Stage,Theatre,,,,,,,,,51.2821906,0.5133854,way,28335572
Riverfront Theatre and Arts Centre,Arts centre,,Kingsway,Newport,NP20 1HG,"Kingsway, Newport, NP20 1HG",,https://www.newportlive.co.uk/en/venues/riverfront/,+44 1633 656 757,51.588323,-2.9934302,node,6872291652
Riverhead Theatre,Theatre,,Victoria Road,Louth,LN11 0BX,"Victoria Road, Louth, LN11 0BX",,,,53.3717633,0.0067551,way,963439992
Riverhouse Barn,Arts centre,,,,,,,https://www.riverhousebarn.co.uk/,,51.3901684,-0.4215307,way,58603938
Riverside,Nightclub,,Close,Newcastle upon Tyne,NE1 3RQ,"Close, Newcastle upon Tyne, NE1 3RQ",,https://www.riversidencl.co.uk,+44 7714 623277,54.9678933,-1.6090277,way,131661180
Riverside Arts Centre,Arts centre,59,Thames Street,Sunbury-on-Thames,TW16 5QF,"59 Thames Street, Sunbury-on-Thames, TW16 5QF",,https://www.riversidearts.co.uk/,,51.4067606,-0.4052499,way,749261032
Riverside Bandstand,Bandstand,,,,,,,,,52.338278,-2.2849071,way,507402728
Riverside Ground,Stadium,,,Chester-le-Street,DH3 3QR,"Chester-le-Street, DH3 3QR",,,,54.8495567,-1.5607197,way,854709268
Riverside stadium,Stadium,,,Middlesbrough,TS3 6RS,"Middlesbrough, TS3 6RS",,,,54.5782073,-1.2168686,way,554223290
Riverside Stand,Stadium,,,,,,,,,55.9415152,-3.2457516,way,867724826
Riverside Studios,Theatre,101,Queen Caroline Street,London,W6 9BN,"101 Queen Caroline Street, London, W6 9BN",,,,51.488785,-0.2283572,node,11435284025
Riverside Theatre,Theatre,,Portstewart Road,Coleraine,,"Portstewart Road, Coleraine",,,,55.1487553,-6.6782423,way,187785997
Riverside Venue,Events venue,1a,Bath Road,,TW6 2AA,"1a Bath Road, TW6 2AA",,https://riverside-venue.co.uk/,,51.4807429,-0.4176474,way,671233480
Riversley Bandstand,Bandstand,,,,,,,,,52.5184883,-1.4648149,node,4582129226
Rivoli Ballroom,Events venue,350,Brockley Road,London,SE4 2BY,"350 Brockley Road, London, SE4 2BY",,https://www.rivoliballroom.com/,,51.4553134,-0.0373647,way,4411360
Robert Ludlam Theatre,Theatre,,Duffield Road,Derby,DE22 1JD,"Duffield Road, Derby, DE22 1JD",,,,52.9433003,-1.4858942,node,4795976554
Robin Park Arena,Stadium,,Loire Drive,Wigan,,"Loire Drive, Wigan",,,,53.5464056,-2.6515305,relation,1831103
Rock City,Nightclub,8,Talbot Street,Nottingham,NG1 5GG,"8 Talbot Street, Nottingham, NG1 5GG",,http://www.rock-city.co.uk/,,52.9560712,-1.1540112,way,100083900
Rockingham Forest Trust,Theatre,,,,,,,,,52.3307537,-0.5823605,node,6751211413
Rockingham Road Park Bandstand,Bandstand,,,,,,,,,52.4089862,-0.7229325,way,950174049
Rodolphe Stahl Theatre,Theatre,,West Street,Peterborough,PE8 4EJ,"West Street, Peterborough, PE8 4EJ",,,,52.481178,-0.4724407,way,142964913
Roebank Hotel,Events venue,,Roebank Road,Beith,KA15 2BE,"Roebank Road, Beith, KA15 2BE",,https://roebankwedding.co.uk/,,55.7543243,-4.6285054,way,1132078328
Roger Millward Stand,Stadium,,,,,,,,,53.7540369,-0.2657316,way,186891099
Roker Park Bandstand,Bandstand,,,,,,,,,54.9255342,-1.3691975,way,312959225
Roller Nation,Nightclub,117,Bruce Grove,London,N17 6UR,"117 Bruce Grove, London, N17 6UR",,http://rollerdiscolondon.com/,+44 20 7720 9140,51.5948935,-0.0704991,node,9130356701
Roman Way Brewery,Bar,,Bridge Street,Weedon,NN7 4PS,"Bridge Street, Weedon, NN7 4PS",,https://romanwaybrewery.co.uk/,,52.2311845,-1.0827845,node,13516854140
Romsey Bandstand,Bandstand,,,,,,,,,50.9873016,-1.5043877,way,143561969
Ronnie Scott's Jazz Club,Nightclub,47,Frith Street,London,W1D 4HT,"47 Frith Street, London, W1D 4HT",,https://www.ronniescotts.co.uk/,,51.5134371,-0.1315713,way,157771360
Rook Lane Chapel,Arts centre,,,,,,,,,51.2295548,-2.3231475,way,171572812
Rookery Hill Stadium,Stadium,,,,SS17 9LB,SS17 9LB,,,,51.5223181,0.4615805,way,315546596
Room 2,Nightclub,69,Nelson Mandela Place,Glasgow,G2 1QY,"69 Nelson Mandela Place, Glasgow, G2 1QY",,,,55.8617163,-4.2542662,node,6437947662
Rooms,Events venue,,,,,,,,,50.8124911,-0.3691105,node,9973427635
Roots Hall Stadium,Stadium,,,,,,,,,51.5490454,0.7015049,way,90439495
Ropemakers Fields Bandstand,Bandstand,,,,,,,,,51.5091155,-0.0325168,way,1051086413
Ropery Hall,Theatre,,Maltkiln Road,Barton-upon-Humber,DN18 5JT,"Maltkiln Road, Barton-upon-Humber, DN18 5JT",,,,53.6943592,-0.44287,node,4078509480
Ropetackle Arts Centre,Arts centre,,Little High Street,Shoreham-by-Sea,BN43 5EG,"Little High Street, Shoreham-by-Sea, BN43 5EG",,,,50.832561,-0.2790887,way,286882235
Rose and Crown,Pub,117,Lammas Street,Carmarthen,SA31 3AE,"117 Lammas Street, Carmarthen, SA31 3AE",,https://www.roseandcrowncarmarthen.co.uk,+44 1267 232 050,51.8562674,-4.3099117,way,1209112707
Rose Garden Bandstand,Bandstand,,,,,,,,,53.8391271,-1.5033891,way,146951399
Rose Hall,Events venue,,High Street,Poole,BH15 1DF,"High Street, Poole, BH15 1DF",,https://www.poolebaymethodists.org.uk/churches/poole.html,,50.7167898,-1.9832643,node,6515287097
Rose Theatre,Theatre,204,Rose Street,Edinburgh,EH2 4AZ,"204 Rose Street, Edinburgh, EH2 4AZ",340,https://www.rosetheatreedinburgh.com/,+44 131 226 4000,55.9511844,-3.20548,way,155775805
Rose Theatre,Theatre,24-26,High Street,Kingston upon Thames,KT1 1HL,"24-26 High Street, Kingston upon Thames, KT1 1HL",,https://www.rosetheatre.org,,51.4085919,-0.3076102,way,893715519
Roseberry Road Studios,Events venue,25-28,Roseberry Road,Bath,BA2 3DX,"25-28 Roseberry Road, Bath, BA2 3DX",,https://www.roseberryroadstudios.com/,,51.3825674,-2.3836858,way,90165976
Rosehill Theatre,Theatre,,,Moresby,CA28 6SE,"Moresby, CA28 6SE",,https://www.rosehilltheatre.co.uk/,+44 1946 692422,54.5668263,-3.562432,way,306117425
Rosies,Nightclub,259-262,Broad Street,Birmingham,B1 2HF,"259-262 Broad Street, Birmingham, B1 2HF",,https://www.rosiesclubs.co.uk/birmingham,,52.4773268,-1.9111142,node,5562950662
Ross on Wye Bandstand,Bandstand,,,,,,,,,51.9132458,-2.5894236,way,403367614
Ross Theatre,Theatre,,,,,,,,,55.9506937,-3.2001231,way,511339902
Rossett Park,Stadium,,,,,,,,,53.4852638,-3.0333612,way,80671971
Rotherham Civic,Theatre,,,,,,,,,53.4311383,-1.3517946,way,385411657
Rothes Halls,Theatre,,,,,,,,,56.1960274,-3.1761532,node,2678620816
Roundhouse,Theatre,,Chalk Farm Road,London,NW1 8EH,"Chalk Farm Road, London, NW1 8EH",,https://www.roundhouse.org.uk/,+44 844 482 8008,51.5432483,-0.1519736,way,1110282368
Rowley & Blackheath Labour Club Ltd,Nightclub,5,Hawes Lane,,B65 9AL,"5 Hawes Lane, B65 9AL",,,,52.4840485,-2.047134,node,337702942
Rowley Regis Conservative Club,Nightclub,,,,,,,,,52.4855693,-2.0494431,node,337826157
Roxy Ballroom Digbeth,Nightclub,42,Heath Mill Lane,Birmingham,B9 4AR,"42 Heath Mill Lane, Birmingham, B9 4AR",,,,52.4760944,-1.8830388,way,1165341290
Royal & Derngate,Theatre,19-21,Derngate,Northampton,NN1 1DP,"19-21 Derngate, Northampton, NN1 1DP",,,,52.2363001,-0.8934084,way,135256101
Royal Albert Hall,Theatre,4,Kensington Gore,London,SW7 2AP,"4 Kensington Gore, London, SW7 2AP",,http://www.royalalberthall.com/,,51.5010147,-0.17741,way,372860405
Royal Bath and West of England Showground,Events venue,,,,,,,,,51.1569326,-2.5266247,node,8985741269
Royal British Legion,Nightclub,,Thrift Road,Leighton Buzzard,LU7 0AX,"Thrift Road, Leighton Buzzard, LU7 0AX",,,,51.9467128,-0.6626367,way,89350520
Royal British Legion,Nightclub,,Worlds End Lane,,B32 2RX,"Worlds End Lane, B32 2RX",,,,52.4562423,-1.9905561,way,141671331
Royal British Legion,Nightclub,1611,Warwick Road,Solihull,B93 9LU,"1611 Warwick Road, Solihull, B93 9LU",,,,52.3916976,-1.7383455,way,157725096
Royal British Legion,Nightclub,50,Balvenie Street,,AB55 4AS,"50 Balvenie Street, AB55 4AS",,,,57.4472251,-3.1295021,way,425913013
Royal British Legion,Pub,,Forge Road,Machen,CF83 8PH,"Forge Road, Machen, CF83 8PH",,https://www.facebook.com/machenlegion/,+44 1633 441 046,51.5950996,-3.1417745,node,10797025888
Royal British Legion Kings Heath Memorial Club,Nightclub,,,,,,,,,52.4371721,-1.8933253,node,674897090
Royal Cellar Nightclub,Nightclub,,High Street,Southend-on-Sea,,"High Street, Southend-on-Sea",,,,51.5342432,0.7140827,node,1380902465
Royal Concert Hall,Theatre,,Theatre Square,Nottingham,NG1 5ND,"Theatre Square, Nottingham, NG1 5ND",,,,52.9556959,-1.1518029,way,40324339
Royal Cornwall Events Centre,Events venue,,,,,,,,,50.5134262,-4.8644377,way,836499850
Royal Court,Theatre,,,,,,,,,53.4074611,-2.9811542,node,990207604
Royal Court Theatre,Theatre,,Sloane Square,London,SW1W 8AS,"Sloane Square, London, SW1W 8AS",,https://www.royalcourttheatre.com/,,51.4925742,-0.1563496,way,147249460
Royal Exchange Theatre,Theatre,,St. Ann's Square,Manchester,M2 7DH,"St. Ann's Square, Manchester, M2 7DH",,https://royalexchange.co.uk/,+44 161 833 9833,53.4827393,-2.2451295,node,1551797579
Royal Exchange Theatre (Swan Street),Theatre,47-53,Swan Street,Manchester,M4 5JY,"47-53 Swan Street, Manchester, M4 5JY",,,,53.4858524,-2.2354523,node,11243840335
Royal Festival Hall,Theatre,,,London,SE1 8XX,"London, SE1 8XX",,https://www.southbankcentre.co.uk/venues/royal-festival-hall,,51.5058217,-0.1167845,way,5987419
Royal Hall,Theatre,,,,,,,,,53.9954747,-1.5439641,way,68922394
Royal Lyceum Theatre,Theatre,30b,Grindlay Street,Edinburgh,EH3 9AX,"30b Grindlay Street, Edinburgh, EH3 9AX",,https://www.lyceum.org.uk/,+44 131 248 4848,55.9470175,-3.2043154,way,62064478
Royal Manor Theatre,Theatre,,Fortuneswell,Fortuneswell,DT5 1LT,"Fortuneswell, Fortuneswell, DT5 1LT",,,,50.5613077,-2.44532,node,4426368353
Royal Nawaab,Events venue,,Yew Street,Stockport,SK4 2JU,"Yew Street, Stockport, SK4 2JU",,https://royalnawaab.com/manchester/,,53.4079639,-2.1754466,way,32954436
Royal Opera House,Arts centre,,Bow Street,London,WC2E 9DD,"Bow Street, London, WC2E 9DD",,https://www.rbo.org.uk/,,51.5128834,-0.1224974,way,33721672
Royal Park,Pub,39,Queens Road,Leeds,LS6 1NY,"39 Queens Road, Leeds, LS6 1NY",,https://www.greatukpubs.co.uk/royal-park-leeds,,53.8103373,-1.5701025,way,248490497
Royal Shakespeare Theatre,Arts centre,,Waterside,Stratford-upon-Avon,CV37 6BB,"Waterside, Stratford-upon-Avon, CV37 6BB",,,,52.1904775,-1.7039723,way,41312172
Royal Spa Centre,Theatre,,,Leamington Spa,CV32 4EA,"Leamington Spa, CV32 4EA",,https://www.warwickdc.gov.uk/royalspacentre,+44 1926 334418,52.2888437,-1.5318928,way,308137823
Royal Sultan Function Hall,Events venue,,Crompton Street,Oldham,OL9 9ET,"Crompton Street, Oldham, OL9 9ET",,,,53.5435414,-2.1368883,node,11197754111
Royal West of England Academy Of Art,Arts centre,,Queen's Road,Bristol,BS8 1PX,"Queen's Road, Bristol, BS8 1PX",,https://www.rwa.org.uk/,+44 117 973 5129,51.4581139,-2.6082669,way,91186164
Royale Suite,Events venue,271,Birchfield Road,Birmingham,B20 3DD,"271 Birchfield Road, Birmingham, B20 3DD",,,,52.5125574,-1.901523,way,84803679
Royalty Theatre,Theatre,25-27,The Royalty,Sunderland,SR2 7PP,"25-27 The Royalty, Sunderland, SR2 7PP",,,,54.902678,-1.395807,way,329109877
Rubery & Rednal Royal British Legion Club,Nightclub,64,New Road,Birmingham,B45 9HY,"64 New Road, Birmingham, B45 9HY",,https://www.ruberybritishlegion.com/,,52.3917145,-2.0238389,node,317065767
Rubix,Nightclub,,,Guildford,GU2 7XH,"Guildford, GU2 7XH",,,,51.2421123,-0.5865446,node,300430839
Rubix,Nightclub,33,Crouch Street,Colchester,CO3 3EN,"33 Crouch Street, Colchester, CO3 3EN",,,,51.8877784,0.8948451,node,4639541546
Ruby Lounge,Nightclub,14,Ruby Street,London,SE15 1LL,"14 Ruby Street, London, SE15 1LL",,,,51.4826378,-0.0612509,way,1296208910
Ruby's Bar and Nightclub,Nightclub,,Railway Street,,BT82 8EH,"Railway Street, BT82 8EH",,http://www.rubysbarandnightclub.com/,+44 28 71885666,54.8279124,-7.4659841,way,395308643
Ruddington Grange Golf Club,Events venue,,Wilford Road,Nottingham,NG11 6NB,"Wilford Road, Nottingham, NG11 6NB",,https://ruddingtongrange.com/,,52.9054175,-1.1502537,way,404650142
Ruddock Performing Arts Centre,Arts centre,,,,B15 2UB,B15 2UB,,,,52.4509315,-1.9229693,node,5021845623
Rugby Park,Stadium,,,,,,,,,55.6042049,-4.5092951,way,116475823
Rugby Stadium,Stadium,,,,,,,,,51.2662489,-0.7527763,way,77865803
Rugby stand,Stadium,187,Kew Road,Richmond,TW9 2AZ,"187 Kew Road, Richmond, TW9 2AZ",,,,51.4699613,-0.2970317,way,995570792
Rugby Theatre,Theatre,,Henry Street,Rugby,CV21 2QA,"Henry Street, Rugby, CV21 2QA",,,+44 1788 541234,52.3742623,-1.2602011,way,363466442
Rugby Town FC,Stadium,,Butlin Road,Rugby,CV21 3SB,"Butlin Road, Rugby, CV21 3SB",,http://www.rugbytownfc.com,,52.3731183,-1.2350163,way,26803969
Rugeley Rose Theatre,Theatre,,Taylor's Lane,,WS15 2AA,"Taylor's Lane, WS15 2AA",,,,52.7631151,-1.9365713,way,490662488
Rumba,Nightclub,6-8,Swan Bank,Congleton,CW12 1AH,"6-8 Swan Bank, Congleton, CW12 1AH",,,,53.1634651,-2.2148878,node,2088623667
Rumbolds Farm,Events venue,,,,,,,,,51.0617146,-0.5715751,node,12063950933
Ruskin Park Bandstand,Bandstand,,,,,,,,,51.4659447,-0.0928507,way,27085672
Rutland Open Air Theatre,Theatre,,Salters Lane,Stamford,PE9 4BH,"Salters Lane, Stamford, PE9 4BH",,,,52.6808389,-0.4903695,way,1202712472
Rylstone Gardens Bandstand,Bandstand,,,,,,,,,50.6258033,-1.1750271,way,170310386
S1 Artspace,Arts centre,,,,,,,,,53.3774603,-1.475581,node,257415628
SA Group Stand,Stadium,,,,,,,,,51.4875882,-3.1907892,relation,13066217
Sadler's Wells,Theatre,,Rosebery Avenue,London,EC1R 4TN,"Rosebery Avenue, London, EC1R 4TN",,https://www.sadlerswells.com/,,51.5294846,-0.1061834,way,98992534
Sadler's Wells East,Theatre,101,Carpenters Road,London,E20 2AR,"101 Carpenters Road, London, E20 2AR",,,,51.5410186,-0.011866,way,1042201704
Saffron D'or,Events venue,447,Lady Margaret Road,Southall,UB1 2QB,"447 Lady Margaret Road, Southall, UB1 2QB",,https://www.saffrondoruk.com/,,51.5283833,-0.3735557,way,327385973
Saffron Gallery,Events venue,341-351,High Street,London,E15 4QZ,"341-351 High Street, London, E15 4QZ",,,,51.5376857,-0.0014118,way,117416338
Saffron Hall,Arts centre,,,,,,,,,52.0174976,0.230212,node,8977504829
Saffron Lane Stadium,Stadium,,,,,,,,,52.6137252,-1.1338371,way,490585345
Sage,Nightclub,2,Railway Road,Leigh,WN7 4AX,"2 Railway Road, Leigh, WN7 4AX",,,+44 1942 673327,53.4967508,-2.5194637,way,1205706984
Sainsbury Theatre,Theatre,,,,,,,,,51.4905116,-0.2165652,node,9249620916
Saint David's Hall,Theatre,,The Hayes,Cardiff,,"The Hayes, Cardiff",,https://www.stdavidshallcardiff.co.uk/,,51.4802409,-3.176498,way,1417645583
Saint George's Theatre,Theatre,,King Street,Great Yarmouth,NR30 2PG,"King Street, Great Yarmouth, NR30 2PG",,https://www.stgeorgestheatre.com/,,52.6051358,1.7293321,way,175564381
Saint Ives Theatre,Theatre,,,,,,,,,50.2112856,-5.4827051,way,657422641
Saint Judes Theatre,Theatre,,,,,,,,,51.3570502,-2.9472144,node,450140270
Saint Katherine's Barn,Arts centre,,High Street,Ledbury,HR8 1DZ,"High Street, Ledbury, HR8 1DZ",,http://thebarnledbury.co.uk/,,52.0362704,-2.4232061,way,332283837
Saint Lawrence's Centre for Training and the Arts,Arts centre,,,,,,,https://www.st-lawrence.org.uk/,,52.6655117,1.4973044,way,103635502
Saint Luke's,Theatre,17,Bain Street,Glasgow,G40 2JZ,"17 Bain Street, Glasgow, G40 2JZ",,https://www.stlukesglasgow.com/,,55.8546668,-4.234592,way,78405248
Saint Matthew's Centre,Conference centre,,Saint Matthew's Close,Walsall,WS1 3DG,"Saint Matthew's Close, Walsall, WS1 3DG",,,,52.5813267,-1.977069,way,262297268
Saint Patricks Private Members Club,Nightclub,,,,,,,,,52.4869556,-1.9465887,node,2803016618
Saint Swithun's Performing Arts Centre,Theatre,,,,,,,,,51.0638779,-1.2878399,way,87786627
Saint Thomas Community Centre,Theatre,,,,,,,,,51.6242021,-3.9283365,node,260970631
Sale Nomads Theatre Club,Theatre,,,,,,,https://salenomads.org.uk/,,53.4223129,-2.3250918,way,497393460
Salem Mill,Arts centre,,,,,,,,,53.7409979,-2.0166753,node,398168857
Salisbury Arts Centre,Arts centre,,,,,,,,,51.0722733,-1.7917659,way,106973477
Salisbury Playhouse,Theatre,,,,,,,,,51.0703252,-1.7998896,way,245256332
Sallis Benney Theatre,Theatre,58-67,Grand Parade,Brighton & Hove,BN2 0JY,"58-67 Grand Parade, Brighton & Hove, BN2 0JY",,http://arts.brighton.ac.uk/whats-on/gallery-theatre,,50.82424,-0.1350903,node,1155702188
Salt and Tar,Events venue,,Washington Parade,Bootle,L20 1AA,"Washington Parade, Bootle, L20 1AA",,https://www.saltandtarbootle.com/,,53.450436,-2.9921553,way,1280380661
Salt Market Social,Events venue,1,Liddell Street,North Shields,NE30 1HE,"1 Liddell Street, North Shields, NE30 1HE",,https://saltmarketsocial.co.uk/,,55.0072022,-1.4409149,node,12618839484
Saltburn Bandstand,Bandstand,,,,,,,,,54.5820463,-0.9710278,way,60754644
Saltburn Community Arts Association,Theatre,,Albion Terrace,Saltburn-by-the-Sea,TS12 1JW,"Albion Terrace, Saltburn-by-the-Sea, TS12 1JW",,https://www.saltburnarts.co.uk/,+44 1287 624997,54.5823627,-0.9730731,node,1525013356
Salterton Playhouse,Theatre,,Station Road,Budleigh Salterton,EX9 6RJ,"Station Road, Budleigh Salterton, EX9 6RJ",,https://www.saltertondrama.co.uk/,,50.6304177,-3.3300338,node,530138832
Sam Wanamaker Playhouse,Theatre,21,New Globe Walk,London,SE1 9DT,"21 New Globe Walk, London, SE1 9DT",,https://www.shakespearesglobe.com/discover/about-us/sam-wanamaker-playhouse/,,51.50798,-0.0965614,way,82459276
Sambrook's Brewery Taproom,Bar,1,Bellwether Lane,London,SW18 1UR,"1 Bellwether Lane, London, SW18 1UR",,https://www.sambrooksbrewery.co.uk,+44 20 7228 0598,51.4573119,-0.1925567,way,1182358157
Samuel Worth Chapel,Events venue,,Cemetery Avenue,Sheffield,S11 8NT,"Cemetery Avenue, Sheffield, S11 8NT",,https://gencem.org/venue-hire/the-samuel-worth-chapel/,,53.3687027,-1.4884843,way,74440337
Samuels Nightclub,Nightclub,,Eastgate,Louth,LN11 9NG,"Eastgate, Louth, LN11 9NG",,,,53.3670294,-0.0048146,node,8947213455
Samye Dechen Shing Retreat Centre,Arts centre,,,,,,,,,55.5024339,-5.2254669,node,3798049174
Sandy Cove Club,Nightclub,175,Ffordd y Foryd,Kinmel Bay,LL18 5LT,"175 Ffordd y Foryd, Kinmel Bay, LL18 5LT",,,,53.3078019,-3.5263527,way,323881368
Sandy Lane - Worksop Town FC,Stadium,,,,,,,,,53.3115614,-1.1313963,way,554274475
Sandy Park Stadium,Stadium,,Sandy Park Way,Exeter,EX2 7NN,"Sandy Park Way, Exeter, EX2 7NN",,,,50.7092986,-3.4677025,relation,7565560
Sandyhill Arts,Arts centre,,Sandy Hill Lane,,,Sandy Hill Lane,,https://sandyhillarts.co.uk/,,50.6383445,-2.054326,node,9950800503
Sankeys,Nightclub,,Sidney Street,Manchester,M1 7HL,"Sidney Street, Manchester, M1 7HL",,,,53.4849325,-2.2259628,node,12077070827
Sant Ffraed House,Events venue,,,Abergavenny,NP7 9BA,"Abergavenny, NP7 9BA",,https://oldwallscollection.com/contact-us/,+44 1792 391 468,51.7867215,-2.9339576,node,11358468872
Santiago,Pub,1-3,Grand Arcade,Leeds,LS1 6PG,"1-3 Grand Arcade, Leeds, LS1 6PG",,,,53.8001352,-1.5398445,node,2138696601
Sarah Thorne Memorial Theatre,Theatre,,,,,,,,,51.3611981,1.4301617,way,101835174
Satan's Hollow,Nightclub,101,Princess Street,Manchester,M1 6DD,"101 Princess Street, Manchester, M1 6DD",,,,53.4773653,-2.239422,node,9101678262
Saughton Park Bandstand,Bandstand,,,,,,,,,55.9340936,-3.248245,way,759653180
Savoy,Nightclub,77,Renfrew Street,Glasgow,G2 3BZ,"77 Renfrew Street, Glasgow, G2 3BZ",,,,55.8649166,-4.2579814,node,1312364766
Savoy Theatre,Theatre,,,London,WC2R 0ET,"London, WC2R 0ET",,,,51.5101413,-0.1208814,way,490638255
Savoy Theatre,Theatre,,Church Street,Monmouth,NP25 3BU,"Church Street, Monmouth, NP25 3BU",,https://www.monmouth-savoy.co.uk/,+44 1600 772 467,51.8128862,-2.7145239,node,1759030011
Saxon Barn,Events venue,,,,,,,https://www.saxonbarn.co.uk/,,51.7274713,-2.2885235,way,353623879
Scala,Nightclub,,,,,,,https://scala.co.uk,+44 20 7833 2022,51.5306106,-0.1206616,way,137825939
Scarborough Open Air Theatre,Theatre,,,,,,,https://www.scarboroughopenairtheatre.com/,,54.2945653,-0.4119576,way,123332467
Scarborough Spa,Theatre,,South Bay,Scarborough,YO11 2HD,"South Bay, Scarborough, YO11 2HD",,https://www.scarboroughspa.co.uk/,,54.2754887,-0.3972008,way,169871105
Scarlets,Nightclub,,,,,,,,,52.4742518,-1.8993229,node,315465079
Scene,Nightclub,,,,,,,,,53.2574519,-2.1243993,node,321995479
Scholars,Nightclub,,Vecqueray Street,Coventry,,"Vecqueray Street, Coventry",,,,52.4073083,-1.4971982,way,448174534
Scorpio,Nightclub,,,,,,,,,54.1104319,-3.2292156,way,332681760
Scotstoun Stadium,Stadium,,,,,,9708,,,55.8817196,-4.3424326,way,665713166
Scottish Arts Club,Arts centre,24,Rutland Square,,EH1 2BW,"24 Rutland Square, EH1 2BW",,https://www.scottishartsclub.com/,+44 131 229 8157,55.9487516,-3.2096279,node,10974031516
Scottish Event Centre (SEC),Conference centre,,,,,,,,,55.8604139,-4.2878284,node,13589260701
Scottish Official Board of Highland Dancing,Arts centre,32,Grange Loan,Edinburgh,,"32 Grange Loan, Edinburgh",,https://www.sobhd.net/,+44 131 668 3965,55.9338204,-3.1793988,node,3510567537
Scottish Opera Production Studios,Theatre,40,Edington Street,Glasgow,G4 9RD,"40 Edington Street, Glasgow, G4 9RD",,,,55.8725414,-4.2593416,way,178991831
Scottish Rugby Union,Stadium,,Roseburn Street,,EH12 5PJ,"Roseburn Street, EH12 5PJ",67144,,,55.9422055,-3.2412615,relation,75168
Scottish Storytelling Centre,Arts centre,43,High Street,Edinburgh,EH1 1SR,"43 High Street, Edinburgh, EH1 1SR",,https://www.scottishstorytellingcentre.com/,,55.9506837,-3.1849407,way,70954978
Scrivens Opticians Stand,Stadium,,,,,,,,,52.4564512,-1.9016766,way,1448244512
Sea Lion Theatre,Theatre,,,,,,,,,52.3778846,-2.2899654,way,126257654
Seaford Little Theatre,Theatre,4,Steyne Road,Seaford,BN25 1HA,"4 Steyne Road, Seaford, BN25 1HA",,,,50.7702202,0.1001898,way,1506688952
Seafront Bandstand,Bandstand,,,,,,,,,50.7825026,-0.6690581,way,313065924
Sealion Show,Theatre,,,,,,,,,52.5065993,1.7472244,node,9469384879
Sean Hollywood Arts Centre,Arts centre,,Bank Parade,Newry,,"Bank Parade, Newry",,https://www.newrymournedown.org/sean-hollywood-arts-centre-newry,,54.1778151,-6.3376484,way,674984590
Seaton Deleval Arts Centre,Arts centre,,Blyth Street,Whitley Bay,NE25 0DY,"Blyth Street, Whitley Bay, NE25 0DY",,https://seatondelavalartscentre.com/,+44 191 237 5460,55.0724759,-1.5258308,way,245803189
Seaview,Stadium,,,,,,,,,54.6242444,-5.921931,way,396750041
Sebright Arms,Pub,31-35,Coate Street,London,E2 9AG,"31-35 Coate Street, London, E2 9AG",,https://www.sebrightarms.com/,,51.5320136,-0.0631152,way,305492454
SEC Armadillo,Theatre,,,,,,,,,55.859651,-4.2878808,way,10759864
Second Bridge,Nightclub,,Manvers Street,Bath,BA1 1JQ,"Manvers Street, Bath, BA1 1JQ",,,,51.3788179,-2.3572717,node,472443381
Secrets,Nightclub,62,Glenthorne Road,London,W6 0LR,"62 Glenthorne Road, London, W6 0LR",,https://www.secrets-clubs.co.uk/our-clubs/hammersmith/,+44 20 8563 7974,51.4946561,-0.2312847,way,971050396
Secrets Nightclub,Nightclub,,,,,,,,,54.7548231,-6.6094445,node,12021278479
Seel Park,Stadium,,,,,,,,,53.5163377,-2.0445578,relation,1831130
Selby Town Hall,Theatre,,,,,,,https://www.selbytownhall.co.uk/,,53.7830397,-1.0733333,way,1426273745
Seldon Barn,Events venue,,seldon lane,,,seldon lane,,,,50.8465118,-0.471131,node,7220708798
Select Car Leasing Stadium,Stadium,,,Reading,RG2 0FL,"Reading, RG2 0FL",24161,https://www.readingfc.co.uk/,,51.4223416,-0.9831557,way,256756004
Selhurst Park,Stadium,,Whitehorse Lane,London,SE25 6PU,"Whitehorse Lane, London, SE25 6PU",25486,,,51.3982826,-0.0851524,way,704819406
Sense Nightclub,Nightclub,,,,,,,,,54.6339028,-6.7506716,way,255015732
Sett,Arts centre,174,Burton Road,,,174 Burton Road,,,,53.4274945,-2.2420218,way,612339940
Seven,Arts centre,,,,,,,https://www.sevenleeds.co.uk/,,53.8277943,-1.5377236,node,2492651387
Sewell Group Craven Park Stadium,Stadium,,,,,,,,,53.7540499,-0.2648032,way,29208535
Sewell's Field,Events venue,,,,,,,,,52.3242985,-0.2116713,way,468575935
SGS WISE Arena,Stadium,,,,,,,,,51.5124829,-2.5553614,way,922217233
Shades,Nightclub,6a,High Street,Leamington Spa,CV31 3AN,"6a High Street, Leamington Spa, CV31 3AN",,,,52.2838489,-1.5335019,node,6458770166
Shaftesbury Arts Centre,Arts centre,13,Bell Street,,SP7 8AR,"13 Bell Street, SP7 8AR",,https://shaftesburyartscentre.org.uk/,+44 1747 854321,51.0065697,-2.1972301,node,2528600319
Shaftesbury Theatre,Theatre,,,,,,,,,51.5161284,-0.1258597,way,81459092
Shaftesbury Theatre,Theatre,,,,,,,,,50.5802779,-3.4703781,node,411089850
Shakers,Nightclub,,,,,,,,,53.7480611,-0.3251673,way,240521550
Shakespeare North Playhouse,Theatre,,,,,,,,,53.4291229,-2.805787,way,873079135
Shakespeare's Globe,Theatre,21,New Globe Walk,London,SE1 9DT,"21 New Globe Walk, London, SE1 9DT",,https://www.shakespearesglobe.com/,,51.5081231,-0.0970886,relation,1239793
Shanghai Club,Nightclub,16,George Street,Edinburgh,EH2 2PF,"16 George Street, Edinburgh, EH2 2PF",,https://shanghaiclub.co.uk/,,55.9535658,-3.1960772,node,11042738372
Shanklin Theatre,Theatre,,Steephill Road,Shanklin,PO37 6AJ,"Steephill Road, Shanklin, PO37 6AJ",,https://www.shanklintheatre.com/,+44 1983 868000,50.6276477,-1.1786562,way,129554924
Shard End No 1 Royal British Legion Club,Nightclub,,Hurst Lane,Birmingham,B34 7HP,"Hurst Lane, Birmingham, B34 7HP",,,,52.4983139,-1.7651706,way,128262458
Shard End Social Club,Nightclub,,,,,,,,,52.4981487,-1.7697,way,130902173
Shaw Theatre,Theatre,100-110,Euston Road,London,NW1 2AJ,"100-110 Euston Road, London, NW1 2AJ",,https://www.shaw-theatre.com/,,51.5288526,-0.1281323,node,332118767
Shawbost Weavers,Exhibition centre,,,,,,,,,58.3276577,-6.6809076,node,12147786701
Shawe View,Stadium,,,,,,2500,,,53.4464924,-2.3721915,relation,1831122
SheBar,Nightclub,,,,,,,https://www.she-soho.com,,51.5132104,-0.1308895,node,10968314400
Sheepdrove Organic Farm,Events venue,,,,,,,,,51.5338171,-1.4849735,node,9818167286
Sheepfolds Stables,Events venue,,,,,,,,,54.9120262,-1.3879612,way,709213575
Sheffield City Hall,Theatre,,Barker's Pool,Sheffield,S1 2JA,"Barker's Pool, Sheffield, S1 2JA",,https://www.sheffieldcityhall.co.uk/,,53.3808662,-1.4724355,way,4398703
Sheffield O2 Academy,Music venue,37-43,Arundel Gate,Sheffield,S1 1DL,"37-43 Arundel Gate, Sheffield, S1 1DL",,,,53.381407,-1.4654685,way,103077427
Sheffield Pattern Club,Arts centre,2-4,Matilda Street,Sheffield,S1 4QD,"2-4 Matilda Street, Sheffield, S1 4QD",,https://patternclub.org/sheffield/,,53.3768905,-1.4723461,node,12628859600
Sheiks,Nightclub,,The Esplanade,Bognor Regis,PO21 1SY,"The Esplanade, Bognor Regis, PO21 1SY",,https://www.bognorpier.co.uk,,50.7811779,-0.6758601,node,12896184026
Sheldon Open Air Theatre,Theatre,,,,,,,https://www.sheldontheatre.co.uk/,,50.6711077,-3.644902,way,454966853
Sheldon Square,Theatre,,,,,,,,,51.5193954,-0.1799824,way,42032678
Sheldonian Theatre,Theatre,,Broad Street,Oxford,OX1 3AZ,"Broad Street, Oxford, OX1 3AZ",,https://www.sheldonian.ox.ac.uk/,+44 1865 277299,51.754317,-1.255006,way,27582068
Shell Theatre (outdoor),Theatre,,,,,,,,,51.595128,-0.0860873,way,261128132
Shelley Theatre,Theatre,,Beechwood Avenue,,,Beechwood Avenue,,,,50.7239015,-1.8329955,way,1311278736
Shelter,Nightclub,,,,,,,,,51.5356581,-0.0771622,way,1001831573
Sheppey Little Theatre,Theatre,34-36,Meyrick Road,Sheerness,ME12 2NX,"34-36 Meyrick Road, Sheerness, ME12 2NX",,https://www.sheppeylittletheatre.co.uk/,+44 1795 665700,51.4399962,0.7674846,way,1271172422
Sheppey United Football Club,Stadium,,,,,,,,,51.421322,0.7668189,node,4894276872
Sherman Theatre,Theatre,,Senghennydd Road,Cardiff,CF24 4YE,"Senghennydd Road, Cardiff, CF24 4YE",,https://www.shermantheatre.co.uk/homepage/,+44 2920 646 900,51.4879028,-3.1764628,way,201296232
Shieldfield Art Works,Arts centre,,Clarence Street,Newcastle upon Tyne,NE2 1YH,"Clarence Street, Newcastle upon Tyne, NE2 1YH",,https://www.saw-newcastle.org/,,54.9764885,-1.5992253,way,145614669
Shielfield Park,Stadium,,,,,,,,,55.7600156,-2.0157949,way,639511134
Shilling Auditorium,Theatre,,,,,,,,,51.42575,-0.561712,node,12643133900
Shinfield Players Theatre,Theatre,,,Reading,RG2 9DF,"Reading, RG2 9DF",,http://www.boardtreaders.tgis.co.uk/,,51.4170967,-0.9509985,way,93559251
Ships and Giggles,Pub,3,Fylde Road,Preston,PR1 2XQ,"3 Fylde Road, Preston, PR1 2XQ",,https://www.facebook.com/ShipsAndGiggles/,,53.7628023,-2.7084072,way,366052303
Shire Hall,Arts centre,11,Market Place,Goole,DN14 7BJ,"11 Market Place, Goole, DN14 7BJ",,,,53.7455417,-0.8659918,node,2505387250
Shirley Royal British Legion Club,Nightclub,,Stratford Road,Solihull,B90 3GG,"Stratford Road, Solihull, B90 3GG",,,,52.4125978,-1.8290655,way,111834548
Shirley Sherwood Gallery,Arts centre,,,,TW9 2AA,TW9 2AA,,,,51.4746556,-0.2923647,way,118520866
Shooshh...,Nightclub,20,Crown Hill,Croydon,CR0 1RZ,"20 Crown Hill, Croydon, CR0 1RZ",,,,51.3736952,-0.1013627,node,2075477230
Shoreditch Studios,Events venue,37,Bateman's Row,London,EC2A 3HH,"37 Bateman's Row, London, EC2A 3HH",,https://shoreditch.com/shoreditchstudios,+44 20 7033 9006,51.5250662,-0.0787075,way,1001483873
Shoreditch Townhouse,Nightclub,25,Paul Street,London,EC2A 4JU,"25 Paul Street, London, EC2A 4JU",,https://www.shoreditchtownhouse.com/,+44 20 7920 9378,51.5230208,-0.0845771,way,173037429
Shortmead House,Events venue,,,,,,,,,52.0980735,-0.265248,way,101491443
Shotton Hall,Events venue,,,Peterlee,SR8 2PH,"Peterlee, SR8 2PH",,http://www.shottonhall.com/,+44 191 586 2491,54.7510713,-1.3570315,way,513896785
Shottstown Miners Welfare & Social Club,Events venue,165,John Street,Penicuik,EH26 8AT,"165 John Street, Penicuik, EH26 8AT",,,,55.832861,-3.2222797,node,692158420
Show,Events venue,,,,,,,https://www.sparkyork.org/studios/show,,53.9566311,-1.0772094,node,11197046445
Shrewsbury Flaxmill Maltings,Events venue,,,,,,,https://www.shrewsburyflaxmillmaltings.org.uk/,,52.7196972,-2.7438397,node,12098963817
Shropshire Conference Centre,Conference centre,,Mytton Oak Road,Shrewsbury,SY3 8XQ,"Mytton Oak Road, Shrewsbury, SY3 8XQ",,https://www.shropshireconferencecentre.co.uk/,,52.7108712,-2.7903749,way,518682498
Shustoke Barn,Events venue,,,,,,,https://www.crippsshustoke.com/,,52.5142294,-1.6726553,way,337690957
Sidmouth Amateur Dramatic Society,Theatre,,,Sidmouth,EX10 9BY,"Sidmouth, EX10 9BY",,,,50.6870027,-3.2359269,node,12695116189
Sidney & Matilda,Bar,46,Sidney Street,Sheffield,S1 4RH,"46 Sidney Street, Sheffield, S1 4RH",,,+44 114 275 6255,53.3755,-1.4690939,way,104379619
Signature Brew Taproom,Pub,,Blackhorse Lane,London,E17 5QJ,"Blackhorse Lane, London, E17 5QJ",,https://www.signaturebrew.co.uk/pages/visit-the-brewers-bar-at-signature-brew-in-blackhorse-road-walthamstow,,51.5915513,-0.0427688,way,1208115927
Signature Brew Taproom and Venue,Pub,340,Acton Mews,London,E8 4EA,"340 Acton Mews, London, E8 4EA",,https://www.signaturebrew.co.uk/pages/the-signature-brew-taproom-venue-in-haggerston-east-london,,51.5367031,-0.0756943,way,469649790
Silk,Nightclub,27,Midland Road,Wellingborough,NN8 1HF,"27 Midland Road, Wellingborough, NN8 1HF",,http://www.silkwellingborough.co.uk/,+44 1933 229417,52.3016372,-0.6899813,way,334000458
Silver Street,Stadium,,,,,,,,,53.4574478,-2.4137763,relation,1831095
Silverlake Stadium,Stadium,,,,,,,,,50.9523415,-1.371897,way,854932752
Silverworks Island,Music venue,,,,,,,https://silverworksisland.com/,,51.5041899,0.0367652,way,1093774645
Silvester Horne Institute,Arts centre,,High Street,,,High Street,,https://www.silvesterhorneevents.co.uk/,,52.5370063,-2.8089346,way,155605703
Simpkins Lee Theatre,Events venue,,,,,,,,,51.7650845,-1.2546077,node,1925475335
Simply Skate Arena,Stadium,,,,,,,,,53.4409223,-1.3343444,way,228659911
Sin City,Nightclub,14-15,Dillwyn Street,Swansea,SA1 4AQ,"14-15 Dillwyn Street, Swansea, SA1 4AQ",,,,51.6188073,-3.9499416,way,1116334934
Sir Alex Ferguson Stand,Stadium,,,,,,,,,53.4636176,-2.2916308,way,351220227
Sir Bernard Lovell School Auditorum,Theatre,,,,,,,,,51.4428819,-2.4709179,way,128313783
Sir Bobby Charlton Stand,Stadium,,,,,,,,,53.4625617,-2.2911257,way,351220232
Sir Chris Hoy Velodrome,Stadium,1000,London Road,Glasgow,G40 3HG,"1000 London Road, Glasgow, G40 3HG",,,,55.8473762,-4.2079788,way,156831896
Sir John Mills Theatre,Theatre,,,,,,,,,52.0628649,1.1370048,node,292038225
Sir Kenny Dalglish Stand,Stadium,,,,,,,,,53.4305433,-2.9601653,way,188699282
Sir Tom Finney Stadium,Stadium,,Brownedge Road,Preston,PR5 6UX,"Brownedge Road, Preston, PR5 6UX",,,,53.727874,-2.6719941,way,366510876
Six's,Nightclub,2,Lurke Street,,MK40 3HY,"2 Lurke Street, MK40 3HY",,,,52.1382169,-0.4661015,node,1288733401
Six's,Nightclub,30,The Broadway,Bedford,MK40 2TH,"30 The Broadway, Bedford, MK40 2TH",,,,52.1397214,-0.4678013,node,1321574684
Sixfields Stadium,Stadium,,Walter Tull Way,Northampton,NN5 5QA,"Walter Tull Way, Northampton, NN5 5QA",7798,https://www.ntfc.co.uk/,,52.2351403,-0.9335305,way,28321988
Sixways Stadium,Stadium,,,,,,,,,52.2153428,-2.1627231,way,1331401432
Sixxis,Nightclub,,Whitworth Street West,Manchester,M1 5WQ,"Whitworth Street West, Manchester, M1 5WQ",,http://sixxisclub.com/,+44 161 236 4418,53.4738595,-2.2447754,node,4295880405
Sjovol Centre,Conference centre,,,Durham,DH1 5BL,"Durham, DH1 5BL",,,,54.7995921,-1.5889135,way,339949437
Ski Bar,Nightclub,,,,,,,,,54.1976265,-3.2796917,way,327339806
Skinandi's,Nightclub,,Sir George's Street,Thurso,KW14 7AW,"Sir George's Street, Thurso, KW14 7AW",,,,58.5930059,-3.5216128,way,604981357
Skipton Little Theatre,Theatre,1-3,Clifford Street,Skipton,BD23 2AD,"1-3 Clifford Street, Skipton, BD23 2AD",,,,53.9583271,-2.0213424,way,576259234
Skittle alley,Events venue,,,,,,,,,51.4971933,-0.6312693,way,1275341934
Sky Bar Nightclub,Nightclub,,,,,,,,,51.2356362,-2.9973771,node,1905134201
Sky Lounge,Nightclub,34,King Street,Leigh,,"34 King Street, Leigh",,,,53.4954634,-2.5198574,way,1208605587
Skylight Circus Arts,Arts centre,,Sparrow Hill,Rochdale,OL16 1QT,"Sparrow Hill, Rochdale, OL16 1QT",,,,53.6139556,-2.1577925,way,878176320
Skyline Stage,Theatre,,,,,,,,,51.2065199,-3.4594449,node,5745541801
Skyline Stage,Theatre,,,,,,,,,50.7851726,-0.6629308,node,5904321341
Slade Rooms,Events venue,,,,,,,,,52.5874541,-2.1241191,way,876612532
Slay,Nightclub,24,Glassford Street,Glasgow,G1 1UL,"24 Glassford Street, Glasgow, G1 1UL",,https://www.slayglasgow.com/,,55.8581267,-4.2489968,node,9750981325
Sleaford Rugby Club,Stadium,,,,,,,,,53.0135435,-0.3903233,way,173207475
Slebech Park,Events venue,,,,,,,https://www.slebech.co.uk/,,51.7900218,-4.8558828,node,11780243121
sleight,Nightclub,1,York Street,Bath,BA1 1NG,"1 York Street, Bath, BA1 1NG",,http://sleightbarbath.co.uk/,,51.3809426,-2.3580459,node,3773999026
Slim Jim's,Nightclub,36-42,Sheaf Street,Daventry,NN11 4AB,"36-42 Sheaf Street, Daventry, NN11 4AB",,,,52.2563802,-1.1633465,node,4894025427
Smade Lounge,Nightclub,284-294,Ley Street,Ilford,IG1 4BS,"284-294 Ley Street, Ilford, IG1 4BS",,https://www.smadelounge.co.uk,,51.5635302,0.0821708,node,10764706647
Small Campfire Circle,Theatre,,,,,,,,,51.6487382,0.0004174,way,85585850
Small Hall,Events venue,,,,,,,,,51.4868961,-0.1683874,way,904633407
Small World Theatre / Theatr Byd Bychan,Arts centre,,Bath House Road,Cardigan / Aberteifi,SA43 1JY,"Bath House Road, Cardigan / Aberteifi, SA43 1JY",,https://smallworld.org.uk/,+44 1239 615952,52.0858263,-4.6598724,way,518580297
Smart Space,Events venue,,,,,,,,,51.2649301,-0.4291342,node,9942000434
Smethwick Photographic Society,Events venue,,Churchbridge,,,Churchbridge,,https://smethwickps.co.uk,+44 121 552 0279,52.4977577,-2.0198314,way,1435300553
SMH Group Stadium,Stadium,1866,Sheffield Road,Chesterfield,S41 8NZ,"1866 Sheffield Road, Chesterfield, S41 8NZ",,https://chesterfield-fc.co.uk/technique-stadium,,53.2535785,-1.4257977,way,133493605
Smile Bar & Venue,Events venue,38,Wakefield Road,Huddersfield,HD1 3AQ,"38 Wakefield Road, Huddersfield, HD1 3AQ",,https://www.smilebarandvenue.co.uk/,+44 7846 904737,53.6442636,-1.7750223,way,1254710261
Smith Square Hall,Arts centre,,Smith Square,London,SW1P 3HA,"Smith Square, London, SW1P 3HA",,https://www.sjss.org.uk/,,51.495976,-0.1270485,way,118720812
Smokey Joe's,Nightclub,22-26,Nicholsons Walk,Maidenhead,SL6 1LB,"22-26 Nicholsons Walk, Maidenhead, SL6 1LB",,https://www.smokey-joes.co.uk/,,51.5219282,-0.7230279,node,2364897632
Smoki Gallery,Arts centre,,,York,,York,,,,53.9907165,-1.0742936,way,559540553
Snape Maltings Concert Hall,Theatre,,,,,,,,,52.163742,1.497665,node,7973715956
Sneaky Pete's,Nightclub,73,Cowgate,Edinburgh,EH1 1JW,"73 Cowgate, Edinburgh, EH1 1JW",100,https://sneakypetes.co.uk/,,55.9481713,-3.191479,node,483044126
Snobs,Nightclub,200,Broad Street,Birmingham,B15 1SU,"200 Broad Street, Birmingham, B15 1SU",,https://www.snobsnightclub.co.uk/,+44 121 643 5551,52.4752524,-1.913925,node,3117288068
Snodland Town Football Club,Stadium,,,,,,,,,51.3329969,0.4321446,node,11361850916
Soapbox Theatre,Theatre,,,Plymouth,PL1 4DN,"Plymouth, PL1 4DN",,,,50.377164,-4.1723842,way,984724177
Soca Live,Music venue,,,,,,,,,52.4477178,-1.8212762,node,9627217279
Sohmen Concert Hall,Theatre,,,,,,,,,51.7600217,-1.2635599,node,13052333250
Soho Rooms,Nightclub,25-27,Mosley Street,Newcastle upon Tyne,NE1 1YF,"25-27 Mosley Street, Newcastle upon Tyne, NE1 1YF",,,+44 7462 630670,54.9708044,-1.6109906,node,3871273609
Soho Theatre,Theatre,21,Dean Street,London,W1D 3NE,"21 Dean Street, London, W1D 3NE",,https://www.sohotheatre.com/,+44 20 7478 0100,51.5144121,-0.132793,way,149173479
Soho Theatre Walthamstow,Theatre,186,Hoe Street,London,E17 4QH,"186 Hoe Street, London, E17 4QH",,,,51.5859636,-0.0204266,way,130410583
solitude,Theatre,,,,,,,,,54.348017,-6.2667639,way,1291374279
Solstice,Nightclub,,Northminster,Peterborough,PE1 1YN,"Northminster, Peterborough, PE1 1YN",,,,52.5754583,-0.2393858,node,6193565206
Somerset Hall,Events venue,,High Street,Bristol,BS20 6AH,"High Street, Bristol, BS20 6AH",,https://www.n-somerset.gov.uk/my-services/leisure/community-venues/somersethall,,51.4846331,-2.768325,way,685330233
Somerset House,Arts centre,,Strand,London,WC2R 1LA,"Strand, London, WC2R 1LA",,https://www.somersethouse.org.uk,,51.5109336,-0.1174564,way,372841786
Somerset Park,Stadium,,,Ayr,,Ayr,,,,55.4696512,-4.6199655,way,521556578
Something Fishy Gallery,Arts centre,,,,,,,,,51.331776,1.418777,node,8329444970
Sondheim Theatre,Theatre,51,Shaftesbury Avenue,London,W1D 6BA,"51 Shaftesbury Avenue, London, W1D 6BA",,https://www.sondheimtheatre.co.uk/,,51.5120289,-0.1328283,way,149173477
Sonny's Speakeasy,Nightclub,224-226,Old Christchurch Road,Bournemouth,BH1 4PE,"224-226 Old Christchurch Road, Bournemouth, BH1 4PE",,,+44 1202 933180,50.722172,-1.8696469,way,1209423102
SophistiCats,Nightclub,5,Brewer Street,London,W1F 0RF,"5 Brewer Street, London, W1F 0RF",,,+44 20 3617 2173,51.5124247,-0.1335521,node,3623405228
Sopley Mill,Events venue,,Mill Lane,Sopley,BH23 7AU,"Mill Lane, Sopley, BH23 7AU",,https://sopleymill.co.uk/,+44 1425 672586,50.7695139,-1.7799447,way,1014116119
Sore Bee,Pub,80-82,Wharf Street,Sowerby Bridge,HX6 2LB,"80-82 Wharf Street, Sowerby Bridge, HX6 2LB",,,,53.7099309,-1.9052311,node,2295945273
Soulful Cellar,Nightclub,90b,High Street,Croydon,CR0 1ND,"90b High Street, Croydon, CR0 1ND",,,,51.3705115,-0.1002135,node,2112979621
Sound Circus Alternative Bar,Nightclub,,,,,,,,,50.7270466,-1.8609355,way,1057722443
Sound Pop Academy,Arts centre,,Hill Lane,Southampton,SO15 5RL,"Hill Lane, Southampton, SO15 5RL",,https://www.soundpopacademy.co.uk,,50.9260614,-1.4168447,node,7863922803
South East Corner,Stadium,,,,,,,,,55.8489138,-4.2053448,way,193158444
South Event Halls (S1~S22),Events venue,,,,,,,,,51.5076682,0.029858,way,1202019290
South Hill Park Arts Centre,Arts centre,,,,,,,,,51.3936786,-0.7498897,way,52491983
South Holland Centre,Theatre,23,Market Place,Spalding,PE11 1SS,"23 Market Place, Spalding, PE11 1SS",,https://www.southhollandcentre.co.uk/,,52.786738,-0.1502553,way,415527586
South Kesteven Sports Stadium,Stadium,,Trent Road,Grantham,NG31 7XQ,"Trent Road, Grantham, NG31 7XQ",,,,52.9056976,-0.6668219,way,319938617
South London Gallery,Arts centre,65-67,Peckham Road,London,SE5 8UH,"65-67 Peckham Road, London, SE5 8UH",,https://www.southlondongallery.org/,+44 20 7703 6120,51.4743428,-0.079873,way,67163594
South London Theatre,Theatre,2A,Norwood High Street,London,SE27 9NS,"2A Norwood High Street, London, SE27 9NS",,https://www.southlondontheatre.co.uk/,,51.431985,-0.1029527,way,184288140
South Mill Arts,Arts centre,1-3,South Road,Bishop's Stortford,CM23 3JG,"1-3 South Road, Bishop's Stortford, CM23 3JG",,,,51.8635731,0.1639923,way,578142227
South Molton Rugby Club,Stadium,,,,,,,,,51.0267939,-3.8288363,way,164574854
South Shields Amphitheatre,Theatre,,,,,,,,,54.9972569,-1.4110037,node,3118421707
South Stand,Stadium,,,,,,,,,52.6217128,1.309858,relation,2450991
South Stand,Stadium,,,,,,,,,55.9611472,-3.1648496,way,62171396
South Stand,Stadium,,,,,,,,,56.4741319,-2.973491,way,84500783
South Stand,Stadium,,,,,,,,,56.0752131,-3.4416615,way,122229505
South Stand,Stadium,,,,,,,,,51.4395342,-2.6200593,way,128620809
South Stand,Stadium,,,,,,,,,53.3652628,-2.7385371,way,179970875
South Stand,Stadium,,,,,,,,,55.9440687,-4.0378948,way,182440797
South Stand,Stadium,,,,,,,,,55.8853994,-3.5217352,way,188700337
South Stand,Stadium,,,,,,,,,55.8493517,-4.2061259,way,193158445
South Stand,Stadium,,,,,,,,,53.5472428,-2.6531233,way,193236754
South Stand,Stadium,,,,,,,,,53.4807153,-2.1926489,way,445486237
South Stand,Stadium,,,,,,,,,53.9837018,-1.0527034,way,680787814
South Stand,Stadium,,Westgate Street,Cardiff,CF10 1DF,"Westgate Street, Cardiff, CF10 1DF",,,,51.4792212,-3.1832575,way,794512507
South Stand,Stadium,,,,,,,,,51.4775355,-3.1820321,way,1287333675
South Stand,Stadium,,,,,,,,,52.4552793,-1.9027399,way,1448244509
South Street Arts Centre,Arts centre,21,South Street,Reading,RG1 4QU,"21 South Street, Reading, RG1 4QU",,https://www.readingarts.com/southstreet/,+44 118 9606060,51.4524113,-0.966254,way,61283804
South Street Park Amphitheatre,Theatre,,,,,,,,,53.3777361,-1.4604604,way,303964346
South Tyneside Academy of Musical Performance,Theatre,,Harton Lane,South Shields,NE34 0PJ,"Harton Lane, South Shields, NE34 0PJ",,https://www.st-amp.co.uk,,54.9736278,-1.4262623,way,636640448
South West Corner,Stadium,,,,,,,,,55.8497586,-4.2069664,way,193158446
Southbank Centre,Arts centre,,Belvedere Road,London,SE1 8XX,"Belvedere Road, London, SE1 8XX",,https://www.southbankcentre.co.uk,+44 20 3879 9555,51.5056301,-0.116478,relation,1698905
Southbank Club,Arts centre,1881,Dean Lane,Bristol,BS3 1DB,"1881 Dean Lane, Bristol, BS3 1DB",,https://www.southbankbristol.biz/,+44 117 939 9999,51.4438005,-2.5999472,way,145210577
Southbank Warehouse,Music venue,90,Effingham Road,Sheffield,S4 7YS,"90 Effingham Road, Sheffield, S4 7YS",,https://www.southbankwarehouse.co.uk,,53.3878934,-1.4503943,way,1435509783
Southend United FC,Stadium,,,,,,,,,51.5490454,0.7015049,relation,9104918
Southfields Park Canopy,Bandstand,,,,,,,,,52.768766,-1.203595,way,1298163906
Southgate Theatre,Theatre,,Southgate,Holmfirth,HD9 6NT,"Southgate, Holmfirth, HD9 6NT",,,,53.6028861,-1.7898526,way,684302688
Southlands Arts Centre,Arts centre,,,,,,,,,51.5014307,-0.4759338,node,8816283371
Southpaw Studio,Events venue,,,,,,,,,54.9119393,-1.387911,node,12941446703
Southsea Bandstand,Bandstand,,,,,,,,,50.7788444,-1.0903844,node,1666712504
Southside,Arts centre,,Colegrave Street,Lincoln,LN5 8LY,"Colegrave Street, Lincoln, LN5 8LY",,https://www.southsidelincs.com,,53.2141915,-0.5470435,way,200654163
Southwark Park Bandstand,Bandstand,,,,,,,,,51.4974413,-0.0574073,way,583418874
Southwark Playhouse Borough,Theatre,77-85,Newington Causeway,London,SE1 6BD,"77-85 Newington Causeway, London, SE1 6BD",,https://southwarkplayhouse.co.uk/,,51.497606,-0.0984055,node,368369090
Southwark Playhouse Elephant,Theatre,1,Dante Place,London,SE11 4RX,"1 Dante Place, London, SE11 4RX",,https://www.southwarkplayhouse.co.uk/,,51.4924252,-0.1027731,way,966019680
Southwold Arts Centre,Theatre,,Cumberland Road,Southwold,IP18 6JP,"Cumberland Road, Southwold, IP18 6JP",,https://southwoldartscentre.co.uk/,+44 1502 722572,52.3285345,1.6798841,way,1220968632
Southwood Stadium,Stadium,,Prices Avenue,Ramsgate,CT11 0AN,"Prices Avenue, Ramsgate, CT11 0AN",,,,51.3327142,1.3997115,way,885713660
Space,Nightclub,,Duncan Street,Leeds,LS1 6DL,"Duncan Street, Leeds, LS1 6DL",,,,53.7958182,-1.5419148,node,6445217595
Space Club,Nightclub,20-22,Sackville Street,Bradford,BD1 2AJ,"20-22 Sackville Street, Bradford, BD1 2AJ",,,,53.7944487,-1.7573772,way,1148006562
SPACE Theatre,Theatre,,,,,,,,,55.9352993,-3.1317667,node,330859363
Space8ight,Events venue,8,Catford Broadway,London,SE6 4SP,"8 Catford Broadway, London, SE6 4SP",,,,51.4450681,-0.0223323,way,771351179
Spacex,Arts centre,45,Preston Street,Exeter,EX1 1DF,"45 Preston Street, Exeter, EX1 1DF",,,,50.7200018,-3.5337076,node,2510861348
Spanners,Events venue,,Ridgway Road,London,SW9 7EX,"Ridgway Road, London, SW9 7EX",,https://www.spanners.club/,,51.4652517,-0.1040163,node,11748601896
Sphinx Hall,Events venue,95,Bloemfontein Road,London,,"95 Bloemfontein Road, London",,https://sphinx-hall.co.uk/,+44 7495 356573,51.5122534,-0.2345316,node,8579892512
Spicer Manor,Events venue,,Spicer House Lane,Sheffield,S36 7AG,"Spicer House Lane, Sheffield, S36 7AG",,https://www.spicermanor.co.uk,+44 7921 138696,53.5464337,-1.6925128,way,794168908
Spiders Nightclub,Nightclub,,,,,,,,,53.7516357,-0.32914,node,278979179
Spiers & Hartwell Jubilee Stadium,Stadium,,,,,,,,,52.0726095,-1.9549823,way,214812494
Spike Island,Arts centre,133,Cumberland Road,Bristol,BS1 6UX,"133 Cumberland Road, Bristol, BS1 6UX",,https://www.spikeisland.org.uk/,+44 117 929 2266,51.4470905,-2.6106138,way,130404546
Spike Sculpture,Arts centre,,,,,,,,,51.4471341,-2.611067,way,670082068
Spilsby Theatre,Theatre,,Church Street,Spilsby,PE23 5DY,"Church Street, Spilsby, PE23 5DY",,,,53.1741458,0.0925411,way,323042432
Spirit,Nightclub,33,Derry's Cross,Plymouth,PL1 2SW,"33 Derry's Cross, Plymouth, PL1 2SW",,https://www.spiritplymouth.co.uk/,,50.3694826,-4.1458687,node,514180678
Splat N Splodge,Arts centre,,,,,,,,,52.7339164,-2.7286421,node,11709308620
Sploj,Events venue,,Bank Lane,Machynlleth,,"Bank Lane, Machynlleth",,https://sploj.com/whats-on/,,52.5901842,-3.8515415,node,13256698166
Spotlight Theatre,Theatre,,High Street,Hoddesdon,EN11 8BE,"High Street, Hoddesdon, EN11 8BE",,https://www.thespotlightvenue.com/,,51.7555451,-0.0151142,way,123340380
Spring Bank Arts Centre,Arts centre,,Spring Bank,High Peak,SK22 4BH,"Spring Bank, High Peak, SK22 4BH",,https://www.springbankarts.org.uk/,,53.3700117,-2.0002943,way,387191676
Spring Meadow Social Club,Nightclub,1,Spring Meadow,,B64 6LB,"1 Spring Meadow, B64 6LB",,,,52.4742157,-2.0649331,node,556519658
Springfield Events Hall,Events venue,18,Grasmere Street,Nottingham,NG10 5BD,"18 Grasmere Street, Nottingham, NG10 5BD",,https://www.springfieldeventshall.co.uk/,,52.9230148,-1.2881037,way,60712594
Springfield Marquee,Events venue,,,,,,,http://www.springfieldmarquee.co.uk/,,51.8647038,1.1561593,way,224642065
Springfield Social Club,Nightclub,198,Dudley Road,,B65 8PX,"198 Dudley Road, B65 8PX",,,,52.4909225,-2.0562413,node,337678231
Springfields Events & Conference Centre,Events venue,,Camelgate,Spalding,PE12 6ET,"Camelgate, Spalding, PE12 6ET",,https://www.springfieldsevents.co.uk/,+44 1775 713253,52.8005412,-0.126925,way,697437282
Spur Battery Amphitheatre,Theatre,,,,,,,,,51.3858294,0.5302861,node,12188132579
Square Chapel Centre For The Arts,Arts centre,10,Square Road,Halifax,HX1 1QG,"10 Square Road, Halifax, HX1 1QG",,https://squarechapel.co.uk/,,53.72162,-1.8559553,way,118508272
Squares,Nightclub,,Porth Street,Porth,CF39 9RT,"Porth Street, Porth, CF39 9RT",,,,51.6122195,-3.4091636,node,1205496414
Squid Game Experience,Events venue,,,,,,,,,51.5070469,0.0304004,node,13196439617
Squire Performing Arts Centre,Theatre,,,Nottingham,NG1 4JB,"Nottingham, NG1 4JB",,,,52.962956,-1.1553322,way,593420715
St Albans City Football Club,Stadium,,,St Albans,AL1 4NF,"St Albans, AL1 4NF",,,,51.7542524,-0.3252095,way,141570835
St Aldate's Parish Centre,Events venue,40,Pembroke Street,Oxford,OX1 1BP,"40 Pembroke Street, Oxford, OX1 1BP",,https://staldates.com/,,51.7508633,-1.2581901,way,378007963
St Andrew's Arts Centre,Arts centre,,,,,,,,,51.4446971,0.3716691,way,88213785
St Andrew's in the Square,Arts centre,,,,,,,https://www.standrewsinthesquare.com/,,55.8549144,-4.242996,way,78405233
St Andrews Bandstand,Bandstand,,,,,,,,,56.3435767,-2.8011268,way,313162146
St Angela's Arts Centre,Arts centre,,,,,,,,,51.4164653,-0.2221068,way,465499577
St Annes Urban Arts Studio,Arts centre,,,Lytham St Annes,FY8 1RD,"Lytham St Annes, FY8 1RD",,,,53.7512032,-3.0302632,node,4732304682
St Austin's Theatre,Theatre,,Wentworth Terrace,Wakefield,WF1 3QN,"Wentworth Terrace, Wakefield, WF1 3QN",,,,53.6870416,-1.5017231,way,256088264
St Cecilia's Hall,Theatre,,,,,,,https://www.stcecilias.ed.ac.uk/,,55.9489892,-3.1863974,way,42261848
St Columb‘s Hall,Theatre,,Orchard Street,,BT48 6EG,"Orchard Street, BT48 6EG",,https://www.saintcolumbshall.com/,+44 28 7126 2880,54.9955273,-7.3190249,node,12256267101
St Donat's Arts Centre,Theatre,,East Drive,,CF61 1WF,"East Drive, CF61 1WF",,,,51.4017534,-3.5323318,node,2955735439
St George's Hall,Theatre,,,Bradford,BD1 1JT,"Bradford, BD1 1JT",,https://www.bradford-theatres.co.uk/venues/st-georges-hall,,53.7925225,-1.7509775,way,102602285
St Georges Centre,Arts centre,,,,,,,,,50.546988,-2.4407374,way,408290700
St Gregory's Center,Music venue,,,,,,,,,51.2817682,1.0888558,way,151703399
St Helen's Ground,Stadium,,Bryn Road,,SA2 0AR,"Bryn Road, SA2 0AR",,,,51.6125749,-3.9660938,way,1493808516
St Helens Theatre Royal,Theatre,,Corporation Street,St Helens,WA10 1LQ,"Corporation Street, St Helens, WA10 1LQ",,https://www.sthelenstheatreroyal.com/,+44 1744 756000,53.4539463,-2.7334772,way,204875330
St Herbert's Parish Centre,Events venue,148,Broadway,Oldham,OL9 0JY,"148 Broadway, Oldham, OL9 0JY",,,,53.5468117,-2.1462459,node,11366342200
St James' Park,Stadium,,,,,,,,,50.7307158,-3.5210514,way,967684376
St James's Market Pavilion,Arts centre,,,,,,,,,51.5089278,-0.1330091,node,4889364632
St John Hollow,Events venue,,,,,,,https://www.lydiardpark.org.uk/visit/park-facilities/st-john/,,51.5592305,-1.8527169,way,1242253286
St John's Place,Events venue,,Lower Road,Salisbury,SP2 9NP,"Lower Road, Salisbury, SP2 9NP",,https://www.stjohnsplace.uk,,51.0746118,-1.8291218,way,809085589
St Leonards Church Event Venue,Events venue,,,,,,,https://loveamarket.co.uk/page/about-us,,50.8548541,0.5590697,node,13018660397
St Luke's Hall,Events venue,,,London,NW6 5BT,"London, NW6 5BT",,,,51.5333935,-0.199717,way,813515543
St Martin's,Theatre,,West Street,London,,"West Street, London",,http://www.stmartins-theatre.co.uk,,51.5128896,-0.1275921,way,40412564
St Martins House,Conference centre,7,Peacock Lane,,LE1 5PZ,"7 Peacock Lane, LE1 5PZ",,,,52.6344119,-1.1380107,way,151823255
St Mary's Church Hall,Events venue,,,,,,,,,50.9158768,0.4881041,way,843004258
St Mary's Handbridge Centre,Events venue,,,Chester,CH4 7HL,"Chester, CH4 7HL",,https://stmaryschester.co.uk/st-marys-handbridge-centre/,,53.1832574,-2.8893177,way,909331350
St Michael's Centre,Events venue,,The Green,Stoke Gifford,BS34 8PD,"The Green, Stoke Gifford, BS34 8PD",,https://www.stmichaelsbristol.org,+44 117 969 2486,51.5155857,-2.5438262,way,438605510
St Mirren Park,Stadium,,Greenhill Road,Paisley,,"Greenhill Road, Paisley",,,,55.8505183,-4.4442049,way,521570813
St Paul's Players,Theatre,51,Clifton Gardens,Goole,DN14 6AR,"51 Clifton Gardens, Goole, DN14 6AR",,https://www.stpaulsplayersgoole.uk/,,53.7088913,-0.8804944,node,7658394810
St Pauls Gallery,Arts centre,94,Northwood Street,Birmingham,B3 1TH,"94 Northwood Street, Birmingham, B3 1TH",,,,52.4855063,-1.9082524,way,73079700
St Peter's,Arts centre,,College Street,Ipswich,IP4 1BF,"College Street, Ipswich, IP4 1BF",,https://www.stpetersbythewaterfront.com/,+441473225269,52.0531657,1.1541599,way,208144886
St Peter's Art Centre,Arts centre,,Fylde Road,Preston,PR1 7BY,"Fylde Road, Preston, PR1 7BY",,,,53.7636126,-2.7080698,way,73839604
St Peter's Cultural Venue,Arts centre,,Market Hill,Sudbury,CO10 2EA,"Market Hill, Sudbury, CO10 2EA",,https://www.stpetersudbury.co.uk/,,52.0386372,0.7314678,way,170919807
St Peters Hall,Events venue,,Bedford Street,Cardiff,CF24 3DA,"Bedford Street, Cardiff, CF24 3DA",,,,51.4870196,-3.1686064,way,681483172
St Stephen's Church,Arts centre,,Pond Street,London,NW3 2PP,"Pond Street, London, NW3 2PP",,,,51.553206,-0.1684122,way,29370144
St Stephens Church Hall,Events venue,,Park Road,Clydebank,G81 3LD,"Park Road, Clydebank, G81 3LD",,,,55.9113567,-4.4216488,way,696230929
St Swithun's Parish Centre,Events venue,,,,,,,https://stswithunsyateley.org.uk/parish-centre-information,+44 1252 872732,51.3392551,-0.8325584,node,9695240668
St Thomas Centre,Conference centre,,Niven Street,Manchester,M12 6PQ,"Niven Street, Manchester, M12 6PQ",,https://stthomascentre.org.uk/,,53.47246,-2.2248676,node,11663716534
St. Andrew's,Stadium,,Cattell Road,Birmingham,B9 4NH,"Cattell Road, Birmingham, B9 4NH",,,,52.4756017,-1.8680419,way,124424185
St. Augustine's Hall,Events venue,,St Augustines Close,Bexhill-on-Sea,TN39 3AZ,"St Augustines Close, Bexhill-on-Sea, TN39 3AZ",,https://www.staugustinesbexhill.org.uk/the-church-hall/,+44 1424 210058,50.8371105,0.4553476,way,399347354
St. Helens RLFC,Stadium,,,,,,,,,53.4474846,-2.7260873,relation,9097085
St. James' Park,Stadium,,Barrack Road,Newcastle upon Tyne,NE1 4ST,"Barrack Road, Newcastle upon Tyne, NE1 4ST",52387,https://www.nufc.co.uk/,+44 844 372 1892,54.9756047,-1.6219222,way,23381655
St. Mark's Church Hall,Events venue,,Green Lane,Bexhill-on-Sea,TN39 4BZ,"Green Lane, Bexhill-on-Sea, TN39 4BZ",,http://www.stmarkslittlecommon.co.uk/HallComplex.html,+44 1424 842907,50.8458756,0.4364939,way,483738776
St. Martha's Church Hall,Events venue,,Cooden Sea Road,Bexhill-on-Sea,TN39 4SL,"Cooden Sea Road, Bexhill-on-Sea, TN39 4SL",,https://stmmbexhill.co.uk/hall-hire-2/,+44 1424 210263,50.8432339,0.4345865,way,400904393
St. Mary's Mill Artists' Studios,Arts centre,,,,,,,,,55.5563708,-2.8390736,node,9293154894
St. Mary's Stadium,Stadium,,Britannia Road,Southampton,SO14 5FP,"Britannia Road, Southampton, SO14 5FP",32689,,,50.905792,-1.3908797,relation,976258
St. Michael's Church Hall (large),Events venue,,Glassenbury Drive,Bexhill-on-Sea,TN40 2NY,"Glassenbury Drive, Bexhill-on-Sea, TN40 2NY",,https://www.stmichaelsbexhill.org/#CommunityHalls,+44 1424 730082,50.847139,0.4966639,way,410911999
St. Michael's Church Hall (small),Events venue,,Glassenbury Drive,,,Glassenbury Drive,,https://www.stmichaelsbexhill.org/#CommunityHalls,+44 1424 730082,50.8473811,0.4963902,way,410911995
St. Michael's Hall,Events venue,78,Ribble Drive,,M45 8AE,"78 Ribble Drive, M45 8AE",,,,53.551101,-2.279595,way,981219644
St. Stephen's Hall,Events venue,,Down Road,Bexhill-on-Sea,TN39 4DL,"Down Road, Bexhill-on-Sea, TN39 4DL",,https://www.ststephensbexhill.co.uk/hall-hire,+44 1424 584543,50.8498783,0.4622002,way,448055434
Stade Hall,Events venue,,The Stade,Hastings,,"The Stade, Hastings",,https://stadehall.com/,,50.8556521,0.5915454,way,83151750
Stadium Bowl,Stadium,,,,,,,,,52.4481469,-1.495469,way,619257076
Stadium Building,Stadium,,Donkey Lane,Enfield,EN1 3PL,"Donkey Lane, Enfield, EN1 3PL",,,,51.6586902,-0.0639263,way,93399353
Stadium Fitness,Stadium,,,,,,,,,53.3653001,-2.7395241,way,179970850
Stadium MK,Stadium,,Stadium Way West,Bletchley,MK1 1ST,"Stadium Way West, Bletchley, MK1 1ST",,,,52.0096317,-0.7335493,way,404410358
Stadium of Light,Stadium,,,,,,,,,54.9144333,-1.3882676,way,33003560
Stag Meadow,Stadium,,St Leonard's Road,Windsor,,"St Leonard's Road, Windsor",,https://wefc.co.uk/,,51.4695168,-0.6229524,way,223255449
Stage by Stage,Arts centre,,South Street,Exeter,EX1 1ED,"South Street, Exeter, EX1 1ED",,,,50.7207518,-3.5298995,node,4375767089
Stage by the Sea,Theatre,,,,,,,https://www.littlehampton-tc.gov.uk/stagebythesea,,50.80264,-0.5380771,relation,11700612
Stage Door Theatre,Theatre,,,,,,,,,52.8562083,-2.7210962,way,376588413
Stage Left,Events venue,,,,,,,https://www.palacetheatrepaignton.co.uk/,,50.4349962,-3.5709443,way,169966002
Stage Plus,Arts centre,,,,,,,https://www.stageplus.co.uk/,,51.7241547,-0.8310382,node,5532122073
Stage@Leeds,Theatre,,,,,,,,,53.806353,-1.5556055,node,1561895857
Stage@The Dock,Theatre,,,,,,,https://www.stageatthedock.co.uk/,,53.7392813,-0.3321396,way,398673991
Stagefright,Events venue,21,Battle Hill,Hexham,,"21 Battle Hill, Hexham",,https://stagefrightcic.org.uk/,,54.9698917,-2.1028228,node,13389064333
Stainton Manor Wedding Venue,Events venue,,Station Road,Lincoln,LN3 5BL,"Station Road, Lincoln, LN3 5BL",,https://www.lincolnfarmweddings.co.uk/index.php,,53.2886496,-0.4059577,node,13319114851
Stair Park,Stadium,,,Stranraer,,Stranraer,,,,54.9020871,-5.0124651,way,551980188
Stamford Arts Centre,Theatre,,,,,,,,,52.6516527,-0.4771264,node,1914191222
Stamford Brass,Arts centre,,,,,,,,,52.6566529,-0.4557349,way,1021414500
Stamford Bridge,Stadium,,,London,,London,41837,,,51.4816957,-0.1910294,way,5986169
Stamford Welland School of Dance,Arts centre,,,,,,,,,52.6534376,-0.4776223,node,10048267172
Stand '66,Stadium,,,,,,,,,51.6032005,-0.2919396,way,722960508
Stand Assembly,Arts centre,1,Thoresby Street,Nottingham,NG1 1AJ,"1 Thoresby Street, Nottingham, NG1 1AJ",,https://onethoresbystreet.org/,,52.9511862,-1.1355541,way,195444496
Stanford Farm,Events venue,,,,,,,https://www.stanfordfarm.co.uk/,,52.710036,-2.9803577,way,870758080
Stangmore Park,Stadium,,,,,,,,,54.4893831,-6.7461824,way,1230104580
Stanlake Winery wedding venue,Events venue,,,,,,,https://stanlakepark.com,,51.4697907,-0.8480828,way,1337683927
Stanley & Audrey Burton Theatre,Theatre,,,,,,,,,53.7970141,-1.5322483,way,183696582
Stanley Barnes Stand,Stadium,,,,,,,,,52.4562216,-1.901406,way,1448244511
Stanley Hall,Theatre,,,,,,,,,51.9635795,0.6723674,way,117188860
Stanley Park Athletics Track,Stadium,,,,,,,,,53.8130114,-3.0267627,way,250006319
Stantonbury Theatre,Theatre,,,,,,,http://www.stantonburytheatre.co.uk/,+44 1908 324466,52.0605904,-0.772743,way,248224711
Stanwick Hall,Events venue,,,,,,,https://www.stanwickhall.co.uk/,,52.3302312,-0.5701766,way,713119378
Stapenhill FC,Stadium,,Maple Grove,Burton-on-Trent,DE15 9NN,"Maple Grove, Burton-on-Trent, DE15 9NN",,,,52.7802723,-1.6251236,way,40023607
Stapleford Granary,Arts centre,,Bury Road,Stapleford,CB22 5BP,"Bury Road, Stapleford, CB22 5BP",,http://staplefordgranary.org.uk/,,52.1425592,0.1551772,way,509489376
Stark's Park,Stadium,,Pratt Street,Kirkcaldy,,"Pratt Street, Kirkcaldy",,,,56.0997926,-3.1681726,way,109654683
Station House Conference Centre,Conference centre,,,,,,,,,53.0019578,-0.4094737,way,165488657
Station Inn,Nightclub,,Station Road,Birmingham,B33 8BB,"Station Road, Birmingham, B33 8BB",,,,52.483233,-1.8102433,way,88515822
Station Park,Stadium,,Carseview Road,Forfar,DD8 3BT,"Carseview Road, Forfar, DD8 3BT",,,,56.6522423,-2.8848887,way,665716777
Station Theatre,Theatre,,Station Road,Hayling Island,PO11 0EH,"Station Road, Hayling Island, PO11 0EH",,https://www.stationtheatre.co.uk/,+44 23 9246 6363,50.7931323,-0.9946821,way,1315395353
Status Party Rooms,Nightclub,,,,,,,,,53.560568,-0.0294705,way,110976156
Staveley Roundhouse Theatre,Theatre,,Main Street,Staveley,LA8 9LU,"Main Street, Staveley, LA8 9LU",,https://www.staveleyroundhouse.com/,,54.3767418,-2.8166962,way,109624968
Stealth,Nightclub,,Masonic Place,Nottingham,NG1 5JT,"Masonic Place, Nottingham, NG1 5JT",,,,52.9562753,-1.1534024,way,210366077
Stebonheath Park,Stadium,,Evans' Terrace,Llanelli,SA15 1EY,"Evans' Terrace, Llanelli, SA15 1EY",3700,,,51.6837822,-4.1477785,way,1424250965
Steel City Stadium,Stadium,,,,,,,,,53.3960341,-1.4253574,way,599315985
Steph's,Nightclub,,Newmarket Street,Consett,,"Newmarket Street, Consett",,,,54.8541658,-1.8348747,node,4074820697
Stephen Joseph Theatre,Theatre,,Westborough,Scarborough,YO11 1JW,"Westborough, Scarborough, YO11 1JW",,https://www.sjt.uk.com/,,54.2805329,-0.4059494,way,169868201
Stephen Memorial Hall,Events venue,,,,KY12 8HL,KY12 8HL,,,,56.0554466,-3.6278242,way,932831123
Stereo,Nightclub,1,Albert Road,Middlesbrough,TS1 1PQ,"1 Albert Road, Middlesbrough, TS1 1PQ",,,,54.5785066,-1.2345502,node,10554402073
Sterts Theatre,Theatre,,,,,,,https://www.sterts.co.uk/,,50.5258963,-4.4269967,node,5345761642
Stevenage Community Arts Centre,Arts centre,,,Stevenage,SG1 1XN,"Stevenage, SG1 1XN",,http://www.stevenageartsguild.org.uk/,,51.892523,-0.1998535,way,137695895
Stevenage Football Club,Stadium,,Broadhall Way,Stevenage,SG2 8RH,"Broadhall Way, Stevenage, SG2 8RH","7,318",,,51.8897118,-0.1934762,way,51578931
Stirchley United,Nightclub,,Hazelwell Lane,Birmingham,B30 2PR,"Hazelwell Lane, Birmingham, B30 2PR",,,,52.4293746,-1.9199315,way,115953870
Stiwt,Theatre,,Broad Street,,,Broad Street,,,,53.0114482,-3.0558957,way,259142264
Stockport Garrick Theatre,Theatre,,Exchange Street,Stockport,SK3 0EJ,"Exchange Street, Stockport, SK3 0EJ",,,,53.4081232,-2.1615521,node,3241741590
Stockton Globe,Theatre,153A,High Street,Stockton-on-Tees,TS18 1PL,"153A High Street, Stockton-on-Tees, TS18 1PL",,https://www.stocktonglobe.co.uk/,,54.5670995,-1.313546,way,1189221599
Stockwith Mill,Events venue,,,,,,,,,53.2136999,0.0320136,way,1341058032
Stone Chair Variety Club,Nightclub,,,,,,,,,53.7460612,-1.8210267,node,443730337
Stone Nest,Theatre,136,Shaftesbury Avenue,London,,"136 Shaftesbury Avenue, London",,,,51.5129525,-0.1293242,node,11230560303
StoneX Stadium,Stadium,,,,,,10500,,,51.6034092,-0.2242307,way,508908971
STORE STORE Hackney,Events venue,154,Stoke Newington Church Street,London,N16 0JU,"154 Stoke Newington Church Street, London, N16 0JU",,https://storeprojects.org,,51.5618518,-0.0812939,node,13737632501
Storyhouse,Theatre,,Empire Square,Chester,CH1 2AR,"Empire Square, Chester, CH1 2AR",,,,53.1926652,-2.8934844,way,166805720
Stramash,Nightclub,209,Cowgate,Edinburgh,EH1 1JQ,"209 Cowgate, Edinburgh, EH1 1JQ",,https://www.stramashedinburgh.com/,+441316234353,55.9485629,-3.1877983,node,3829574791
Strange Brew,Nightclub,,Fairfax Street,Bristol,BS1 3DB,"Fairfax Street, Bristol, BS1 3DB",,https://www.strangebrewbristol.com/,,51.4563003,-2.5923474,way,479616156
Strategy & Evolution,Events venue,,,,,,,https://s-e.org.uk/,,51.7366766,-2.0278514,node,4818613081
Stratford East,Theatre,,Gerry Raffles Square,London,E15 1BN,"Gerry Raffles Square, London, E15 1BN",,https://www.stratfordeast.com/,+44 20 8534 0310,51.5425604,0.0009099,way,117361135
Stratford Playhouse,Arts centre,14,Rother Street,Stratford-upon-Avon,CV37 6LU,"14 Rother Street, Stratford-upon-Avon, CV37 6LU",,https://www.stratfordplay.co.uk/,,52.1925897,-1.7108052,way,158005186
Strathaven Town Mill,Events venue,,Stonehouse Road,Strathaven,ML10 6FF,"Stonehouse Road, Strathaven, ML10 6FF",,,,55.676445,-4.0624364,way,1132619830
Strathpeffer Pavillion,Events venue,,,,,,,http://www.strathpefferpavilion.org/,,57.5873973,-4.5374989,way,128227489
Stratton Bank,Stadium,,,,,,2200,,,51.5646823,-1.7701609,way,95603482
Strawberry Field Bandstand,Bandstand,,,,,,,,,53.3801101,-2.8840769,way,1316737550
Streatham Hill Theatre,Theatre,110,Streatham Hill,London,SW2 4RD,"110 Streatham Hill, London, SW2 4RD",,https://streathamhilltheatre.org/,,51.4405171,-0.12605,node,10046185259
Streatham Space Project,Theatre,,,,,,,,,51.4387768,-0.1277422,node,6733385284
Strelley Hall,Conference centre,,Main Street,Nottingham,NG8 6PE,"Main Street, Nottingham, NG8 6PE",,https://www.strelley.com/strelley-hall-home.html,,52.9741827,-1.2465491,way,256352911
Stretton Manor Barn,Events venue,,,,,,,,,53.1508898,-1.4072107,node,13283111701
Strobe,Nightclub,,,,,,,,,50.3701141,-4.1473597,way,927363067
Strode Theatre,Theatre,,,,,,,,,51.130589,-2.7329249,node,4103406085
Stromness Studios aka Wasps,Arts centre,2,Hellihole Road,Stromness,KW16 3DE,"2 Hellihole Road, Stromness, KW16 3DE",,,,58.9594733,-3.3010879,way,337443508
Strule Arts Centre,Arts centre,,Townhall Square,Omagh,BT78 1BL,"Townhall Square, Omagh, BT78 1BL",,https://struleartscentre.co.uk/,,54.6007689,-7.3033099,way,735019407
Stuart House,Arts centre,,,,,,,,,50.4541435,-4.4649949,way,140692398
Studio,Nightclub,2,Castle Street,Nantwich,CW5 5BA,"2 Castle Street, Nantwich, CW5 5BA",,https://studionantwich.co.uk/,+44 1270 623663,53.0667658,-2.5231139,node,9654467155
Studio 1 Nightclub,Nightclub,,,,,,,,,54.2818485,-0.400512,node,3160907824
Studio 24,Events venue,64-74,Mabgate,Leeds,LS9 7DZ,"64-74 Mabgate, Leeds, LS9 7DZ",,,,53.801766,-1.5308735,node,6769233571
Studio 27,Nightclub,,Railway Approach,Worthing,BN11 1UR,"Railway Approach, Worthing, BN11 1UR",,,,50.8180318,-0.3752748,way,987108700
Studio 338,Nightclub,338,Boord Street,London,SE10 0PF,"338 Boord Street, London, SE10 0PF",,,,51.4954939,0.0048002,way,436262038
Studio 36,Theatre,,,,,,,,,51.206995,-3.4570599,node,9177759835
Studio 36,Theatre,,Butlins Upper Bognor Road,Bognor Regis,PO21 1JJ,"Butlins Upper Bognor Road, Bognor Regis, PO21 1JJ",,,,50.7844115,-0.6639782,node,11042954796
Studio 54,Arts centre,,High Street,Blackwood,NP12 1BB,"High Street, Blackwood, NP12 1BB",,,,51.6702571,-3.1956982,node,11459827430
Studio 9,Arts centre,,,,,,,,,53.4462037,-2.0719794,way,1089413103
Studio 9294,Nightclub,92,Wallis Road,London,E9 5LN,"92 Wallis Road, London, E9 5LN",,http://studio9294.co.uk/;https://www.residentadvisor.net/club.aspx?id=152006,+44 20 8986 0090,51.5442333,-0.0227773,node,4685886038
Studio Se7en,Events venue,GreenRoomStudios,Avenue 3,Witney,OX28 4BQ,"GreenRoomStudios Avenue 3, Witney, OX28 4BQ",,https://studiose7en.uk,,51.7777649,-1.4814162,node,6253681503
Studio Theatre,Theatre,,,,,,,,,51.0769872,-1.8001432,way,351078124
Studio Theatre,Theatre,,,,,,,,,52.4795544,-1.9086653,node,2470745931
Studio Yukari,Arts centre,129,Mile End Road,London,E1 4BG,"129 Mile End Road, London, E1 4BG",,https://studioyukari.com,,51.5214592,-0.049274,node,11035441189
Studio24,Music venue,,,,,,,,,51.2064283,-2.6502998,way,527939397
Styal Lodge,Events venue,,,,,,,,,53.3555873,-2.2388863,way,143855803
Styx,Nightclub,,,,,,,,,56.1907623,-3.1928452,node,12196768288
Sub Club,Nightclub,22,Jamaica Street,Glasgow,G1 4QD,"22 Jamaica Street, Glasgow, G1 4QD",,https://subclub.co.uk/,,55.8579086,-4.2572382,node,3834521842
Sub89,Theatre,110-117,Friar Street,Reading,RG1 1EP,"110-117 Friar Street, Reading, RG1 1EP",,https://www.sub89.com/,,51.4565472,-0.9743382,node,4775831121
Subterania,Events venue,12,Acklam Road,,,12 Acklam Road,,https://subterania.net/,,51.5196889,-0.2059557,node,7250990647
Suburbia,Nightclub,,,Southampton,SO14 0JD,"Southampton, SO14 0JD",,,,50.9135053,-1.3992662,way,189877365
Subway Cowgate,Nightclub,69,Cowgate,Edinburgh,EH1 1JW,"69 Cowgate, Edinburgh, EH1 1JW",,,+44 131 225 7377,55.9481654,-3.1916764,node,3201174955
Sue Townsend Centre,Arts centre,,,,,,,,,52.6313351,-1.1350635,way,190849501
Sugar Hut,Nightclub,,,,,,,,,51.6201374,0.3003113,way,1396481727
Sugarcubes,Nightclub,1,West Parade,Lincoln,LN1 1NL,"1 West Parade, Lincoln, LN1 1NL",,,,53.2306581,-0.5412404,way,723249705
Sugarmill,Nightclub,36,Brunswick Street,,ST1 1DR,"36 Brunswick Street, ST1 1DR",,,,53.0250504,-2.1783229,node,5659414201
Suki10c,Nightclub,21,Bordeseley Street,Birmingham,B5 5PJ,"21 Bordeseley Street, Birmingham, B5 5PJ",,https://www.facebook.com/Suki10c/,,52.4782587,-1.8884437,relation,4295008
Summerhall,Nightclub,,,,,,,,,55.9398367,-3.1821922,node,2061581555
Sun Pier House,Arts centre,,,,,,,,,51.3843491,0.5205773,node,4567067319
Sunderland Empire Theatre,Theatre,,High Street West,Sunderland,SR1 3EX,"High Street West, Sunderland, SR1 3EX",,,,54.9065553,-1.3893826,relation,10126106
Sundial Theatre,Theatre,,,,,,,,,51.7125104,-1.9868231,way,773820878
Superstar Boudoir,Nightclub,24,Stanley Street,Liverpool,L1 6AF,"24 Stanley Street, Liverpool, L1 6AF",,,+44 151 227 4590,53.4072801,-2.9873423,node,308766618
Supper Club,Events venue,,High Street,Dumfries,DG1 2BS,"High Street, Dumfries, DG1 2BS",,,,55.0678349,-3.6098456,node,13450562005
Supreme Conference Suite,Events venue,10,Roebuck Lane,,,10 Roebuck Lane,,https://www.supremevenue.com/,,52.5110229,-1.9800299,way,1374853502
Surya,Nightclub,158,Pentonville Road,London,,"158 Pentonville Road, London",,,,51.5314074,-0.1155457,node,425175062
Sustainable Studio,Arts centre,59-61,Tudor Street,Cardiff,CF11 6AD,"59-61 Tudor Street, Cardiff, CF11 6AD",,https://www.thesustainable.studio,,51.4764069,-3.1861454,node,1035258846
Sutton & Epsom RFC Stands,Stadium,,,,,,,,,51.3472392,-0.2216685,way,1500205601
Sutton Bonington Hall,Events venue,,Main Street,,LE12 5PF,"Main Street, LE12 5PF",,https://www.suttonboningtonhall.com/,,52.8229108,-1.2524051,way,104381361
SVA,Arts centre,,,,,,,,,51.7444474,-2.2167315,node,2757494867
Swallow Theatre,Theatre,,Moss Park,"Ravenstone, Whithorn, Newton Stewart",DG8 8DR,"Moss Park, Ravenstone, Whithorn, Newton Stewart, DG8 8DR",,https://www.swallowtheatre.co.uk/,,54.7613758,-4.4624208,way,463105908
Swan Theatre,Theatre,,The Moors,Worcester,WR1 3ED,"The Moors, Worcester, WR1 3ED",,,,52.1969407,-2.2284804,way,91752443
Swan Theatre,Theatre,,Waterside,Stratford-upon-Avon,CV37 6BB,"Waterside, Stratford-upon-Avon, CV37 6BB",,https://www.rsc.org.uk/your-visit/swan-theatre,,52.190269,-1.7041366,node,1683587406
Swan Theatre Studio,Theatre,,,,,,,,,52.1971548,-2.2285466,way,91752402
Swancar Farm Country House,Events venue,,Nottingham Road,Nottingham,NG9 3PQ,"Nottingham Road, Nottingham, NG9 3PQ",,https://www.swancarfarmcountryhouse.com/,,52.949566,-1.2651727,node,1165995551
Swansea Arena,Stadium,,,,,,,,,51.6160857,-3.9424119,way,1077476775
Swansea Grand Theatre,Theatre,,Singleton Street,Swansea,SA1 3QJ,"Singleton Street, Swansea, SA1 3QJ",,https://www.swansea.gov.uk/swanseagrandtheatre,+44 1792 475715,51.6181411,-3.9480235,way,517058714
Swansea Little Theatre,Theatre,,,,,,,,,51.6169121,-3.9374327,way,601774978
Swansea.com Stadium,Stadium,,,Swansea,SA1 2FA,"Swansea, SA1 2FA",20750,https://www.liberty-stadium.com/,,51.6427161,-3.9347033,way,23211181
SWG3,Events venue,,,,,,,https://swg3.tv/,+44 141 337 1731,55.8647988,-4.2995905,way,397795593
Swilly Stadium,Stadium,,,,,,,,,55.0269651,-7.3407286,way,437613177
Swindon Arts Centre,Arts centre,,,,SN1 4BJ,SN1 4BJ,,,,51.5516031,-1.7769569,node,1580433499
Switch,Nightclub,2,Sherwell Arcade,Plymouth,PL4 8LH,"2 Sherwell Arcade, Plymouth, PL4 8LH",,,,50.3752019,-4.1367579,way,918617865
Switch,Nightclub,Unit 1,Market Street,Preston,PR1 2ES,"Unit 1 Market Street, Preston, PR1 2ES",,,,53.7605523,-2.7005821,node,7238644713
Switch Studios,Arts centre,17a,Huntingdon Street,Nottingham,NG1 3JH,"17a Huntingdon Street, Nottingham, NG1 3JH",,,,52.9626359,-1.1506245,way,174630191
Swynford Manor,Events venue,,,,,,,https://swynfordmanor.com/,,52.1922631,0.3101986,way,127978831
Sydenham School Ampitheater,Theatre,,,,,,,,,51.4339448,-0.0601617,way,922869043
Symphony Hall,Theatre,,Centenary Square,Birmingham,B1 2EA,"Centenary Square, Birmingham, B1 2EA",,,,52.4785495,-1.9103024,way,22820906
Symposium Hall,Theatre,,,,,,,,,55.9467078,-3.1838382,way,301380003
Syracusae,Arts centre,,,,,,,,,51.5389667,-0.106569,node,357595334
Sópers House,Events venue,,Sopers Road,Potters Bar,EN6 4RY,"Sopers Road, Potters Bar, EN6 4RY",,https://sopershouse.co.uk/,+44 1707 954700,51.7067291,-0.109063,way,1265689027
Tabu,Nightclub,40-42,Boulevard,Weston-super-Mare,BS23 1NF,"40-42 Boulevard, Weston-super-Mare, BS23 1NF",,,,51.3500444,-2.9744772,way,752854450
Tabu Lounge,Nightclub,179,London Road,,,179 London Road,,,,51.3822567,-0.1069231,node,2528652088
Tacchi-Morris Arts Centre,Theatre,,School Road,Taunton,TA2 8PD,"School Road, Taunton, TA2 8PD",,https://www.tacchi-morris.com/,+441823 414141,51.0355787,-3.0617766,way,120911784
TACO!,Arts centre,2,Cygnet Square,London,SE2 9FA,"2 Cygnet Square, London, SE2 9FA",,https://taco.org.uk/,,51.4974094,0.1226226,node,13058748905
Taigh Dhonnchaidh,Arts centre,44,,Tàbost,,"44, Tàbost",,,,58.4840144,-6.2579107,way,689121858
Tait Hall,Theatre,,Edenside Road,,TD5 7BS,"Edenside Road, TD5 7BS",,https://www.scotborders.gov.uk/outabout/hallsandvenues/kelso/index.html,,55.6004558,-2.4303457,way,71331439
Talbot Athletic Ground,Stadium,,Manor Street,Port Talbot,SA13 1AB,"Manor Street, Port Talbot, SA13 1AB",,,,51.59389,-3.7762459,way,34126396
Talisman Theatre,Theatre,,Barrow Road,Kenilworth,CV8 1EG,"Barrow Road, Kenilworth, CV8 1EG",,https://talismantheatre.co.uk/,,52.3406631,-1.5822325,way,209191297
Talk,Nightclub,,Lucy Road,Southend-on-Sea,SS1 2AU,"Lucy Road, Southend-on-Sea, SS1 2AU",,,,51.5334011,0.7185759,node,12855384623
Talla Dhonaidh Chaimbeul,Theatre,,,,,,,,,57.0870637,-5.8716805,node,11376142264
Tameside Hippodrome,Theatre,,,,,,,,,53.4878021,-2.097329,way,206286765
Tameside Stadium,Stadium,,,,,,,,,53.4941895,-2.1160938,relation,1831145
Tamworth Assembly Rooms,Theatre,,Corporation Street,Tamworth,B79 7DN,"Corporation Street, Tamworth, B79 7DN",,https://www.tamworthassemblyrooms.co.uk/,+44 1827 709618,52.634369,-1.6955682,way,93975839
Tamworth FC,Stadium,,,Kettlebrook,B77 1AA,"Kettlebrook, B77 1AA",,http://www.thelambs.co.uk/,,52.6286372,-1.6886428,way,153653957
Tamworth Sports Stadium,Stadium,,Marlborough Way,Tamworth,B77 2HA,"Marlborough Way, Tamworth, B77 2HA",,,,52.6191048,-1.6663203,way,313666968
Tanat Theatre Club,Theatre,,,Llanrhaeadr-ym-Mochnant,,Llanrhaeadr-ym-Mochnant,,,,52.8236091,-3.2996323,way,820464863
Tank,Nightclub,53-55,Arundel Gate,Sheffield,S1 2PN,"53-55 Arundel Gate, Sheffield, S1 2PN",,,,53.3805022,-1.4656449,node,10033328990
Tannadice Park,Stadium,,Tannadice Street,Dundee,DD3 7JW,"Tannadice Street, Dundee, DD3 7JW",,,,56.4746027,-2.9691107,way,193218104
Tannery Arts,Arts centre,,,,,,,,,51.4950638,-0.0779827,way,1053284595
Tanya Moiseiwitsch Playhouse,Theatre,55,Norfolk Street,Sheffield,S1 1DA,"55 Norfolk Street, Sheffield, S1 1DA",,,,53.3810928,-1.4671305,node,10957569592
Tap 'n' Tin,Nightclub,24,Railway Street,Chatham,ME4 4JT,"24 Railway Street, Chatham, ME4 4JT",,,,51.3818496,0.5222843,node,29506678
Tape,Nightclub,17,Hanover Square,London,,"17 Hanover Square, London",,https://tapelondon.com/,,51.5142957,-0.1446751,node,5618206360
Tapton Hall,Events venue,,Shore Lane,Sheffield,S10 3BU,"Shore Lane, Sheffield, S10 3BU",,,,53.3758141,-1.515482,way,73276857
Tara Arts,Theatre,356,Garratt Lane,London,SW18 4ES,"356 Garratt Lane, London, SW18 4ES",,,,51.4422042,-0.188394,node,1991715167
Tarmac Silverlands Stadium,Stadium,,,,,,,,,53.2566369,-1.906712,way,95507076
Tate Modern,Arts centre,,Bankside,London,SE1 9TG,"Bankside, London, SE1 9TG",,https://www.tate.org.uk/visit/tate-modern,+44 20 7887 8888,51.5074292,-0.0993862,way,24642569
Tattershall Road (Boston Town FC),Stadium,,Tattershall Road,Boston,PE21 9LR,"Tattershall Road, Boston, PE21 9LR",,,,52.9916413,-0.038101,way,54828777
Taunton Conference Centre,Events venue,,,,TA1 5AX,TA1 5AX,,https://www.tauntoncollege.ac.uk/college-life/facilities/the-conference-centre/,,51.016584,-3.1213761,node,13821741501
Taunton Town FC,Stadium,,Wordsworth Drive,Taunton,TA1 2HG,"Wordsworth Drive, Taunton, TA1 2HG",,,,51.016626,-3.0852297,way,120022778
Tazmental Promotions,Nightclub,35,Lanaway Road,Bristol,BS16 2NN,"35 Lanaway Road, Bristol, BS16 2NN",,,+44 7845413547,51.4866715,-2.5200152,node,7152798485
Team Talk Conference Venue,Conference centre,96,Marsh Lane,,,96 Marsh Lane,,,,53.7980539,-1.5276318,way,204188833
Teamscapes,Events venue,,,,,,,,,52.3373532,-0.9591849,node,12944788515
Teignmouth Rugby Football Club,Stadium,,,,,,,,,50.5471675,-3.5080626,way,316186217
Temperance Hall / The Little Theatre by the Park,Theatre,,Church Street,Chesham,HP5 1HU,"Church Street, Chesham, HP5 1HU",,https://www.littletheatrechesham.co.uk/index.php,,51.7043062,-0.6146852,node,3350387120
Temptations,Nightclub,,,,,,,,,50.3700719,-4.1474243,way,927363068
Terry O'Toole Theatre,Theatre,,,,,,,,,53.1866384,-0.5976146,node,588088317
Tetbury Goods Shed,Arts centre,,Cirencester Road,Tetbury,GL8 8EY,"Cirencester Road, Tetbury, GL8 8EY",,https://tetburygoodsshed.co.uk,,51.6378153,-2.155632,way,337804679
Tetley Triangle,Theatre,,,,,,,,,53.7920576,-1.5403502,way,501186955
Tetley's South Stand,Stadium,,,,,,,,,53.8158925,-1.5822259,way,73840707
TFM Soundworks,Nightclub,,Linthorpe Road,,,Linthorpe Road,,,,54.5690834,-1.2390347,node,2561966151
Thameside Theatre,Theatre,,Orsett Road,Grays,,"Orsett Road, Grays",,https://www.thurrock.gov.uk/thameside-theatre/about-theatre,+44 345 300 5264,51.4792731,0.3245762,way,491992821
The 1865,Events venue,1865,Brunswick Square,Southampton,SO14 3AR,"1865 Brunswick Square, Southampton, SO14 3AR",,https://www.the1865.store/,+442382687785,50.8985966,-1.4004837,way,183492586
The 1878 Stadium,Stadium,,,,,,,,,51.5378996,-0.666839,way,221467458
The 2one2,Nightclub,17,Royal Exchange Square,Glasgow,,"17 Royal Exchange Square, Glasgow",,,,55.8598908,-4.2529501,node,2271894230
The 343,Events venue,,,,,,,,,54.5974668,-5.8886658,way,951962274
The Abbey,Conference centre,,,,OX14 4AF,OX14 4AF,,,+44 1235 847401,51.642518,-1.2749183,relation,13763327
The Abbey Theatre,Theatre,,,,,,,,,52.5228726,-1.4751156,way,330037624
The Academy,Nightclub,,,,,,,,,52.4138684,-4.086367,way,1247450610
The Academy Theatre,Theatre,,,,,,,,,53.50047,-1.4790841,node,13092261083
The Acorn,Theatre,,Parade Street,Penzance,TR18 4BU,"Parade Street, Penzance, TR18 4BU",,https://www.theacornpenzance.com/,,50.1178531,-5.5374654,node,11027492743
The Actors Theatre,Theatre,,Prince's Street,,BN2 1RD,"Prince's Street, BN2 1RD",,https://www.actors.pub/theatre,,50.8222872,-0.1360077,node,1274328349
The Admiral Hardy,Events venue,,,,,,,,,51.4818773,-0.0093201,way,160678844
The Africa Centre,Arts centre,,Old Union Yard Arches,London,,"Old Union Yard Arches, London",,https://www.africacentre.org.uk/,,51.5028873,-0.1016493,node,9550710672
The Agincourt,Nightclub,487,London Road,,,487 London Road,,,,51.3343257,-0.7665019,node,2251157380
The Alban Arena,Theatre,Civic Centre,St Peter's Street,St Albans,AL1 3LD,"Civic Centre St Peter's Street, St Albans, AL1 3LD",,https://alban-arena.co.uk/,+44 1727 844488,51.7529027,-0.3363769,way,34781713
The Albany,Arts centre,,Douglas Way,London,SE8 4AG,"Douglas Way, London, SE8 4AG",,https://www.thealbany.org.uk/,+44 20 8692 4446,51.4777857,-0.027616,way,372018543
The Albany,Theatre,,,,,,,,,55.9467882,-4.7708416,way,505072884
The Albert Bartlett Stadium,Stadium,,Craigneuk Avenue,Airdrie,ML6 8QZ,"Craigneuk Avenue, Airdrie, ML6 8QZ",10170,https://www.excelsiorstadium.co.uk/,,55.8601264,-3.9599979,way,283883514
The Albert Hall,Theatre,,,,,,,,,52.2400006,-3.3834277,way,487040468
The Albert Halls,Theatre,,,,,,,,,53.578376,-2.4306697,node,5234934802
The Alehouse,Pub,52,,Todmorden,OL14 5EY,"52, Todmorden, OL14 5EY",,,,53.716664,-2.097865,node,11639490353
The Amadeus,Events venue,50,Shirland Road,London,W9 2JA,"50 Shirland Road, London, W9 2JA",,http://theamadeus.co.uk/,+44 20 7286 1686,51.5243071,-0.1894261,way,155118729
The Ammerdown Centre,Conference centre,,,,,,,,,51.2729877,-2.4153229,way,101696149
The amphitheater in Berryhill Fields,Theatre,,,,,,,,,53.0122781,-2.1435962,way,628405194
The Amphitheatre,Theatre,,,,,,,,,51.2424333,-0.588381,way,74883172
The Amphitheatre,Theatre,,,,,,,,,52.0459252,-0.7440632,way,417178781
The Amphitheatre,Theatre,,,,,,,,,50.9910878,-1.7448254,node,13565332600
The Anson Rooms,Music venue,,,,,,,,,51.4569011,-2.6128754,node,2622702549
The Anteros Arts Foundation,Arts centre,"11,15",Fye Bridge Street,Norwich,NR3 1LJ,"11,15 Fye Bridge Street, Norwich, NR3 1LJ",,https://www.anterosfoundation.com/,+44 1603 766129,52.6333305,1.2970047,node,5179570201
The Anvil,Theatre,,,Basingstoke,RG21 7QR,"Basingstoke, RG21 7QR",,https://www.anvilarts.org.uk/,,51.2669772,-1.0896698,way,182543708
The Apex,Events venue,,Charter Square,Bury St Edmunds,IP33 3FD,"Charter Square, Bury St Edmunds, IP33 3FD",,,,52.2457989,0.7104853,way,189052085
The Arc Performance Hall,Theatre,,,,,,175,https://www3.hants.gov.uk/wdc,,51.0654224,-1.3164163,way,90168073
The Arcadia,Nightclub,,,,,,,,,55.2058133,-6.6505044,way,231997173
The Arches Project,Arts centre,,,,,,,,,52.4744194,-1.8813229,node,9897107948
The Arches Theatre,Theatre,,,Clifton Reynes,MK46 5DT,"Clifton Reynes, MK46 5DT",,https://thearchestheatre.co.uk,,52.1569335,-0.6916993,node,12379239328
The Ariel Centre,Theatre,,,,,,,,,50.4374348,-3.6959032,node,557241613
The Ark Nightclub,Nightclub,109,High Street,Newmarket,CB8 8JH,"109 High Street, Newmarket, CB8 8JH",,https://www.arknewmarket.com/,,52.2427963,0.4037677,node,1239809233
The Armstrong,Arts centre,,,,,,,https://www.thearmstrong.co.uk/,,51.606079,-2.525554,way,1384963402
The Art Club,Arts centre,,,,,,,https://www.artclubedinburgh.com/,,55.9619202,-3.2006247,node,12103097585
The Art House,Arts centre,,Drury Lane,Wakefield,WF1 2TE,"Drury Lane, Wakefield, WF1 2TE",,,,53.6823559,-1.5035515,way,87266521
The Art House,Arts centre,,,,,,,,,53.3795911,-1.4732395,way,103745435
The Arts Centre,Theatre,,,,,,,,,53.5600083,-2.8756972,way,166612335
The Artworks,Arts centre,3,Creekside,London,,"3 Creekside, London",,https://www.theartworkscreekside.com/,,51.4765411,-0.0220271,node,11028488324
The Arty Space,Arts centre,20,North Gate,Bridgnorth,WV16 4ET,"20 North Gate, Bridgnorth, WV16 4ET",,,,52.5373987,-2.420986,node,11650491369
The ASM Stadium,Stadium,,,,,,,,,51.7557985,-0.9759923,way,320264113
The Assembly,Nightclub,,Spencer Street,Leamington Spa,CV31 3NF,"Spencer Street, Leamington Spa, CV31 3NF",,,,52.2855415,-1.5339701,node,1422496562
The Assembly Rooms,Theatre,40,North Bailey,Durham,DH1 3ET,"40 North Bailey, Durham, DH1 3ET",,,,54.7741404,-1.5749645,way,15244536
The Association,Nightclub,14,Corporation Street,Chesterfield,S41 7TP,"14 Corporation Street, Chesterfield, S41 7TP",,,,53.2368516,-1.4227132,way,361774375
The Association Nightclub,Nightclub,28,Church Street,Ripley,DE5 3BU,"28 Church Street, Ripley, DE5 3BU",,https://www.facebook.com/assocripley/,+44 1773 513735,53.0508652,-1.4051531,way,1028123972
The Astor Room,Events venue,,Ablewell Street,Walsall,WS1 2EL,"Ablewell Street, Walsall, WS1 2EL",,,,52.5824992,-1.9742985,way,292930421
The Astoria,Nightclub,"37,39",Guildhall Walk,Portsmouth,PO1 2RY,"37,39 Guildhall Walk, Portsmouth, PO1 2RY",,,,50.7958948,-1.0932582,node,4359426597
The Asylum,Nightclub,,,,,,,,,52.4882571,-1.9022402,way,311994290
The Atrium,Events venue,99,Hucknall Road,,,99 Hucknall Road,,http://www.theatriumnottingham.co.uk/,,52.9758221,-1.1564015,node,4249361381
The Atrium,Events venue,124-126,Cheshire Street,London,E2 6EJ,"124-126 Cheshire Street, London, E2 6EJ",,,,51.5239501,-0.0659474,node,7849375426
The Attic,Events venue,,,,,,,https://linktr.ee/theatticleeds,,53.7912218,-1.5381094,node,12710531381
The Attic,Nightclub,,Melbourn Street,Royston,,"Melbourn Street, Royston",,,,52.0480927,-0.0230786,node,13421556392
The Attik,Music venue,,,,,,,,,52.6349193,-1.1303115,node,27185926
The Auxiliary,Arts centre,31,Station Street,Middlesbrough,TS1 1SR,"31 Station Street, Middlesbrough, TS1 1SR",,https://www.theauxiliary.co.uk/,,54.5791458,-1.2403951,way,1220150109
The Axiom,Theatre,,,,,,,,,51.8458111,-1.9674117,way,1301390525
The Backyard,Events venue,,Albion Street,"Hanley, Stoke-on-Trent",ST1 1HR,"Albion Street, Hanley, Stoke-on-Trent, ST1 1HR",,,,53.0237372,-2.1773672,way,145594892
The Bag Factory,Events venue,,,,,,,,,53.4923894,-2.2519081,node,13168097801
The Band Room,Theatre,,Low Mill,York,YO62 7UY,"Low Mill, York, YO62 7UY",,https://www.thebandroom.co.uk/,,54.3481385,-0.9660032,way,225700198
The Band Stand,Bandstand,,,,,,,,,52.9131492,-4.0993036,way,174290930
The Band Stand,Bandstand,,,,,,,,,51.5042192,-0.1824359,way,313489055
The Bandstand,Bandstand,,,,,,,,,51.4580035,-0.1492923,way,27367088
The Bandstand,Bandstand,,,,,,,,,52.3324165,-0.1833983,way,107160850
The Bandstand,Bandstand,,,,,,,,,51.1875626,-0.6148807,way,154802922
The Bandstand,Bandstand,,,,,,,,,52.471666,-1.9721962,way,230140404
The Bandstand,Bandstand,,,,,,,https://www.royalparks.org.uk/parks/greenwich-park/things-to-see-and-do/upcoming-events-in-greenwich-park/greenwich-concert-band-greenwich-park-bandstand,,51.476467,0.0029167,way,297997038
The Bandstand,Bandstand,,,,,,,,,52.7510436,0.4065391,way,608755324
The Bank Bar,Pub,7-9,Union Street,Dundee,DD1 4BN,"7-9 Union Street, Dundee, DD1 4BN",,https://www.thebankbardundee.com/,,56.459166,-2.9715442,node,293879875
The Bank Vault,Pub,1,Y Stryd Newydd / New Street,Aberystwyth,SY23 2AT,"1 Y Stryd Newydd / New Street, Aberystwyth, SY23 2AT",,,,52.4147023,-4.0867262,way,517014083
The Barclay,Stadium,,,,,,,,,52.6226137,1.3098683,relation,2450993
The Barn,Events venue,11c,South Crescent,London,E16 4TL,"11c South Crescent, London, E16 4TL",,https://codydock.org.uk/facilities/,,51.5185561,-0.0024287,way,1089864003
The Barn,Events venue,,Parsonage Barn Lane,,,Parsonage Barn Lane,,https://www.thebarnringwood.co.uk/,,50.8482386,-1.7830736,way,1350941364
The Barn at Alswick,Events venue,,,,,,,,,51.946601,0.0020378,way,98951965
The Barn at Barons Hill Farm,Events venue,,,,,,,http://barnbaronshill.com/,,50.4014461,-3.8228117,way,480042731
The Barn at Brynich,Events venue,,Brynich,Brecon,LD3 7SH,"Brynich, Brecon, LD3 7SH",,,+44 1874 623480,51.9420619,-3.3535053,way,217951176
The Barn At South Milton,Events venue,,,,,,,,,50.2609507,-3.8453797,way,169855153
The Barn Theatre,Theatre,,,,,,,,,51.7983967,-0.2150188,way,192678963
The Barn Theatre,Theatre,,,,,,,,,51.2600823,-0.002554,way,329542828
The Barn Theatre,Theatre,,,,,,,,,50.7700405,0.1036536,way,334986058
The Barn Theatre,Theatre,,,,,,,,,50.835354,-0.2338633,way,1075385555
The Barony Centre,Arts centre,50,Main Street,,KA23 9AW,"50 Main Street, KA23 9AW",,https://www.crafttownscotland.org/the-barony-centre/,,55.6953737,-4.855346,way,285870931
The Basement,Events venue,,,,,,,,,51.2422061,-0.5864605,node,482216745
The Basement,Nightclub,,,,,,,,,52.7692438,-1.2271454,node,674867406
The Basement,Nightclub,24,Kensington Street,Brighton,BN1 4AJ,"24 Kensington Street, Brighton, BN1 4AJ",,https://www.thebasement.uk.com/,+44 1273 699733,50.826293,-0.1381847,node,1335016116
The Baths Hall,Theatre,,Doncaster Road,Scunthorpe,DN15 7RG,"Doncaster Road, Scunthorpe, DN15 7RG",,https://www.scunthorpetheatres.co.uk/,+44 1724 296296,53.5902866,-0.6592431,way,115117497
The Bauvill Stadium,Stadium,,,,,,,,,51.3687252,0.5213229,way,210296823
The Beacon,Theatre,,Custom House Quay,,PA15 1HJ,"Custom House Quay, PA15 1HJ",,,,55.9478845,-4.7500519,way,275928482
The Beams,Events venue,,Factory Road,London,E16 2HB,"Factory Road, London, E16 2HB",,https://thebeamslondon.com/,+44 20 3515 0130,51.5010892,0.043383,node,10104507767
The Bear Club,Nightclub,,Guildford Street,Luton,,"Guildford Street, Luton",,,,51.8810874,-0.4129506,way,1275703898
The Bear Inn,Pub,66,Walliscote Road,Weston-Super-Mare,BS23 1ED,"66 Walliscote Road, Weston-Super-Mare, BS23 1ED",,http://thebearinnweston.co.uk,+44 1934 641 722,51.3402399,-2.9781889,way,1212223214
The Bear Pit,Theatre,,,,,,,,,53.4096314,-2.1626419,node,13452485404
The Bear Pit Theatre,Theatre,,Rother Street,Stratford-upon-Avon,CV37 6LU,"Rother Street, Stratford-upon-Avon, CV37 6LU",,https://www.thebearpit.org.uk/,+44 1789 333935,52.1923376,-1.7112179,way,159215734
The Beaufort Theatre,Theatre,,Beaufort Hill,Ebbw Vale,NP23 5QQ,"Beaufort Hill, Ebbw Vale, NP23 5QQ",,https://thebeauforttheatre.co.uk,,51.7974971,-3.2065079,way,758803663
The Beck Theatre,Theatre,,,,,,,,,51.5208694,-0.4216884,way,839978920
The Beech Plateau,Theatre,,,,,,,,,55.7725702,-4.8352478,node,12626439295
The Beeches Training Centre,Conference centre,,,,,,,,,52.4253527,-1.9404714,node,623573779
The Beethoven,Events venue,,London Road,Haywards Heath,RH17 5NU,"London Road, Haywards Heath, RH17 5NU",,,,50.9623864,-0.1975925,way,609538432
The Beggar's Theatre,Theatre,,,,,,,,,54.209976,-3.2700835,way,329695125
The Belfast Barge,Events venue,1,Lanyon Quay,Belfast,BT1 3LG,"1 Lanyon Quay, Belfast, BT1 3LG",,https://www.belfastbarge.org/,,54.5986568,-5.920552,way,296927506
The Belgrave Rooms,Events venue,25,Goldsmith Street,Nottingham,NG1 5LH,"25 Goldsmith Street, Nottingham, NG1 5LH",,https://www.belgraverooms.co.uk/,,52.9563994,-1.153845,way,279919992
The Bell Inn,Pub,,Bulmore Road,Newport,NP18 1QQ,"Bulmore Road, Newport, NP18 1QQ",,,+44 1633 420 613,51.6054995,-2.9466765,node,953096107
The Bell Inn,Pub,,,Monmouth,NP25 4LZ,"Monmouth, NP25 4LZ",,https://www.thebellinnredbrook.co.uk,+441600 713612,51.7837969,-2.6724539,node,1822645202
The Bentley,Events venue,50,Brunswick Street,Liverpool,L2 0PL,"50 Brunswick Street, Liverpool, L2 0PL",,,,53.4054966,-2.9933489,node,10995298823
The Beonna at All Saints Church,Arts centre,,Main Road,Boston,PE22 0BT,"Main Road, Boston, PE22 0BT",,,,52.9977577,0.0803131,way,343001099
The Berkeley Suite,Nightclub,237,North Street,Glasgow,G3 7DL,"237 North Street, Glasgow, G3 7DL",,https://berkeleysuite.com/,+44 141 221 2451,55.865848,-4.272037,node,6396532829
The Berry Theatre,Theatre,,Wildern Lane,Southampton,SO30 4EJ,"Wildern Lane, Southampton, SO30 4EJ",,https://www.theberrytheatre.co.uk/,,50.9186528,-1.3021959,way,296777530
The Bethel Centre,Conference centre,2,Broad Street,Braintree,CM7 9RS,"2 Broad Street, Braintree, CM7 9RS",,https://havengroup.org.uk/bethel-centre/,,51.889729,0.5606958,way,1347608723
The Biggs Theatre,Arts centre,,,,,,,,,52.0867483,-0.2626348,way,670571169
The Birchwood Centre,Events venue,171,Fortis Green Road,London,N10 3BG,"171 Fortis Green Road, London, N10 3BG",,https://st-james.org.uk/about-us/venue-hire,,51.5907564,-0.1485338,way,1039990821
The Birks,Events venue,1,Mill Street,Nottingham,NG6 0JW,"1 Mill Street, Nottingham, NG6 0JW",,https://www.birkscatering.com/,,52.984596,-1.1844702,way,954050258
The Birley Centre,Theatre,4,Carlisle Road,Eastbourne,BN21 4EF,"4 Carlisle Road, Eastbourne, BN21 4EF",,,,50.7625721,0.2823281,way,822219091
The Biscuit Factory,Arts centre,4-6,Anderson Place,Edinburgh,EH6 5NP,"4-6 Anderson Place, Edinburgh, EH6 5NP",,http://www.biscuitfactory.co.uk/,+44 131 629 1300,55.9707698,-3.181695,node,4202387089
The Biscuit Room,Events venue,,,,,,,https://www.thebiscuitfactory.com/pages/the-biscuit-room,,54.9764347,-1.5971545,way,145626509
The Bishop Bulley Barn,Events venue,,,Rydal,LA22 9LX,"Rydal, LA22 9LX",,https://www.rydalhall.org/bishop-bulley-barn,+44 1539 432050,54.4490933,-2.9786718,way,546299930
The Black Box,Theatre,18-22,Hill Street,Belfast,BT1 2LA,"18-22 Hill Street, Belfast, BT1 2LA",,https://www.blackboxbelfast.com,,54.6016453,-5.9269641,way,422423659
The Black Heart,Pub,2-3,Greenland Place,London,NW1 0AP,"2-3 Greenland Place, London, NW1 0AP",,https://www.ourblackheart.com/,+44 20 7428 9730,51.5389171,-0.1418712,node,293390260
The Black Swan,Pub,,Peasholme Green,York,YO1 7PR,"Peasholme Green, York, YO1 7PR",,https://www.blackswanyork.com/,,53.9601046,-1.0755972,node,27180417
The Black-E,Arts centre,,,,,,,,,53.3992617,-2.9767714,way,60943014
The Blackpool Opera House,Theatre,,,,,,,,,53.8174853,-3.0509769,way,1137370186
The Blue Base,Events venue,,Salop Street,Liverpool,L4 4BZ,"Salop Street, Liverpool, L4 4BZ",,,,53.4367004,-2.9710849,way,968224528
The Blue Moon,Pub,2,Norfolk Street,Cambridge,CB1 2LF,"2 Norfolk Street, Cambridge, CB1 2LF",,,,52.2048657,0.1366267,way,134385094
The Blue Note,Nightclub,,,,,,,https://www.facebook.com/61571609143261/,,53.7142222,-2.0970834,node,13459883919
The Blue Note Club,Nightclub,14a,Sadler Gate,Derby,DE1 3NF,"14a Sadler Gate, Derby, DE1 3NF",,https://www.thebluenotederby.com/,,52.923392,-1.4785323,node,1438242149
The Blues Kitchen,Bar,134,Curtain Road,London,EC2A 3AR,"134 Curtain Road, London, EC2A 3AR",,https://theblueskitchen.com/shoreditch/,,51.5265258,-0.0800804,way,165488538
The Blues Kitchen,Bar,40,Acre Lane,London,SW2 5SP,"40 Acre Lane, London, SW2 5SP",,https://theblueskitchen.com/brixton/,,51.4606198,-0.1192581,way,321923639
The Blues Kitchen,Bar,111-113,Camden High Street,London,NW1 7JN,"111-113 Camden High Street, London, NW1 7JN",,https://theblueskitchen.com/,+44 20 7387 5277,51.5370047,-0.1413071,way,457644936
The Boilerhouse,Events venue,,Caunt Road,Grantham,NG31 7FZ,"Caunt Road, Grantham, NG31 7FZ",,https://www.iom3.org/about-us/venue-hire/the-boilerhouse.html,,52.8999908,-0.6468211,way,1469895497
The Boileroom,Events venue,13,Stoke Fields,Guildford,GU1 4LS,"13 Stoke Fields, Guildford, GU1 4LS",,https://www.theboileroom.net/,,51.2399317,-0.5729942,way,69891505
The Bombed Out Church,Events venue,,,,,,,,,53.4016943,-2.975117,relation,9297536
The Bonded Warehouse,Events venue,,,,,,,,,54.9091318,-1.3749253,way,34082951
The Bongo Club,Nightclub,66,Cowgate,Edinburgh,EH1 1JX,"66 Cowgate, Edinburgh, EH1 1JX",,https://www.thebongoclub.co.uk/,,55.9482078,-3.1921037,node,4166866989
The Boogie Lounge,Nightclub,1A,Waterloo Road,Epsom,KT19 8AY,"1A Waterloo Road, Epsom, KT19 8AY",,,,51.3335388,-0.2674093,way,671451634
The Booking Hall,Events venue,,,,,,,https://www.thebookinghall.com/,,51.1170929,1.3084757,way,1312215406
The Bowery,Nightclub,22,Fletcher Gate,Nottingham,NG1 2FZ,"22 Fletcher Gate, Nottingham, NG1 2FZ",,,,52.9521627,-1.1461339,node,2941144862
The Box,Theatre,,Beezon Road,Kendal,LA9 6EL,"Beezon Road, Kendal, LA9 6EL",,https://kendal.ac.uk/about-us/facilities/the-box/,,54.3310726,-2.7411456,way,354080643
The Bread Shed,Bar,,,,,,,https://www.bread-shed.co.uk/manchester,,53.470633,-2.2364414,node,1647393605
The Brewery,Conference centre,52,Chiswell Street,London,EC1Y 4SA,"52 Chiswell Street, London, EC1Y 4SA",,https://www.thebrewery.co.uk/,,51.5205744,-0.0915083,way,160279485
The Brewhouse Theatre & Arts Centre,Theatre,,Coal Orchard,Taunton,TA1 1JL,"Coal Orchard, Taunton, TA1 1JL",,https://www.thebrewhouse.net/,,51.0182769,-3.1025312,way,120084631
The Brian Friel Theatre,Theatre,20,University Square,,BT7 1NN,"20 University Square, BT7 1NN",,,,54.585519,-5.9339718,node,12749021101
The Brick Community Stadium,Stadium,,Loire Drive,Wigan,WN5 0UZ,"Loire Drive, Wigan, WN5 0UZ",25133,,,53.5477307,-2.6540048,way,830867936
The Brickworks,Nightclub,,Newark Street,Nottingham,NG2 4PP,"Newark Street, Nottingham, NG2 4PP",,https://thebrickworksnottingham.co.uk/,,52.9510478,-1.134912,node,7176563885
The Brickyard,Music venue,14,Fisher Street,Carlisle,CA3 8RN,"14 Fisher Street, Carlisle, CA3 8RN",,https://www.thebrickyardonline.com/,,54.896246,-2.9389715,way,274229221
The Bridge,Nightclub,6-9,Hythe Bridge Street,Oxford,OX1 2EW,"6-9 Hythe Bridge Street, Oxford, OX1 2EW",,,,51.7532421,-1.2659645,node,6641341395
The Bridge Centre,Events venue,45,Cromford Road,Nottingham,NG16 4EF,"45 Cromford Road, Nottingham, NG16 4EF",,https://langleymillbridgecentrevenue.webs.com/,,53.0212614,-1.3280291,way,390873653
The Bridge London,Nightclub,28,Hancock Road,London,E3 3DA,"28 Hancock Road, London, E3 3DA",,,,51.5270509,-0.0104986,node,3352686440
The Brigend Theatre,Theatre,,,,,,,,,55.0678829,-3.6180893,node,1489839779
The Brighton Dome,Theatre,,Church Street,Brighton,BN1 1UD,"Church Street, Brighton, BN1 1UD",,https://brightondome.org/,,50.8235277,-0.1384029,relation,7186637
The Brink,Nightclub,,,,,,,https://www.offbroadway.org.uk/,,51.5373631,-0.0613859,node,9116743525
The Bristol Improv Theatre,Theatre,50,Saint Pauls Road,Bristol,BS8 1LP,"50 Saint Pauls Road, Bristol, BS8 1LP",,,,51.4587593,-2.6119046,way,463690556
The Brit Bar,Bar,,High Street,Weston-super-Mare,BS23 1HP,"High Street, Weston-super-Mare, BS23 1HP",,,,51.3504655,-2.9786407,way,231252616
The Broadway,Nightclub,117-119,High Street,,TN22 1RN,"117-119 High Street, TN22 1RN",,,,50.9739898,0.0975788,way,424143496
The Broadway,Theatre,,,,,,,,,51.5355012,0.0777824,node,4167977209
"The Broadway Theatre, Barking",Theatre,,Broadway,Barking,,"Broadway, Barking",,,,51.5359833,0.0772176,node,598355044
The Brockwell Stadium,Stadium,,,,,,,,,51.5164823,0.6156272,way,149494725
The Brook,Music venue,466,Portswood Road,Southampton,SO17 3SD,"466 Portswood Road, Southampton, SO17 3SD",,,,50.9328375,-1.3834096,way,176439532
The Brook Theatre,Theatre,,The Brook,Chatham,ME4 4SE,"The Brook, Chatham, ME4 4SE",,,,51.3851504,0.5258877,node,12542448414
The Brooklands Hall,Events venue,,,,,,,,,51.3547771,-0.4674731,node,11816597123
The Brush Yard,Events venue,35-37,Knapps Ln,Bristol,BS5 7UN,"35-37 Knapps Ln, Bristol, BS5 7UN",,,,51.4696558,-2.5416259,node,12857673483
The Buccleuch Centre,Theatre,,Buccleuch Place,Langholm,DG13 0AW,"Buccleuch Place, Langholm, DG13 0AW",,http://www.buccleuchcentre.com/,+44 1387 381 196,55.1532889,-3.0035975,way,218982742
The Bull,Theatre,,,,,,,,,51.6532091,-0.2000071,node,1634364050
The Bunker,Nightclub,46,Deptford Broadway,London,SE8 4PH,"46 Deptford Broadway, London, SE8 4PH",,,,51.474703,-0.0252589,node,10881838311
The Bunkhouse,Music venue,24,Park Street,,,24 Park Street,,https://www.thebunkhouseswansea.com/,,51.6202803,-3.9460602,node,12874987244
The Burnavon,Theatre,,,,,,,,,54.647092,-6.7466386,way,252482621
The Buttermarket,Nightclub,,Howard Street,Shrewsbury,SY1 2LF,"Howard Street, Shrewsbury, SY1 2LF",,,,52.7122713,-2.7491611,way,202776503
The Byre,Events venue,,,,,,,,,56.3778865,-3.3131008,way,136840664
The Cab,Theatre,22,Cambrian Road,Newport,NP20 4AB,"22 Cambrian Road, Newport, NP20 4AB",,https://www.realitytheatre.co.uk,+44 7557 300 298,51.5884866,-2.9976131,node,9876800675
The Cabin Club,Nightclub,,,,,,,,,53.4017584,-2.9761604,node,4515387429
The Calder,Arts centre,,,,,,,,,53.6749771,-1.4918837,way,337963901
The Calder Bookshop & Theatre,Theatre,51,The Cut,London,SE1 8LF,"51 The Cut, London, SE1 8LF",,https://calderbookshop.com/,,51.5029793,-0.1071318,node,13116959727
The Camping World Community Stadium,Stadium,,,,,,,,,51.0468565,-0.3405945,way,983348193
The Canalside Centre,Events venue,,Marsh Lane,Bridgwater,TA6 6LQ,"Marsh Lane, Bridgwater, TA6 6LQ",,https://thecanalside.co.uk/home/,,51.1130428,-2.9891591,way,338549046
The Canary Shed - Wedding Venue,Events venue,,Ferry Road,,CM0 8PJ,"Ferry Road, CM0 8PJ",,https://thecanaryshed.co.uk,+44 1621 786503,51.6312265,0.7949638,node,13899166301
The Candlelight Club,Events venue,,New Radcliffe Street,Oldham,OL1 1NQ,"New Radcliffe Street, Oldham, OL1 1NQ",,,,53.5435562,-2.1157045,node,3084270407
The Canvas,Events venue,27,Old Ford Road,London,E2 9PJ,"27 Old Ford Road, London, E2 9PJ",,https://www.stmargaretshouse.org.uk/hire-the-canvas,,51.5299249,-0.0541577,way,1090524462
The Capitol,Arts centre,,North Street,Horsham,RH12 1RG,"North Street, Horsham, RH12 1RG",,https://www.thecapitolhorsham.com/,,51.0640992,-0.3226796,way,308877980
The Carlton,Events venue,48-50,Merrial Street,Newcastle-under-Lyme,ST5 2AW,"48-50 Merrial Street, Newcastle-under-Lyme, ST5 2AW",,https://www.the-carlton.co.uk/,,53.0122857,-2.2285096,way,105360414
The Carousel,Arts centre,25,Hockley,Nottingham,NG1 1FH,"25 Hockley, Nottingham, NG1 1FH",,https://www.thecarousel.uk/,,52.9538171,-1.140063,node,12620960863
The Carriageworks,Theatre,,,,,,,https://carriageworkstheatre.org.uk,,53.801172,-1.5481602,node,333800529
The Castle,Pub,44,Commercial Road,London,E1 1LN,"44 Commercial Road, London, E1 1LN",,http://www.thecastlelondon.com/,,51.5148862,-0.0687963,node,277909036
The Castle,Theatre,10,Castle Way,Wellingborough,NN8 1XA,"10 Castle Way, Wellingborough, NN8 1XA",,https://www.castletheatre.co.uk,+44 1933 270 007,52.3001053,-0.6880133,way,280858428
The Cause,Nightclub,60,Dock Road,London,E16 1YZ,"60 Dock Road, London, E16 1YZ",,https://supportthecause.co.uk/,,51.5044185,0.0168778,node,12681133571
The Cave,Theatre,,,,,,,,,51.8452914,-1.9681735,way,1301390526
The Cavendish Arms,Pub,128,Hartington Road,London,SW8 2HJ,"128 Hartington Road, London, SW8 2HJ",,https://thecavendisharmsstockwell.co.uk/,,51.4764537,-0.1276913,node,261348576
The Cavern Room,Events venue,32,Victoria Road,Tamworth,B79 7HL,"32 Victoria Road, Tamworth, B79 7HL",,,,52.634829,-1.6897318,node,10298711698
The Caves,Events venue,8-10,Niddry Street South,Edinburgh,EH1 1NS,"8-10 Niddry Street South, Edinburgh, EH1 1NS",,https://unusualvenuesedinburgh.com/venues/the-caves-venue-edinburgh,+44 131 510 1122,55.9485483,-3.1864651,node,1523647273
The Cellar Door,Pub,5,Clytha Park Road,Newport,NP20 4NZ,"5 Clytha Park Road, Newport, NP20 4NZ",,https://cellardoor.netlify.app/,+44 7930 857 897,51.5870367,-3.0033362,node,9829545205
The Centenary Pavilion,Events venue,,Lowfields Road South,Leeds,LS12 6BS,"Lowfields Road South, Leeds, LS12 6BS",,,,53.7789832,-1.5703872,way,207830880
The Central Theatre,Theatre,170,High Street,Chatham,ME4 4AS,"170 High Street, Chatham, ME4 4AS",,,,51.3824776,0.5245095,way,207989281
The Chapel,Nightclub,,Milford Street,Salisbury,SP1 2AP,"Milford Street, Salisbury, SP1 2AP",,https://www.chapelnightclub.co.uk/,+44 1722 504255,51.0684193,-1.7918969,way,291910624
The Chapel,Events venue,,,,,,,,,51.7264473,-1.2981913,node,13409024501
The Charmandean Centre,Events venue,,,,,,,,,50.8332062,-0.3738792,way,984345357
The Chatsworth Centre,Arts centre,,Westgate,Nottingham,NG10 1EF,"Westgate, Nottingham, NG10 1EF",,https://www.duchess-theatre.com/,,52.8955972,-1.269574,way,307716723
The Cheadle End,Stadium,,,,,,,,,53.399456,-2.1673563,way,232703995
The Cherry Barn,Events venue,Clayton Farm,Church Lane,Peasmarsh,TN31 6XS,"Clayton Farm Church Lane, Peasmarsh, TN31 6XS",,,,50.9628525,0.6948174,way,863153366
The Church Arts & Events Centre,Events venue,40,Saint Peter's Churchyard,Derby,DE1 1NN,"40 Saint Peter's Churchyard, Derby, DE1 1NN",,,,52.9204711,-1.4777393,way,1318949209
The Church London,Events venue,,,,,,,,,51.4635173,-0.1370871,node,8309267061
The Churchill,Theatre,,,,,,,http://churchilltheatre.co.uk/,,51.4035538,0.0143007,node,354890137
The Citadel - Wedding Venue,Events venue,,,,,,,,,52.8527267,-2.6381569,node,11949851922
The City Ground,Stadium,,Pavilion Road,Nottingham,NG2 5FJ,"Pavilion Road, Nottingham, NG2 5FJ",30602,https://www.nottinghamforest.co.uk/,,52.9399155,-1.1329333,way,24724754
The City Rooms,Events venue,16,Hotel Street,Leicester,LE1 5AW,"16 Hotel Street, Leicester, LE1 5AW",,,,52.6337412,-1.1340289,way,465062543
The Civic Theatre,Theatre,,,,,,,,,52.3398064,-2.2833767,node,4792657624
The Classic Grand,Nightclub,,,,,,,,,55.8579776,-4.2572004,node,1322796841
The Clerkenwell Centre,Conference centre,61,Lever Street,London,,"61 Lever Street, London",,http://www.clerkenwellcentre.com,,51.526863,-0.0974463,node,3197986155
The Clock End,Stadium,,,,,,,,,51.5542401,-0.1084177,way,193811140
The Closet,Nightclub,38a,Maiden Street,Weymouth,DT4 8BA,"38a Maiden Street, Weymouth, DT4 8BA",,,,50.6078532,-2.4540851,way,1041627288
The Club,Nightclub,14,High Cross Street,St Austell,PL25 4AN,"14 High Cross Street, St Austell, PL25 4AN",,http://theclubstaustell.co.uk/,+44 1726 624620,50.3384119,-4.790127,way,1370379334
The Club,Nightclub,,,,,,,,,55.9349109,-3.4694427,node,5398860846
The Cluny 2,Theatre,34,Lime Street,Newcastle upon Tyne,NE1 2PQ,"34 Lime Street, Newcastle upon Tyne, NE1 2PQ",,https://www.thecluny.com,,54.9749245,-1.5919257,node,1476614464
The Coach House,Events venue,,,,,,,https://soughtonhall.co.uk/the-coach-house/,,53.1971337,-3.1271803,way,297789863
The Coach House Centre,Events venue,,Aglionby Grange,Carlisle,CA4 8AD,"Aglionby Grange, Carlisle, CA4 8AD",,,,54.899263,-2.8768199,node,4514412827
The Coach House Theatre,Theatre,,Grange Road,Great Malvern,,"Grange Road, Great Malvern",,,,52.1111033,-2.3259914,node,4683184031
The Coade Theatre,Theatre,,,,,,,,,50.8666132,-2.1835802,node,1377239775
The Cobham Curve,Events venue,,Fairmile Lane,Cobham,KT11 2BU,"Fairmile Lane, Cobham, KT11 2BU",,,,51.3400654,-0.3967173,node,9935521251
The Cochrane Theatre,Theatre,,,,,,,,,51.5191305,-0.1203894,way,149173481
The Cock of the North Bar,Pub,,,,,,,https://www.halifax-steam.co.uk/,,53.7224224,-1.8110423,way,1280616511
The Cockpit Theatre,Theatre,,Gateforth Street,London,NW8 8EH,"Gateforth Street, London, NW8 8EH",,https://thecockpit.org.uk/,,51.524448,-0.1696162,way,691569932
The Colonnade,Cafe,,,Bexhill-on-Sea,TN40 1FH,"Bexhill-on-Sea, TN40 1FH",150,https://bexhillcolonnade.co.uk/,,50.8370293,0.4719712,node,5741476119
The Comedy Box,Theatre,,,,,,,,,51.4407182,-2.610869,node,1961462339
The Comedy Loft,Theatre,,,,,,,,,52.4773745,-1.9110419,node,2590963420
The Commercial Inn,Pub,,Commercial Street,Risca,NP11 6AW,"Commercial Street, Risca, NP11 6AW",,https://www.thecommercialpontymister.com/,+44 1633 612 608,51.6042929,-3.0958531,node,1692514216
The Common Room,Events venue,,Westgate Road,Newcastle upon Tyne,NE1 1SE,"Westgate Road, Newcastle upon Tyne, NE1 1SE",,https://thecommonroom.org.uk/,,54.9694499,-1.6143519,node,11769448621
The Compasses at Pattiswick,Events venue,,"Compasses Road, Pattiswick, CM77 8BG",,,"Compasses Road, Pattiswick, CM77 8BG",,https://compassespattiswick.co.uk/,+44 1376 561322,51.8911168,0.6444141,node,491518302
The Conference Suite,Events venue,,,,,,,,+44 121 553 5655,52.5144718,-1.9882338,way,1316636972
The Connaught,Theatre,,,,,,,,,50.8135936,-0.3703355,way,91020434
The Copper Rooms,Nightclub,,,,,,,,,52.3787884,-1.5601281,node,452905209
The Core,Theatre,,,,B91 3RG,B91 3RG,,,,52.4122112,-1.7798101,way,30848079
The Core,Theatre,,Parkland Gateway,Corby,NN17 1QG,"Parkland Gateway, Corby, NN17 1QG",,,,52.4873348,-0.7043118,node,1061706237
The Core,Nightclub,,Sherlock Street,Birmingham,B5 6NG,"Sherlock Street, Birmingham, B5 6NG",,,,52.4712323,-1.8944214,node,1294250863
The Corn Exchange,Theatre,,Church Street,Brighton,BN1 1UE,"Church Street, Brighton, BN1 1UE",,,,50.8236789,-0.1387924,way,104520965
The Corn Hall,Theatre,9A,Saint Nicholas Street,Diss,IP22 4LB,"9A Saint Nicholas Street, Diss, IP22 4LB",,https://www.thecornhall.co.uk/,,52.3777178,1.1071866,way,451613502
The Cornish Bank,Nightclub,34,Church Street,Falmouth,TR11 3EF,"34 Church Street, Falmouth, TR11 3EF",,https://thecornishbank.co.uk,,50.1534651,-5.0678009,node,11984338442
The Coronet Theatre,Theatre,103,Notting Hill Gate,London,W11 3LB,"103 Notting Hill Gate, London, W11 3LB",,https://www.coronet.org/,,51.5085434,-0.1981366,way,268111722
The Cotton Rooms,Events venue,5,Rock Street,Oldham,OL1 3UJ,"5 Rock Street, Oldham, OL1 3UJ",,,,53.5435106,-2.1083834,node,10287250765
The Courtyard,Theatre,,Edgar Street,Hereford,HR4 9JR,"Edgar Street, Hereford, HR4 9JR",,https://www.courtyard.org.uk/,,52.0611978,-2.7189891,way,23597251
The Courtyard,Theatre,40,Pitfield Street,London,N1 6EU,"40 Pitfield Street, London, N1 6EU",,https://www.thecourtyard.org.uk/,,51.5279838,-0.0833863,node,334370373
The Courtyard Theatre,Theatre,,Edgar Street,Hereford,HR4 9JR,"Edgar Street, Hereford, HR4 9JR",,https://www.courtyard.org.uk/,+44 1432 340555,52.061224,-2.7189902,node,6438020787
The Courtyard Venue,Events venue,,,,,,,,,52.8475433,-3.0825522,way,857155349
The Cove,Nightclub,,,,,,,,,52.9046242,-4.3332573,node,471977428
The Crafted Corner,Events venue,1,Peto Street North,London,E16 1RD,"1 Peto Street North, London, E16 1RD",,https://www.communityshopnewham.co.uk/,,51.5114766,0.0109748,node,11569066278
The Crannog,Events venue,,,,,,,,,54.1153049,-5.9037822,way,1334612464
The Crescent Community Venue,Community centre,8,The Crescent,York,YO24 1AW,"8 The Crescent, York, YO24 1AW",,,,53.9549356,-1.0937886,node,3516446450
The Crescent Theatre,Theatre,20,Sheepcote Street,Birmingham,B16 8AE,"20 Sheepcote Street, Birmingham, B16 8AE",,https://www.crescent-theatre.co.uk/,,52.4773391,-1.9153187,way,145399814
The Cresset,Theatre,,,Peterborough,PE3 8DX,"Peterborough, PE3 8DX",,,,52.5895053,-0.2838943,way,1052029434
The Croft Barn,Events venue,,Old Ross Road,Abergavenny,NP7 8RA,"Old Ross Road, Abergavenny, NP7 8RA",,https://whitecastlevineyard.com/croft-barn/,,51.8556271,-2.9020399,node,12403570677
The Crown Green Suite,Events venue,,Evesham Road,Redditch,B97 5EJ,"Evesham Road, Redditch, B97 5EJ",,http://www.thewhitehartredditch.co.uk,+44 1527 545442,52.2916264,-1.9453145,node,3476537868
The Crucible,Theatre,55,Norfolk Street,Sheffield,S1 1DA,"55 Norfolk Street, Sheffield, S1 1DA",,,,53.3810793,-1.4667742,way,175579051
The Crypt,Events venue,,Clerkenwell Close,London,EC1R 0EA,"Clerkenwell Close, London, EC1R 0EA",,https://cryptonthegreen.co.uk/,,51.523472,-0.105511,node,576994712
The Crypt,Nightclub,57,Robertson Street,Hastings,TN34 1HY,"57 Robertson Street, Hastings, TN34 1HY",,https://thecrypt.uk/,,50.8556802,0.5791883,node,9993114308
The Cuckoo Club,Nightclub,,,,,,,https://www.thecuckooclub.com/,,51.509858,-0.1379619,node,5471743323
The Curious Lounge,Conference centre,,,,,,,https://www.thecuriouslounge.co.uk/,,51.4591462,-0.9764501,node,6881273296
The Curzon Club,Nightclub,,,,,,,,,51.457429,-0.9981532,node,4860664636
The Custom House,Events venue,,Paget Road,Cardiff,CF64 1TT,"Paget Road, Cardiff, CF64 1TT",,https://www.theoldcustomhousepenarth.co.uk/,+44 2920 705 551,51.4450209,-3.1682952,way,90271482
The Cut,Theatre,9-10,New Cut,Halesworth,IP19 8BY,"9-10 New Cut, Halesworth, IP19 8BY",,https://thecut.org.uk/,,52.3461166,1.5040821,way,107297796
The Cyder Barn,Events venue,,,,,,,,,51.6838549,-2.2897519,way,865628915
The Dance Factory,Arts centre,,,,,,,,,52.3787773,-0.7229063,node,8630344048
The Dance House,Arts centre,,,,,,,,,53.2056084,-0.1145236,node,8980930712
The Dance Workshop,Arts centre,,,,,,,,,52.4485193,-1.8876778,way,312335222
The Dancehouse,Theatre,10,Oxford Road,Manchester,M1 5QA,"10 Oxford Road, Manchester, M1 5QA",,,,53.4729,-2.2398039,node,1502881831
The Darlington Arena,Stadium,,,,,,,,,54.5084481,-1.534407,way,64309512
The David Hall,Arts centre,,Roundwell Street,South Petherton,TA13 5AA,"Roundwell Street, South Petherton, TA13 5AA",,https://www.thedavidhall.com/,,50.9484745,-2.8067703,way,776888756
The Dean,Events venue,,,,,,,,,55.9543502,-3.2217611,way,224227629
The Deck,Nightclub,10-11,Bath Street,Redcar,TS10 3AF,"10-11 Bath Street, Redcar, TS10 3AF",,,,54.6187,-1.0644973,node,7196579313
The Decorium,Events venue,22,Western Road,London,N22 6UH,"22 Western Road, London, N22 6UH",,https://decorium.co.uk/,+44 20 8888 4770,51.5953337,-0.1160348,way,1030692519
The Dell,Bandstand,,,,,,,,,53.5123428,-1.1587379,way,555133190
The Dell,Theatre,,,,,,,,,54.0466719,-2.7814623,way,999986182
The Dell,Theatre,,,,,,,,,51.9490163,-0.2725901,node,2393075270
The Dell Stadium,Stadium,,,,,,,,,52.4905279,-2.1344452,way,406723289
The Den,Stadium,,Zampa Road,London,SE16 3LA,"Zampa Road, London, SE16 3LA",20146,,,51.485961,-0.0508945,way,8783648
The Depo,Nightclub,,,,,,,,,50.3696229,-4.1499599,way,241096893
The Derby Conference Centre,Conference centre,,London Road,Derby,DE24 8UX,"London Road, Derby, DE24 8UX",,https://thederbyconferencecentre.com/,+44 1332 861842,52.903984,-1.4481165,way,61587164
The Diamond Banquet Suites,Events venue,117,Upperthorpe Road,Sheffield,S6 3EA,"117 Upperthorpe Road, Sheffield, S6 3EA",,,,53.3894301,-1.485447,way,115306425
The Digby Hall,Events venue,,Hound Street,Sherborne,,"Hound Street, Sherborne",,https://sherborne-tc.gov.uk/facilities/the-digby-hall/,,50.9486355,-2.5133418,node,10816469897
The Dome,Events venue,,,,,,,,,51.40514,-0.5122695,way,60047915
The Dome,Nightclub,2A,Dartmouth Park Hill,London,N19 5QH,"2A Dartmouth Park Hill, London, N19 5QH",,https://domelondon.co.uk/,,51.5574348,-0.1386581,node,5208012486
The Dream Machine,Arts centre,257,London Road,,,257 London Road,,https://www.dreammachineproductions.org,,55.8537282,-4.2371841,node,1510440117
The Dreys,Events venue,,,,,,,,,51.3097943,0.6285175,way,1361390520
The Drill Hall,Arts centre,,Lower Church Street,Chepstow,NP16 5HJ,"Lower Church Street, Chepstow, NP16 5HJ",,https://www.drillhallchepstow.co.uk/,+44 7526 445 195,51.6442635,-2.6711523,node,11148818672
The Drum,Arts centre,144,Potters Lane,Birmingham,B6 4UU,"144 Potters Lane, Birmingham, B6 4UU",,,,52.4990756,-1.8945678,way,77068983
The Dublin Castle,Pub,94,Parkway,London,NW1 7AN,"94 Parkway, London, NW1 7AN",,,,51.5374991,-0.1456809,way,451762775
The Dubliner,Pub,,Tanner's Moat,York,YO1 6HU,"Tanner's Moat, York, YO1 6HU",,http://www.maltings.co.uk/,,53.9592795,-1.0879729,node,27422684
The Duchess Theatre,Theatre,,Westgate,Nottingham,NG10 1EF,"Westgate, Nottingham, NG10 1EF",,https://www.duchess-theatre.com/,,52.8955672,-1.2694142,node,3129182328
The Duke Box,Nightclub,,,,,,,,,52.6951537,-2.4497339,node,3634927412
The Duke of Cumberland,Pub,2,High Street,Whitstable,CT5 1BQ,"2 High Street, Whitstable, CT5 1BQ",,https://www.dukeofcumberlandhotel.co.uk/,+44 1227 280617,51.360445,1.0241386,way,967599225
The Dukes,Theatre,,Moor Lane,Lancaster,LA1 1QE,"Moor Lane, Lancaster, LA1 1QE",,https://dukeslancaster.org/,+44 1524 598500,54.0491348,-2.796986,node,2078549776
The Duke’s Hall,Theatre,,,,,,,,,51.5235048,-0.1513468,way,684622787
The Earthbeat Centre,Arts centre,,Marske Road,Saltburn-by-the-Sea,TS12 1QA,"Marske Road, Saltburn-by-the-Sea, TS12 1QA",,https://www.earthbeatcentre.co.uk/,,54.5807124,-0.9809754,way,762595807
The Eastside Rooms,Events venue,2,Woodcock Street,Birmingham,B7 4EH,"2 Woodcock Street, Birmingham, B7 4EH",,https://eastsiderooms.com,,52.4861666,-1.885117,node,13176838616
The Ecology Pavilion,Events venue,125,Grove Road,London,E3 5RP,"125 Grove Road, London, E3 5RP",,https://www.towerhamlets.gov.uk/lgnl/leisure_and_culture/parks_and_open_spaces/mile_end_park/mile_end_ecology_pavilion/the_ecology_pavilion_mile_end_park.aspx,,51.5297772,-0.039906,node,11348092215
The Edge,Arts centre,79-81,Cheapside,Birmingham,B12 0QH,"79-81 Cheapside, Birmingham, B12 0QH",,http://www.frictionarts.com/the-edge/,,52.4718096,-1.8856656,way,287980085
The Edge,Theatre,,,,,,,,,51.3784961,-2.3243576,way,325173862
The Edge,Theatre,,,,,,,,,53.5405433,-2.6424516,way,760076882
The Edge Theatre & Arts Centre,Theatre,,,,,,,,,53.4418534,-2.2827801,way,365045648
The Egg,Theatre,,St Johns Place,,BA1 1ET,"St Johns Place, BA1 1ET",,https://www.theatreroyal.org.uk/the-egg,,51.3818615,-2.3632143,way,120981274
The Electric Club,Nightclub,,Saint Mark's Road,,WV3 0QH,"Saint Mark's Road, WV3 0QH",,,,52.5841102,-2.1382597,way,294544600
The Electric Theatre,Theatre,,Falcon Street,Barnsley,S70 2EY,"Falcon Street, Barnsley, S70 2EY",,,,53.5563796,-1.4812724,way,311604888
The Elgiva,Theatre,,St Mary's Way,Chesham,HP5 1HR,"St Mary's Way, Chesham, HP5 1HR",,,,51.7080625,-0.6123215,way,76489038
The Elliot Bandstand,Bandstand,,,,,,,,,55.4188022,-2.8045415,way,645400312
The Embankment,Nightclub,,Swans Nest Lane,Stratford-upon-Avon,CV37 7LS,"Swans Nest Lane, Stratford-upon-Avon, CV37 7LS",,https://the-embankment.co.uk/,+44 1789 293692,52.1899955,-1.7017639,way,705385224
The Embassy,Nightclub,,,,,,,,,52.4767512,-1.8872922,way,73158361
The Emerald Suite,Conference centre,,,,,,,,,51.6272318,-0.1526823,node,1092776166
The Emperors Lounge,Nightclub,31,Buckingham Street,Aylesbury,HP20 2LA,"31 Buckingham Street, Aylesbury, HP20 2LA",,https://brakspear.co.uk/pub-finder/emperors-lounge/,,51.8181493,-0.8131668,way,133868290
The Empire,Music venue,,Marine Parade,Great Yarmouth,NR30 2EJ,"Marine Parade, Great Yarmouth, NR30 2EJ",,https://www.theempiregy.com/,,52.6062826,1.7361764,way,176937090
The Empire,Music venue,150,Far Gosford Street,Coventry,CV1 5DU,"150 Far Gosford Street, Coventry, CV1 5DU",,,,52.4071104,-1.4975922,way,448174539
The Empire Theatre,Theatre,,Front Street,Consett,DH8 5AB,"Front Street, Consett, DH8 5AB",,http://www.leisureworks.net/events/4/empire-theatre,+44 1207 218171,54.8516253,-1.8317471,node,1832823243
The Emporium,Nightclub,61,Belvoir Road,Coalville,LE67 3PD,"61 Belvoir Road, Coalville, LE67 3PD",,,,52.7234577,-1.3738062,way,368451908
The Enclosed Ground,Stadium,,,Brighton,BN2 5TS,"Brighton, BN2 5TS",,,,50.8214232,-0.0962621,way,4564533
The Engine Shed,Nightclub,,,,,,,,,53.2272875,-0.5455222,node,7810140829
The Engine Works,Events venue,,,,,,,https://www.theengine.works,+44 141 945 3180,55.8915372,-4.2896998,node,9892192910
The Environcom Stadium (Harrowby United FC),Stadium,,Dickens Road,Grantham,NG31 9QY,"Dickens Road, Grantham, NG31 9QY",,,,52.9209833,-0.6144418,way,319787103
The Eric Morecambe Centre,Theatre,,,Harpenden,AL5 2FR,"Harpenden, AL5 2FR",,https://the-emc.co.uk,,51.8128985,-0.35647,way,167167237
The Events Barn,Events venue,,,,,,,,,50.6798505,-1.468944,node,13094737190
The Evron Centre Theatre,Theatre,,John Street,Filey,,"John Street, Filey",,,,54.2087109,-0.2868901,way,179977117
The Excellency,Events venue,8,Carlton Street,Bolton,BL2 1BT,"8 Carlton Street, Bolton, BL2 1BT",,https://www.boltonexcellency.co.uk/,,53.5762923,-2.4238947,node,5570575306
The Exchange,Theatre,75,London Road,Twickenham,TW1 1BE,"75 London Road, Twickenham, TW1 1BE",,,,51.4500236,-0.3313574,way,577775183
The Exchange,Nightclub,19,King Street,Luton,LU1 2DW,"19 King Street, Luton, LU1 2DW",,,,51.8785691,-0.4170567,node,7177932564
The Factory,Arts centre,,Aynam Road,Kendal,,"Aynam Road, Kendal",,,,54.3259796,-2.743257,way,563122757
The Falcon,Pub,94,Micklegate,York,YO1 6JX,"94 Micklegate, York, YO1 6JX",,,,53.9569008,-1.0894894,node,27497684
The Falcon Fire Stadium,Stadium,,Andrew Street,Oldham,OL9 0JT,"Andrew Street, Oldham, OL9 0JT",,https://www.chaddertonfc.co.uk/,,53.5475133,-2.1438024,way,1331108200
The Famous Cocktail Bar,Nightclub,259,Upper Street,London,N1 1RU,"259 Upper Street, London, N1 1RU",,https://www.barsandvenues.co.uk/jamandryeislington,,51.5460046,-0.1033857,node,331880921
The Farmhouse,Events venue,,,,,,,,,51.5529326,0.1743241,way,440416976
The Fenland Stadium,Stadium,,,,,,,,,52.6789161,0.1793156,way,218975465
The Ferret,Pub,55,Fylde Road,Preston,PR1 2XQ,"55 Fylde Road, Preston, PR1 2XQ",,https://theferret.live/,,53.7639494,-2.7096514,way,101318338
The Fickle Pickle Club,Nightclub,,Milton Road,Westcliff-on-Sea,SS0 7JP,"Milton Road, Westcliff-on-Sea, SS0 7JP",,https://www.ficklepickleclub.com/,,51.5396262,0.7007663,node,6603687754
The Fiddler's Elbow,Pub,1,Malden Road,London,NW5 3HS,"1 Malden Road, London, NW5 3HS",,https://www.thefiddlerselbow.co.uk/,,51.546085,-0.1510734,way,929791965
The Finkle,Nightclub,10,Finkle Street,Selby,,"10 Finkle Street, Selby",,,,53.7843529,-1.0690698,way,300353233
The Fire Station,Events venue,,,,,,,,,54.9067687,-1.3885205,way,1153282436
The Fire Station Centre For Arts And Culture,Theatre,,St Leonard's Road,Windsor,SL4 3BH,"St Leonard's Road, Windsor, SL4 3BH",,,,51.477134,-0.6134145,way,223206486
The Firs Members Club,Nightclub,,,,,,,,,52.5009312,-1.8015854,way,162997583
The Fisher Theatre,Theatre,10A,Broad Street,Bungay,NR35 1EE,"10A Broad Street, Bungay, NR35 1EE",,,,52.4567673,1.437042,node,2073884514
The Flag,Nightclub,,,,,,,,,52.1945961,-2.2170018,node,12374670987
The Flavel,Arts centre,,,Dartmouth,TQ6 9ND,"Dartmouth, TQ6 9ND",,,,50.3519937,-3.5792217,way,515334207
The Flint Room,Events venue,,Ber Street,Norwich,NR1 3HB,"Ber Street, Norwich, NR1 3HB",,https://www.theflintroom.co.uk/,,52.6216454,1.2999871,way,103089209
The Flowerpot,Pub,19-25,King Street,Derby,DE1 3DZ,"19-25 King Street, Derby, DE1 3DZ",,https://www.flowerpotderby.com/,+44 1332 204955,52.9261641,-1.4795535,way,214849045
The Folklore Centre,Arts centre,65-67,Halifax Road,Todmorden,OL14 5BB,"65-67 Halifax Road, Todmorden, OL14 5BB",,https://www.folkloremythmagic.com/,,53.7142072,-2.0929867,node,11793305314
The Forge,Music venue,3-7,Delancey Street,London,NW1 7NL,"3-7 Delancey Street, London, NW1 7NL",,https://theforgecamden.co.uk/,,51.5369887,-0.1415347,node,390928054
The Forge Gallery,Arts centre,,,,,,,,,51.1605334,-0.3960003,node,527962864
The Fork and Tune,Pub,,Newport Road,Newport,NP11 7ND,"Newport Road, Newport, NP11 7ND",,https://www.theforkandtune.com/,,51.6360451,-3.1299146,node,12277330019
The Form Rooms,Conference centre,22,Tower Street,London,WC2H 9NS,"22 Tower Street, London, WC2H 9NS",,https://formrooms.co.uk/,,51.5133233,-0.1277785,node,12269044959
The Fort Theatre,Theatre,,Kenmure Avenue,"Bishopbriggs, Glasgow",G64 2DW,"Kenmure Avenue, Bishopbriggs, Glasgow, G64 2DW",,https://www.theforttheatre.co.uk/,,55.9055284,-4.2316459,way,331875162
The Forum,Arts centre,,,,TN4 8YU,TN4 8YU,,https://www.twforum.co.uk/,,51.1271177,0.2583779,way,162961785
The Forum,Theatre,,,,,,,http://www.nktheatrearts.org.uk/,,53.4138736,-2.0864383,way,239255115
The Forum Music Centre,Music venue,,Borough Road,Darlington,DL1 1SG,"Borough Road, Darlington, DL1 1SG",,https://theforumonline.co.uk/,,54.5260561,-1.5481157,node,3874479799
The Forum Theatre,Theatre,,Queensway,Billingham,TS23 2LJ,"Queensway, Billingham, TS23 2LJ",,,,54.6068576,-1.2889453,node,5832168177
The Foundry,Conference centre,17,Oval Way,London,SE11 5RR,"17 Oval Way, London, SE11 5RR",,http://www.aplaceforchange.co.uk/,,51.4859303,-0.1165212,node,4250845435
The Foundry,Nightclub,,Western Bank,Sheffield,S10 2TG,"Western Bank, Sheffield, S10 2TG",,https://foundrysu.com/,,53.38056,-1.48747,node,8755032262
The Fox & Firkin,Pub,316,Lewisham High Street,London,SE13 6JZ,"316 Lewisham High Street, London, SE13 6JZ",,https://foxfirkin.com/,,51.456851,-0.0142378,node,2652399072
The Foxy,Nightclub,,,,,,,,,52.5612601,-2.0609394,way,407982080
The Foyer,Nightclub,,,,,,,,,53.0107122,-2.2257437,way,1303294696
The Fraser Centre,Arts centre,3a,Winton Place,Tranent,EH33 1AF,"3a Winton Place, Tranent, EH33 1AF",,https://www.thefrasercentre.com/,+44 1875 617444,55.9447422,-2.9527339,way,863342049
The Friends Experience,Events venue,,,,,,,,,51.5070911,0.027971,node,13196439621
The Front Room,Theatre,37-39,St George's Walk,Croydon,CR0 1YL,"37-39 St George's Walk, Croydon, CR0 1YL",,https://www.frontroom.space/,,51.3731874,-0.0980063,node,2106381784
The Fulford Arms,Pub,121,Fulford Road,York,YO10 4EX,"121 Fulford Road, York, YO10 4EX",,,,53.9471682,-1.0736763,way,126855749
The Fullarton,Theatre,,,,,,,,,54.937066,-3.9309013,way,126440206
The Function Room,Events venue,,,,,,,,,53.5509205,-1.4845589,way,311564122
The Function Room,Events venue,,,,,,,,,51.6088041,0.0001756,way,919214266
The Gables,Events venue,,Kershaw Street,Oldham,OL2 7AJ,"Kershaw Street, Oldham, OL2 7AJ",,,,53.5782203,-2.0962783,node,10724715331
The Gallery,Nightclub,54,High Street,Bridgwater,TA6 3BN,"54 High Street, Bridgwater, TA6 3BN",,,+44 1278 447173,51.1280171,-3.0071869,way,132976237
The Gallery,Events venue,43-45,High Road,Nottingham,NG9 4AJ,"43-45 High Road, Nottingham, NG9 4AJ",,,,52.9216758,-1.2218822,way,154244299
The Gallery,Nightclub,,,,,,,,,53.4945325,-2.5191974,way,1000914414
The Gallery,Arts centre,,,,,,,,,51.2635864,-0.1518836,node,1606334921
The Garage,Events venue,63,High Road,Nottingham,NG9 4AJ,"63 High Road, Nottingham, NG9 4AJ",,,,52.9210186,-1.2225322,way,219965425
The Garage,Nightclub,490,Sauchiehall Street,Glasgow,G2 3LW,"490 Sauchiehall Street, Glasgow, G2 3LW",,,,55.8661693,-4.2688003,node,280211892
The Garage,Nightclub,12,Highbury Corner,London,N5 1RA,"12 Highbury Corner, London, N5 1RA",,https://www.thegarage.london/,+44 20 7619 6720,51.5467543,-0.1039603,node,360043073
The Garage,Theatre,,Chapelfield North,Norwich,,"Chapelfield North, Norwich",,https://www.thegarage.org.uk/,,52.6281559,1.28867,node,7156438312
The Gate,Arts centre,,,Cardiff,CF24 3JW,"Cardiff, CF24 3JW",,https://www.thegate.org.uk/,,51.4914109,-3.1686221,way,108361836
The Gather,Events venue,,,,,,,,,55.8606842,-5.4265487,node,13116887254
The George Tavern,Pub,373,Commercial Road,London,E1 0LA,"373 Commercial Road, London, E1 0LA",,https://thegeorgetavern.london/,+44 20 7790 7335,51.514343,-0.0530176,way,195649317
The Georgian Theatre,Theatre,,Green Dragon Yard,Stockton-on-Tees,TS18 1AT,"Green Dragon Yard, Stockton-on-Tees, TS18 1AT",,,,54.5645202,-1.3118893,node,752956824
The Get Creative Building,Arts centre,,,,,,,,,50.2628346,-5.0553027,node,9785302271
The Gillygate,Pub,48,Gillygate,York,YO31 7EQ,"48 Gillygate, York, YO31 7EQ",,,,53.9640698,-1.0838957,node,800192836
The Ginger Cow Company,Events venue,,,York,YO42 4LQ,"York, YO42 4LQ",,https://www.thegingercowcompany.co.uk/,,53.8845108,-0.7574557,way,332469755
The Glade,Events venue,,,,,,,https://thewoodland.co/the-glade/,,50.4539664,-3.7117055,node,13002356444
The Glass House,Events venue,,,,,,,https://www.hackneyvenues.com/the-glass-house,,51.569408,-0.0603924,way,1351195200
The Glasshouse,Arts centre,,Saint Mary's Square,Gateshead,NE8 2JR,"Saint Mary's Square, Gateshead, NE8 2JR",,https://theglasshouseicm.org/,+44 191 443 4661,54.9676841,-1.6020622,way,36971484
The Glasshouse,Nightclub,,Botchergate,Carlisle,,"Botchergate, Carlisle",,,,54.8908402,-2.9304045,way,339754853
The Glee Club,Theatre,,Renfrew Street,Glasgow,,"Renfrew Street, Glasgow",,https://www.glee.co.uk/glasgow/,,55.865059,-4.2545869,node,1600366854
The Globe,Arts centre,,,,,,,https://www.theglobeathay.org/,,52.0764128,-3.1250114,way,187036804
The Globe,Nightclub,103,Talbot Road,,,103 Talbot Road,,https://www.theglobeclub.com/home,+44 20 7221 2689,51.5166639,-0.2004924,node,7194787125
The Globe,Events venue,125,Albany Road,Cardiff,CF24 3NS,"125 Albany Road, Cardiff, CF24 3NS",,http://globecardiffmusic.com,,51.4943478,-3.1653068,node,8926451891
The Glove That Fits,Nightclub,179,Morning Lane,London,E9 6LH,"179 Morning Lane, London, E9 6LH",,,,51.5469219,-0.0479927,way,603966829
The Glyn Beverly Stand,Stadium,,,,,,,,,51.3894179,0.0210371,way,1134166328
The Golden Eagle,Pub,55,Agard Street,Derby,DE1 1DZ,"55 Agard Street, Derby, DE1 1DZ",,,+44 1332 230600,52.9253152,-1.4865172,way,58985088
The Goldsmid Hall,Events venue,,,,,,,https://goldsmidhall.org/,,51.18611,0.3129587,way,1464365415
The Goods Shed,Arts centre,,,,,,,,,51.7437825,-2.2175467,way,513739271
The Grace,Nightclub,20-22,Highbury Corner,London,N5 1RD,"20-22 Highbury Corner, London, N5 1RD",,https://www.thegrace.london/,,51.5467866,-0.1040111,node,12240961536
The Grafham Room,Events venue,,,,,,,,,51.1675927,-0.5380835,way,1103537451
The Granaries,Nightclub,6,Overtons Yard,Croydon,CR0 1SL,"6 Overtons Yard, Croydon, CR0 1SL",,,,51.372733,-0.1023232,way,198354802
The Granary Courtyard,Events venue,,,,,,,https://www.thegranarycourtyard.com/,,52.6870276,-2.9416412,way,770907458
The Grand,Theatre,18,York Street,Clitheroe,BB7 2DL,"18 York Street, Clitheroe, BB7 2DL",,https://www.thegrandvenue.co.uk/,+44 1200 421599,53.8735358,-2.3888083,way,341220487
The Grand Theatre and Opera House Leeds,Theatre,46,New Briggate,Leeds,LS1 6NU,"46 New Briggate, Leeds, LS1 6NU",,https://www.leedsgrandtheatre.com/,,53.7997845,-1.5409168,relation,2747160
The Grand Venue,Events venue,,Featherstall Road North,Oldham,OL9 6AZ,"Featherstall Road North, Oldham, OL9 6AZ",,,,53.5443156,-2.1277905,node,12194471592
The Grange,Events venue,,Vicarage Lane,,,Vicarage Lane,,,,52.9462044,-1.040125,way,216711566
The Grange Playhouse,Theatre,,,,,,,,,52.5824472,-1.9588806,way,296740711
The Grange Theatre,Theatre,,Bradburns Lane,"Hartford, Northwich",CW8 1LU,"Bradburns Lane, Hartford, Northwich, CW8 1LU",,https://www.thegrangetheatre.com/,,53.2473533,-2.5430362,node,3322851085
The Great Atlantic Gallery,Arts centre,,,,,,,,,50.124988,-5.6806536,way,297464551
The Great Hall,Events venue,,,,,,,,,54.5842906,-5.9351863,node,13316506668
The Great Stage,Events venue,,,,,,,,,52.3827291,-0.1757881,node,11060616992
The Green Room,Events venue,1,Mentmore Terrace,London,,"1 Mentmore Terrace, London",,,,51.5405081,-0.0572816,way,443270480
The Green Room,Arts centre,,River Road,King's Lynn,PE32 1UA,"River Road, King's Lynn, PE32 1UA",,thegreenroom-westacre.art,,52.7041759,0.633895,way,1252494548
The Grove,Stadium,,Old Hawne Lane,Halesowen,B63 3TB,"Old Hawne Lane, Halesowen, B63 3TB",,,,52.4538818,-2.057641,way,368932746
The Grove,Nightclub,1,St Michael's Rd,Newcastle upon Tyne,NE6 1QU,"1 St Michael's Rd, Newcastle upon Tyne, NE6 1QU",,https://www.thegrovenewcastle.co.uk/,,54.9726722,-1.5839826,node,12645056589
The Grove Venue,Events venue,,Higher Audley Street,Blackburn,BB1 1DH,"Higher Audley Street, Blackburn, BB1 1DH",,https://thegrovevenue.co.uk/,,53.7441567,-2.4740611,way,551032100
The Guildhall,Events venue,,Guildhall Street,Bury St Edmunds,IP33 1PR,"Guildhall Street, Bury St Edmunds, IP33 1PR",,https://burystedmundsguildhall.org.uk/,,52.2435887,0.7123021,way,1010991580
The Habit,Pub,40,Goodramgate,York,YO1 7LF,"40 Goodramgate, York, YO1 7LF",,,,53.9615902,-1.0799114,node,3178028401
The Hairy Dog Venue,Music venue,1,Becket Street,Derby,DE1 1HT,"1 Becket Street, Derby, DE1 1HT",,https://www.hairydogvenue.co.uk/,+44 7452 828160,52.9222977,-1.4809059,way,116100232
The Hall,Arts centre,,StepcoteHill,Exeter,EX1 1BD,"StepcoteHill, Exeter, EX1 1BD",,https://thehallexeter.org/,,50.720006,-3.5346219,node,12895210967
The Halliwell Jones Stadium,Stadium,,Mike Gregory Way,Warrington,WA2 7NE,"Mike Gregory Way, Warrington, WA2 7NE",,,,53.3950148,-2.5955264,way,556255737
The Hambleton Forum,Theatre,,,Northallerton,DL6 1LP,"Northallerton, DL6 1LP",,,,54.3409418,-1.4306,way,53348823
The Hanbury,Nightclub,83,St Georges Road,,BN2 1EF,"83 St Georges Road, BN2 1EF",,,,50.8177788,-0.1189007,way,234321326
The Hangar,Events venue,,Pearson Street,Wolverhampton,WV2 4HP,"Pearson Street, Wolverhampton, WV2 4HP",,https://www.hangarvenues.co.uk/,,52.5771913,-2.1288448,node,10075928930
The Harbourside Pavilion,Events venue,1,Hannover Quay,Bristol,BS1 5JE,"1 Hannover Quay, Bristol, BS1 5JE",,https://www.bristol.gov.uk/the-harbourside-pavilion,,51.4481498,-2.6017517,node,13140992987
The Harnhill Centre of Christian Healing,Events venue,,,Harnhill,GL7 5PX,"Harnhill, GL7 5PX",,https://www.harnhillcentre.org.uk/,+44 1285 850283,51.7025352,-1.9002359,node,12874545100
The Harry Williams Riverside Stadium,Stadium,,,,,,,,,53.6448391,-2.3133828,way,135988603
The Hatch Club,Nightclub,23,Lewisham Way,London,SE14 6PP,"23 Lewisham Way, London, SE14 6PP",,https://www.thehatchclub.co.uk/,+44 20 8692 9854,51.4752197,-0.0351997,node,1686457367
The Hatchery,Events venue,,,,,,,,,51.7610778,-1.8358263,way,140790436
The Haven,Arts centre,,,,,,,,,52.975617,-0.0230268,node,976945436
The Hawth,Theatre,,Hawth Avenue,Crawley,RH10 6YZ,"Hawth Avenue, Crawley, RH10 6YZ",,https://www.parkwoodtheatres.co.uk/The-Hawth,,51.1114206,-0.1747096,relation,2610641
The Hawthorns,Stadium,,,West Bromwich,B71 4LF,"West Bromwich, B71 4LF",26272,,,52.5091079,-1.9636708,way,26986235
The Hayloft,Events venue,,,,,,,,,53.3128809,-1.9578119,way,231748707
The Haymarket,Theatre,,,,,,,https://www.anvilarts.org.uk/,,51.2630614,-1.0870812,way,539694227
The Head of Steam,Pub,12,Mill Hill,Leeds,LS1 5DQ,"12 Mill Hill, Leeds, LS1 5DQ",,https://www.theheadofsteam.co.uk/bars/leeds-city-centre,,53.7953226,-1.5458167,node,30822840
The Headgate Theatre,Theatre,12-14,Chapel Street North,Colchester,CO2 7AT,"12-14 Chapel Street North, Colchester, CO2 7AT",,https://headgatetheatre.co.uk/,,51.8870287,0.8968877,way,470280855
The Hellenic Centre,Arts centre,16-18,Paddington Street,London,W1U 5AS,"16-18 Paddington Street, London, W1U 5AS",,https://helleniccentre.org/,,51.5208946,-0.1535912,way,467952934
The Henrician,Theatre,,Victoria Avenue,Evesham,WR11 4QH,"Victoria Avenue, Evesham, WR11 4QH",,https://www.henrician.org,,52.0991276,-1.9408925,way,221312408
The Henry Moore Foundation,Arts centre,,,,,,,,,51.8371066,0.0850737,node,700840889
The Hexagon,Theatre,,Queens Walk,Reading,RG1 7UA,"Queens Walk, Reading, RG1 7UA",,https://www.readingarts.com/thehexagon/,,51.4538784,-0.9778475,way,41424282
The Hi-Bay,Conference centre,,,,,,,,,53.9912494,-1.0498592,way,548165383
The Hide,Events venue,30,Scotland Street,Sheffield,S3 7AA,"30 Scotland Street, Sheffield, S3 7AA",,,,53.3852427,-1.4726633,node,11876044015
The Hideaway,Theatre,2,Empire Mews,London,SW16 2BF,"2 Empire Mews, London, SW16 2BF",,,,51.4266863,-0.1304202,node,1726901175
The Hideout,Restaurant,,,,,,,https://www.thehideoutscarborough.co.uk/,+44 1723 372842,54.288904,-0.4079708,way,718046090
The HiFi Club,Nightclub,2,Central Road,Leeds,LS1 6DE,"2 Central Road, Leeds, LS1 6DE",,https://thehificlub.co.uk/,+44 113 242 7353,53.7961276,-1.5412804,node,2145331151
The Hive,Nightclub,,Grand Parade,Skegness,PE25 2UN,"Grand Parade, Skegness, PE25 2UN",,https://www.thehiveskegness.co.uk/,,53.1425528,0.3437436,node,13898365623
The Hive Music & Media Centre,Arts centre,5,Belmont,Shrewsbury,SY1 1TE,"5 Belmont, Shrewsbury, SY1 1TE",,https://www.hiveonline.org.uk/,,52.7060746,-2.7531765,node,257901480
The Hive Stadium,Stadium,,,,,,,,,51.6026331,-0.2917008,way,508227304
The Hole In The Wall,Pub,10,High Petergate,York,YO1 7EH,"10 High Petergate, York, YO1 7EH",,https://www.holeinthewallyork.co.uk/,+44 1904 634468,53.9625609,-1.0846506,node,27422751
The Holloway,Music venue,2,Saint Lawrence Steps,Norwich,NR2 4PE,"2 Saint Lawrence Steps, Norwich, NR2 4PE",,https://thehollowaynorwich.com/,,52.6309884,1.2904837,node,13691684203
The Holroyd Community Theatre,Theatre,,,Weston Rhyn,SY10 7SZ,"Weston Rhyn, SY10 7SZ",,https://www.theholroyd.com,,52.9146992,-3.0479837,way,769651566
The Hop,Pub,11-12,Fossgate,York,YO1 9TA,"11-12 Fossgate, York, YO1 9TA",,http://www.thehopyork.co.uk/,,53.9586925,-1.0788484,node,2564253112
The Hop Monkey at the Whitehall,Pub,,Leeds Road,Halifax,HX3 8NA,"Leeds Road, Halifax, HX3 8NA",,,,53.7256129,-1.8123752,node,361214605
The Hope and Ruin,Pub,11-12,Queen's Road,Brighton,BN1 3WA,"11-12 Queen's Road, Brighton, BN1 3WA",,https://www.hope.pub/,,50.8248036,-0.1431328,way,166601667
The Horizon Theatre,Theatre,,,,,,,,,53.550591,-1.5044585,way,1436946752
The Horse Hospital,Arts centre,,Colonnade,London,WC1N 1JD,"Colonnade, London, WC1N 1JD",,https://www.thehorsehospital.com/,+44 20 7833 3644,51.5227717,-0.124366,way,804410349
The Horsebridge,Arts centre,11,Horsebridge Road,Whitstable,CT5 1AF,"11 Horsebridge Road, Whitstable, CT5 1AF",,https://thehorsebridge.org.uk/,,51.3606778,1.0235357,way,967609841
The Horsfall,Arts centre,89-91,Great Ancoats Street,Manchester,M4 5AG,"89-91 Great Ancoats Street, Manchester, M4 5AG",,https://www.42ndstreet.org.uk/about-us/the-horsfall/,,53.4831831,-2.229509,node,7997455502
The Horton,Arts centre,,Haven Way,Epsom,KT19 8NP,"Haven Way, Epsom, KT19 8NP",,https://thehortonepsom.org/,+44 1372 747662,51.3447877,-0.2838701,way,248723761
The Hospitium,Events venue,,,York,YO30 7DR,"York, YO30 7DR",,https://www.yorkvenues.org.uk/our-venues/the-hospitium/,,53.9612559,-1.0894587,way,56076917
The Hough End Centre,Events venue,,,,,,,https://www.gmpsportsclub.com/,,53.437225,-2.2558666,way,296746385
The House of Styling,Events venue,,Gouldings Farm,Ringwood,BH24 3PA,"Gouldings Farm, Ringwood, BH24 3PA",,https://www.thehouseofstyling.co.uk,+44 7712 672275,50.8561161,-1.7885205,node,11228879023
The Hub,Theatre,348-350,Castlehill,Edinburgh,EH1 2NE,"348-350 Castlehill, Edinburgh, EH1 2NE",,,,55.9487821,-3.195091,way,42997989
The Hub,Arts centre,,,,,,,,,52.9986978,-0.4073519,node,1514493601
The Hub,Nightclub,,,,,,,,,50.8200191,-0.1425163,node,8554174734
The Hub Lecture Theatre,Theatre,,,,,,,,,52.0251939,-0.71096,way,45895287
The Huntsman,Pub,136,Manchester Road,Sheffield,S36 9QW,"136 Manchester Road, Sheffield, S36 9QW",,http://huntsmanthurlstone.co.uk,,53.5267123,-1.6547909,way,276781595
The Ice Factory,Nightclub,,,,,,,,,56.3877677,-3.4268734,node,6919042065
The Imperial Hall,Events venue,,Hamilton Terrace,Milford Haven,SA73 3JN,"Hamilton Terrace, Milford Haven, SA73 3JN",,https://www.theimperialhall.co.uk,,51.7114696,-5.0309812,node,8903920910
The Imperial Venue,Events venue,290,West Green Road,London,N15 3QR,"290 West Green Road, London, N15 3QR",,https://imperial-banqueting.co.uk,+44 20 3490 3453,51.5863714,-0.0903687,node,11945115780
The Inkwell,Events venue,,Francis Place,Elgin,IV30 1LQ,"Francis Place, Elgin, IV30 1LQ",,,+44 1343 548300,57.647366,-3.3132786,node,2505944465
The Institute,Events venue,,,,,,,,,52.0167596,-1.3098774,way,309192022
The International,Events venue,,Garden Street,Leicester,LE1 3UA,"Garden Street, Leicester, LE1 3UA",,https://www.the-international.co.uk/,,52.6400975,-1.131959,node,13573039148
The Inverness Darkroom,Arts centre,,,,,,,https://www.theinvernessdarkroom.org.uk/,,57.4777814,-4.2179718,node,13197905026
The Iona Gallery,Arts centre,,,,,,,,,57.0799458,-4.0475483,way,576697377
The Irish,Nightclub,2-4,Wilford Street,Nottingham,NG2 1AA,"2-4 Wilford Street, Nottingham, NG2 1AA",,,,52.9481239,-1.1515903,node,206127596
The Irish Centre,Nightclub,,York Road,Leeds,LS9 9NT,"York Road, Leeds, LS9 9NT",,,,53.7971258,-1.515673,way,240007976
The Jago Dalston,Events venue,440,Kingsland Road,London,E8 4AA,"440 Kingsland Road, London, E8 4AA",,https://www.thejagodalston.com/,+44 20 7683 0438,51.5423043,-0.0755472,way,411359431
The Jakemans Community Stadium,Stadium,,,,,,,,,52.9562217,-0.028707,way,795936880
The Jam House,Nightclub,3;4;5,Saint Paul's Square,Birmingham,B3 1QU,"3;4;5 Saint Paul's Square, Birmingham, B3 1QU",,,,52.4849674,-1.9046937,way,97572297
The Jam Jar,Events venue,,Little Ann Street,Bristol,BS2 9EB,"Little Ann Street, Bristol, BS2 9EB",,https://www.thejamjarbristol.com/,,51.4595685,-2.5782863,node,13136156554
The Jazz Cafe,Nightclub,5,Parkway,London,NW1 7PG,"5 Parkway, London, NW1 7PG",,,,51.5386017,-0.1430349,way,232387704
The Jelly,Arts centre,,,,,,,,,51.4549976,-0.9769268,node,5818162181
The Jerry Kerr Stand,Stadium,,,,,,,,,56.4741796,-2.9687844,way,193218102
The Jim McLean Fair Play Stand,Stadium,,,,,,,,,56.4744413,-2.9697005,way,193218103
The John Peel Theatre,Theatre,,Station Road,Wigton,CA7 9BA,"Station Road, Wigton, CA7 9BA",,https://www.wigtontheatre.org/,,54.8262265,-3.1606456,node,6698148010
The Joinery,Arts centre,,,Settle,BD24 9ED,"Settle, BD24 9ED",,https://www.settlestories.org.uk/visit/the-joinery/,,54.0688449,-2.277699,node,11048264425
The Kenton Theatre,Theatre,19,New Street,Henley-on-Thames,RG9 2BP,"19 New Street, Henley-on-Thames, RG9 2BP",,,,51.5394421,-0.903345,node,424202464
The Key Club,Nightclub,66,Merrion Street,,,66 Merrion Street,,https://thekeyclubleeds.com,,53.8009924,-1.5435304,node,3817114481
The Key Learning Centre,Exhibition centre,,,,,,,,,51.7518523,-1.2633199,node,13687230435
The Keys Nightclub,Nightclub,65,High Street,Yarm,TS15 9BH,"65 High Street, Yarm, TS15 9BH",,http://www.fatsoma.com/the-keys-yarm,+44 1642 782534,54.508905,-1.3546312,way,1433584573
The King's Centre,Events venue,,Osney Mead,,OX2 0ES,"Osney Mead, OX2 0ES",,https://kingscentre.co.uk/,+44 1865 297400,51.7482507,-1.2726331,node,12806453895
The King's Inn,Pub,15,Shambles,York,YO1 7LZ,"15 Shambles, York, YO1 7LZ",,,,53.9593425,-1.0799926,node,5700634764
The King's Theatre,Theatre,335,Bath Street,Glasgow,G2 4JR,"335 Bath Street, Glasgow, G2 4JR",,https://www.atgtickets.com/venues/kings-theatre-glasgow/,,55.8650366,-4.2687222,way,58706024
The Kings,Nightclub,,,,,,,,,50.1532794,-5.0679597,way,1000600762
The Kirkgate Centre,Theatre,,Kirkgate,Cockermouth,CA13 9PJ,"Kirkgate, Cockermouth, CA13 9PJ",,https://kirkgateartsandheritage.org.uk/,+44 1900 826448,54.6635945,-3.3591411,way,295800025
The Kitchen Counter,Events venue,290,Milkwood Road,London,SE24 0EZ,"290 Milkwood Road, London, SE24 0EZ",,,,51.4530058,-0.1015385,node,12338745230
The Knights,Nightclub,,,,,,,,,54.2110376,-3.2644512,way,316474585
The Kremlin,Nightclub,96,Donegall Street,Belfast,BT1 2GW,"96 Donegall Street, Belfast, BT1 2GW",,https://www.kremlin-belfast.com/,,54.6038956,-5.9308422,node,4513738301
The Laing Hall,Arts centre,,,,,,,,,57.587167,-3.8667774,way,364013048
The Laithwaite Community Stadium,Stadium,,,Woking,GU22 9AA,"Woking, GU22 9AA",6036,,,51.3062522,-0.5589014,way,24630340
The Lantern,Theatre,,Colston Street,Bristol,BS1 5AR,"Colston Street, Bristol, BS1 5AR",,,,51.4544822,-2.5985147,node,4818901875
The Lantern Theatre,Theatre,57,Blundell Street,Liverpool,L1 0AJ,"57 Blundell Street, Liverpool, L1 0AJ",,https://www.lanterntheatreliverpool.co.uk/,,53.3967428,-2.9835845,way,1105936234
The Last Days of Pompeii,Events venue,,,,,,,,,51.5071229,0.0266182,node,13286323823
The Late Bar,Nightclub,2,Abbey Road,Bourne,PE10 9EF,"2 Abbey Road, Bourne, PE10 9EF",,,,52.7678047,-0.3769134,node,4627608235
The Laurels,Nightclub,100,Windmill Hill,Cradley,B63 2BY,"100 Windmill Hill, Cradley, B63 2BY",,,,52.4592236,-2.0844441,way,73402614
The Lawnmowers Independent Theatre Company,Arts centre,,Shields Road,Gateshead,NE10 0QD,"Shields Road, Gateshead, NE10 0QD",,https://lawnmowerstheatre.com/,+44 191 478 9200,54.9525505,-1.5492306,way,438844777
The Lawrence Batley Theatre,Theatre,,Queen Street,Huddersfield,,"Queen Street, Huddersfield",,,,53.6451227,-1.7800012,way,1063676417
The Leatherhead Theatre,Theatre,,,,,,,,,51.2948233,-0.3289213,node,258940580
The Lemon Tree,Theatre,5,West North Street,Aberdeen,AB24 5AT,"5 West North Street, Aberdeen, AB24 5AT",,http://www.boxofficeaberdeen.com/index.asp?VenueID=281,+44 1224 641122,57.1497975,-2.0950295,way,731924855
The Leopard,Pub,2,West Street,Doncaster,DN1 3AA,"2 West Street, Doncaster, DN1 3AA",,https://leopard-doncaster.co.uk/,,53.5206486,-1.1376744,way,523711859
The Level,Nightclub,,Shakespeare Street,Nottingham,NG1 4GH,"Shakespeare Street, Nottingham, NG1 4GH",,https://www.trentstudents.org/top-navigation/venues/the-level,,52.9583121,-1.1544757,node,4042801182
The Lexington,Pub,96-98,Pentonville Road,London,N1 9JB,"96-98 Pentonville Road, London, N1 9JB",,https://thelexington.co.uk/,+44 20 7837 5371,51.5317672,-0.111458,way,119476480
The Library,Pub,229,Woodhouse Lane,Leeds,LS2 3AP,"229 Woodhouse Lane, Leeds, LS2 3AP",,https://www.crafted-social.co.uk/library-leeds,,53.8107875,-1.55687,way,168476796
The Library,Pub,182,Cowley Road,,OX4 1UE,"182 Cowley Road, OX4 1UE",,https://thelibrarypuboxford.com/,,51.7470562,-1.2349277,node,175707015
The Lighthouse,Arts centre,11,Mitchell Lane,Glasgow,G1 3NU,"11 Mitchell Lane, Glasgow, G1 3NU",,https://www.thelighthouse.co.uk/,,55.8596422,-4.2554527,way,116391589
The Lighthouse,Theatre,,,,,,,,,50.718607,-1.977568,way,123585871
The Lighthouse Media Centre,Arts centre,,,,,,,,,52.5875809,-2.1232101,way,140385466
The Lights,Theatre,,,,,,,,,51.210525,-1.4826488,way,239069586
The Limelight,Nightclub,17A,Ormeau Avenue,Belfast,BT2 8HD,"17A Ormeau Avenue, Belfast, BT2 8HD",,https://www.limelightbelfast.com/,,54.5928635,-5.9285433,way,256651844
The Limelight Studio,Theatre,,,Dunfermline,KY12 9BQ,"Dunfermline, KY12 9BQ",,,,56.0827132,-3.4858289,way,699604684
The Link Centre,Conference centre,140,Union Street,Oldham,OL1 1DZ,"140 Union Street, Oldham, OL1 1DZ",,,,53.5412963,-2.106324,node,10050834088
The Lion Inn,Pub,,,York,YO62 7LQ,"York, YO62 7LQ",,http://www.lionblakey.co.uk/,+44 1751 417320,54.3883909,-0.9558738,node,3728094868
The Lion Theatre,Theatre,,,,,,,,,53.2093195,-0.1149971,node,3660640335
The Liquid Room,Nightclub,9C,Victoria Street,Edinburgh,EH1 2HE,"9C Victoria Street, Edinburgh, EH1 2HE",,https://www.liquidroom.com/,,55.9485211,-3.1937338,node,3007617849
The Little Theatre,Theatre,,,,,,,,,57.5872592,-3.8678025,way,117091924
The Little Theatre,Theatre,,,,,,,,,51.208302,-2.6521439,node,246199228
The Little Theatre,Theatre,,Vale Road,Rhyl,LL18 2BS,"Vale Road, Rhyl, LL18 2BS",,https://www.rhyllittletheatre.co.uk/,+44 1745 342229,53.3182283,-3.4853184,way,280923864
The Little Theatre,Theatre,,Wellington Road,Telford,TF2 8AW,"Wellington Road, Telford, TF2 8AW",,,,52.7224392,-2.4362163,way,522730100
The Little Theatre,Theatre,58,Victoria Road,Dundee,DD1 2NU,"58 Victoria Road, Dundee, DD1 2NU",,http://dundeeds.co.uk/,,56.465408,-2.9698927,way,561554778
The Little Theatre,Theatre,6,Christchurch Place,Hertford,SG14 3BB,"6 Christchurch Place, Hertford, SG14 3BB",,https://cops.org.uk/theatre.php,+44 1992 589034,51.8001602,-0.0853686,way,1017403934
The Little Theatre,Theatre,,,,LE1 6PW,LE1 6PW,,,,52.6320963,-1.1291023,node,3392761211
The Little Theatre,Theatre,5,Woodbine Road,Blackwood,NP12 1QJ,"5 Woodbine Road, Blackwood, NP12 1QJ",,http://www.blackwoodlt.org.uk/,,51.6669162,-3.1969527,node,11460174355
The Little Theatre,Arts centre,,Coronation Street,Tredegar,NP22 3PS,"Coronation Street, Tredegar, NP22 3PS",,https://www.madeintredegar.co.uk/littletheatretredegar/,+44 1495 711 157,51.7720385,-3.2453437,node,11732807638
The Live Room,Events venue,10a,Northgate,Cleckheaton,BD19 5AA,"10a Northgate, Cleckheaton, BD19 5AA",,www.liveroomcleck.com,,53.7241923,-1.7136934,node,9585188527
The Locker Room,Conference centre,,,,,,,https://www.visiteastbourne.com/conferences/information/product-catch-all/locker-room-p1240911,,50.7632513,0.2822253,way,1444546901
The Loft,Nightclub,,,,,,,,,53.5661724,-2.884938,way,183437435
The Loft,Theatre,36,Crown Square,Matlock,DE4 3AT,"36 Crown Square, Matlock, DE4 3AT",,,,53.1386208,-1.5561746,way,230745596
The Loft,Events venue,,Milk Street,Shrewsbury,SY1 1SZ,"Milk Street, Shrewsbury, SY1 1SZ",,,,52.7065772,-2.7520602,way,638676136
The Loft,Nightclub,2,Marine Parade West,Clacton-on-Sea,CO15 1RH,"2 Marine Parade West, Clacton-on-Sea, CO15 1RH",,,,51.7875148,1.1536865,node,864704925
The Loft,Nightclub,,,,,,,,,55.8223137,-4.0842705,node,2121640828
The Loft,Nightclub,,The Courtyard,Keswick,CA12 5BL,"The Courtyard, Keswick, CA12 5BL",,https://www.theloftkeswick.co.uk/,+4417687 80834,54.6006781,-3.1379472,node,8626421476
The Loft Theatre,Theatre,,,,,,,https://www.lofttheatrecompany.com,,52.2863511,-1.5343569,node,462642811
The London Cabaret Club,Nightclub,,Bloomsbury Square,London,,"Bloomsbury Square, London",,,,51.5188294,-0.1218279,node,13740198601
The London Improv Theatre,Theatre,29,Clerkenwell Green,London,EC1R 0DU,"29 Clerkenwell Green, London, EC1R 0DU",,https://www.londonimprovtheatre.com/,,51.5227777,-0.106411,node,10983008029
The Loom,Events venue,,Parliament Square,Oldham,OL1 1AS,"Parliament Square, Oldham, OL1 1AS",,https://thespindles.co.uk/the-loom/,,53.5414895,-2.111815,node,13727664619
The Lothbury Centre,Arts centre,,,,,,,,,52.153043,0.3621465,node,264658872
The Lounge,Nightclub,14,The Broadway,St Ives,PE27 5BN,"14 The Broadway, St Ives, PE27 5BN",,,+44 1480 356202,52.3247073,-0.0756115,node,1569616531
The Lower Third,Bar,26,Denmark Street,London,WC2H 8NL,"26 Denmark Street, London, WC2H 8NL",,https://thelowerthird.co.uk/,,51.5155474,-0.1291981,way,279007871
The Lowry,Theatre,Pier 8,The Quays,Salford,M50 3AZ,"Pier 8 The Quays, Salford, M50 3AZ",,https://www.thelowry.com/,+44 843 208 6000,53.4708234,-2.2960949,way,286457355
The Lubetkin Theatre,Theatre,,Willerby Grove,Peterlee,SR8 2RN,"Willerby Grove, Peterlee, SR8 2RN",,https://www.eastdurham.ac.uk/The_Lubetkin_Theatre,+44 191 518 8291,54.76207,-1.3487315,node,7100474298
The Lyceum Theatre,Theatre,,Tudor Square,Sheffield,S1 2LA,"Tudor Square, Sheffield, S1 2LA",,,,53.380456,-1.4666716,way,60563564
The Lyric Theatre,Theatre,,,,DT6 3LX,DT6 3LX,,https://the-lyric.com/,+44 1308 423951,50.7337213,-2.7547882,node,2426594111
The Lytton Theatre,Theatre,,Vardon Road,Stevenage,SG1 5PZ,"Vardon Road, Stevenage, SG1 5PZ",,,,51.9164771,-0.1818125,way,690869565
The M&P Group 3G,Stadium,,Railway Terrace,Clydach Vale,CF40 2XX,"Railway Terrace, Clydach Vale, CF40 2XX",,https://www.cambrianbgc.co.uk/,+44 7980 558 495,51.6232491,-3.4680687,way,871386323
The MAC,Arts centre,10,Exchange Street West,Belfast,BT1 2NJ,"10 Exchange Street West, Belfast, BT1 2NJ",,https://themaclive.com/,,54.6035707,-5.9274777,way,182844121
The Mackinnon Theatre,Theatre,,,,,,,,,51.4582352,-2.6064445,node,6019344156
The Magic Corner,Theatre,19 1/2,Old Elvet,Durham,DH1 3HL,"19 1/2 Old Elvet, Durham, DH1 3HL",,https://www.tomboltonmagic.com/themagiccorner,,54.7747019,-1.5688834,way,916803975
The Majestic,Theatre,78-80,Bondgate,Darlington,DL3 7JT,"78-80 Bondgate, Darlington, DL3 7JT",,https://themajestictheatre.co.uk/,,54.5270795,-1.5580646,way,382270855
The Majestic Theatre,Theatre,,,Retford,DN22 6DX,"Retford, DN22 6DX",,,,53.3213429,-0.9436068,way,37793728
The Maltings,Arts centre,,Ship Lane,Ely,CB7 4BB,"Ship Lane, Ely, CB7 4BB",,,,52.3952312,0.2689809,way,224239867
The Maltings Theatre,Theatre,,Eastern Lane,Berwick-Upon-Tweed,TD15 1AJ,"Eastern Lane, Berwick-Upon-Tweed, TD15 1AJ",,,,55.7686683,-2.0042962,way,684196049
The Manor House,Events venue,,,,,,,,,51.5779591,0.3895993,way,874388013
The Mansion House,Events venue,,Richmond Road,Cardiff,CF24 3UN,"Richmond Road, Cardiff, CF24 3UN",,,,51.486271,-3.1706074,way,683895038
The Marcus Garvey Ballroom,Nightclub,,Lenton Boulevard,Nottingham,NG7 2BY,"Lenton Boulevard, Nottingham, NG7 2BY",,http://mgballroom.co.uk/,,52.9531935,-1.1757463,node,4498968101
The Market Theatre,Theatre,,Market Street,Ledbury,HR8 2AQ,"Market Street, Ledbury, HR8 2AQ",,https://themarkettheatre.com/,,52.0359967,-2.4256742,way,153030045
The Market Theatre,Theatre,6A,Sun Street,Hitchin,SG5 1AE,"6A Sun Street, Hitchin, SG5 1AE",,,,51.9463118,-0.2783609,node,2198357382
The Marquee Bedford,Events venue,,Ampthill Road,,MK45 3JF,"Ampthill Road, MK45 3JF",,https://themarqueebedford.co.uk/,+44 7983 767406,52.0860207,-0.490227,way,1249115277
The Mart Theatre,Theatre,,,Skipton,BD23 1UD,"Skipton, BD23 1UD",,https://www.themarttheatre.org.uk/,+44 1756 709666,53.962565,-2.0417541,node,3671630165
The Mary Jane Carriage,Events venue,,,,,,,https://tetburygoodsshed.co.uk/,,51.637696,-2.1554173,node,12735744734
The Mary Wallace Theatre,Theatre,,,,TW1 3DU,TW1 3DU,,,,51.4465338,-0.3255628,way,1151636558
The Mash House,Nightclub,37,Guthrie Street,Edinburgh,EH1 1JG,"37 Guthrie Street, Edinburgh, EH1 1JG",,https://themashhouse.co.uk/,+44 131 220 2514,55.9483678,-3.1876403,node,3259772347
The Mask and Magma,Nightclub,52,Bridge Street,Aberdeen,AB11 6JN,"52 Bridge Street, Aberdeen, AB11 6JN",,https://www.themaskclub.com/,,57.1441683,-2.1008904,node,2746495619
The Maskers theatre company,Theatre,,,Southampton,SO15 3LX,"Southampton, SO15 3LX",,http://www.maskers.org.uk/,,50.9208321,-1.4325756,way,223575770
The Matara Centre,Events venue,,,,,,,,,51.6626347,-2.2696354,way,1293961360
The Maurice Rebak Stadium,Stadium,,,,,,,https://www.wingatefinchley.com/,,51.606863,-0.1714751,way,510475285
The Mayfair Club,Nightclub,,,,,,,http://www.themayfairclub.co.uk/,,51.5076504,-0.141643,way,289953462
The McMillan Theatre,Theatre,,Bath Road,Bridgwater,TA6 4PZ,"Bath Road, Bridgwater, TA6 4PZ",,,,51.1347211,-2.9872709,way,380001293
The Melville Centre,Arts centre,4,Pen-y-Pound,Abergavenny,NP7 5UD,"4 Pen-y-Pound, Abergavenny, NP7 5UD",,https://melvillecentre.org.uk,+44 1873 853 167,51.8260121,-3.0206812,way,1230214677
The Merlin,Theatre,,,,,,,,,51.2420886,-2.310432,node,274923572
The Mermaid,Conference centre,,Puddle Dock,London,EC4V 3DB,"Puddle Dock, London, EC4V 3DB",,https://the-mermaid.co.uk/,+44 20 7236 1919,51.5115194,-0.1019214,way,217215017
The Met,Arts centre,,Market Street,Bury,BL9 0BW,"Market Street, Bury, BL9 0BW",,https://themet.org.uk/,+44 161 761 2216,53.5931532,-2.2971753,way,143823043
The MGroup Stadium,Stadium,,Marsh Lane,Oxford,OX3 0NQ,"Marsh Lane, Oxford, OX3 0NQ",,,,51.7739115,-1.2277965,way,130432115
The Middlesex Stadium,Stadium,,,,,,,,,51.5869678,-0.4426485,way,39998009
The Mill,Arts centre,,,,,,,,,52.0630398,-1.3316235,way,924801157
The Mill,Nightclub,29,Lower Trinity Street,Birmingham,B9 4AG,"29 Lower Trinity Street, Birmingham, B9 4AG",,https://www.themilldigbeth.com/,+44 121 771 4391,52.4749876,-1.880836,node,2963306556
The Mill at Ballydugan,Events venue,3,Drumcullan Road,Downpatrick,,"3 Drumcullan Road, Downpatrick",,http://www.ballyduganmill.com/,,54.3126044,-5.7541594,node,4350911998
The Mill at Sonning,Theatre,,Playhatch Road,Sonning Eye,RG4 6TY,"Playhatch Road, Sonning Eye, RG4 6TY",,https://millatsonning.com/,,51.4759868,-0.9162225,way,202775512
The Mill Studio,Theatre,,,,,,,,,51.2338202,-0.5748998,node,332316047
The Miners,Arts centre,,,,,,,,,53.5154356,-2.178164,way,373603702
The Minerva Theatre,Theatre,,Broyle Road,Chichester,PO19 6AP,"Broyle Road, Chichester, PO19 6AP",,,,50.8425069,-0.7777993,node,30790817
The Mission Theatre,Theatre,32,Corn Street,Bath,BA1 1UF,"32 Corn Street, Bath, BA1 1UF",,https://www.missiontheatre.co.uk/,,51.3791386,-2.361613,way,197053687
The Moray Conference Centre,Conference centre,,Mayne Road,Elgin,IV30 1NY,"Mayne Road, Elgin, IV30 1NY",,https://themansefield.com/conferences-events,,57.6462178,-3.3192321,node,10266338079
The Mount Without,Arts centre,,,Bristol,BS2 8FN,"Bristol, BS2 8FN",,,,51.4571509,-2.5984057,way,186297205
The Mowbray,Events venue,118,Mowbray Street,Sheffield,S3 8EN,"118 Mowbray Street, Sheffield, S3 8EN",,,,53.3912485,-1.4729439,way,1355345156
The Mowlem,Theatre,,,Swanage,BH19 1DD,"Swanage, BH19 1DD",,,,50.6093439,-1.9568115,way,267159154
The Muni,Theatre,,Albert Road,Colne,BB8 0AE,"Albert Road, Colne, BB8 0AE",,https://www.themuni.co.uk/,+44 1282 661234,53.8559952,-2.1754752,way,160331936
The Muse,Music venue,,Glamorgan Street,Brecon,LD3 7DW,"Glamorgan Street, Brecon, LD3 7DW",,https://www.themusebrecon.com/,+44 7791 654 799,51.9466036,-3.390725,node,13787806374
The Music Box,Nightclub,,,,,,,http://www.themusicboxsalisbury.co.uk/,,51.0674032,-1.7939608,way,292059437
The Music Cafe,Music venue,,,,,,,,,52.6323751,-1.1450245,node,143647710
The Music Room,Nightclub,,,,,,,,,52.0498718,1.1658295,node,4026103923
The Music Room,Events venue,58,Davies Street,London,W1K 5JF,"58 Davies Street, London, W1K 5JF",,https://themusicroom.co.uk,+44 20 7493 2474,51.5135582,-0.1485154,node,13618260101
The Music Works Main Stage The Spoon,Events venue,,,,,,,,,51.8657346,-2.2422702,node,12824339773
The Myreside Club,Events venue,,,,,,,https://www.gwc.org.uk/community-and-partnerships/the-pavilion-at-myreside,,55.926502,-3.2247779,way,276548354
The National Bowl,Music venue,,,,,,,,,52.0190166,-0.7620109,way,34638901
The Nehru Centre,Arts centre,8,South Audley Street,London,W1K 1HF,"8 South Audley Street, London, W1K 1HF",,https://www.nehrucentre.org.uk/,,51.5076847,-0.150706,way,299028954
The Nerve Centre,Arts centre,7-8,Magazine Street,Derry,BT48 6HJ,"7-8 Magazine Street, Derry, BT48 6HJ",,https://nervecentre.org/,,54.9963191,-7.3226141,way,438515627
The Nest,Events venue,33-35,Little Clarendon Street,Oxford,OX1 2HU,"33-35 Little Clarendon Street, Oxford, OX1 2HU",,https://www.ywmp.org.uk/thenest,,51.7580263,-1.2628701,node,3613563792
The New Adelphi Club,Pub,89,De Grey Street,Hull,HU5 2RU,"89 De Grey Street, Hull, HU5 2RU",,,,53.7623258,-0.3551426,way,303492239
The New Diorama Theatre,Theatre,15-16,Triton Street,London,NW1 3BF,"15-16 Triton Street, London, NW1 3BF",,https://newdiorama.com/,,51.5249861,-0.1419658,node,12953571733
The New Drovers,Pub,32-34,Thomas Street,Llanelli,SA15 3JA,"32-34 Thomas Street, Llanelli, SA15 3JA",,,+447754083824,51.6846377,-4.1605821,way,160525995
The New Foresters,Pub,110,High Street,Blackwood,NP12 1AF,"110 High Street, Blackwood, NP12 1AF",,,+44 1495 223 200,51.6664694,-3.1954783,node,11460179604
The New Inn,Pub,75,High Street,Pershore,WR10 1EU,"75 High Street, Pershore, WR10 1EU",,,,52.1124301,-2.0761093,way,360166733
The New Lawn,Stadium,,Another Way,,,Another Way,,https://www.fgr.co.uk,+44 333 123 1889,51.6989761,-2.2377931,way,142590938
The New Space,Theatre,,Mansfield Road,Oxford,OX1 3TZ,"Mansfield Road, Oxford, OX1 3TZ",,https://www.new.ox.ac.uk/recital-hall,,51.7566007,-1.2525143,node,12509907226
The New Town House,Nightclub,37,Stockwell Gate,Mansfield,NG18 1LA,"37 Stockwell Gate, Mansfield, NG18 1LA",,,,53.1437337,-1.1994675,node,3881082415
The New Victoria Theatre,Theatre,,"The Ambassadors, Peacocks Centre",Woking,GU21 6GQ,"The Ambassadors, Peacocks Centre, Woking, GU21 6GQ",,https://www.atgtickets.com/venues/new-victoria-theatre/,+44 870 060 6645,51.320657,-0.5600267,node,267735000
The Nicholson Building,Arts centre,,,,,,,,,57.6079503,-3.6200978,way,364023785
The Nigel Eady County Ground,Stadium,,County Road,Swindon,SN1 2ED,"County Road, Swindon, SN1 2ED",15728,,,51.5644931,-1.7709863,way,663050383
The Nighingale Centre,Conference centre,,,,,,,https://www.thenightingalecentre.org.uk,,53.2972695,-1.7354841,node,11964042998
The Night Owl,Nightclub,,,,,,,,,52.4751411,-1.8818452,way,75087920
The Night Owl,Nightclub,445,Poole Road,,,445 Poole Road,,,,50.7270795,-1.9221104,way,1114900431
The Nomad Theatre,Theatre,,,Leatherhead,KT24 6RT,"Leatherhead, KT24 6RT",,,,51.2656087,-0.4310595,way,442030396
The North Wall Arts Centre,Arts centre,,South Parade,Oxford,OX2 7JN,"South Parade, Oxford, OX2 7JN",,https://www.thenorthwall.com/,+44 1865 319 450,51.7776492,-1.2688067,way,303922284
The Northcourt,Theatre,,Northcourt Road,,OX14 1PL,"Northcourt Road, OX14 1PL",,https://www.northcourtmusic.com/,,51.6820075,-1.2746437,node,11819785766
The Nottingham New Theatre,Theatre,,Cherry Tree Hill,Nottingham,NG7 2QH,"Cherry Tree Hill, Nottingham, NG7 2QH",,https://newtheatre.org.uk/,,52.9380782,-1.1961091,way,225031658
The NOW Building,Arts centre,,,,,,,,,51.5157176,-0.1298469,node,11607899737
The Nutshell Studios,Arts centre,,Old Market,Stroud,GL6 0DU,"Old Market, Stroud, GL6 0DU",,http://www.nutshellstudios.uk/,,51.6946828,-2.2187478,way,1090971807
The O2,Stadium,,,London,SE10 0DX,"London, SE10 0DX",,https://www.theo2.co.uk/,+44 20 8463 2000,51.5029354,0.0032044,relation,1895281
The O2 Arena,Theatre,,,,,,,,,51.5029315,0.003184,way,161559801
The Oak Circus Centre,Arts centre,,,,,,,http://litcircus.com/the-oak-circus-centre.html,,52.6329671,1.2914139,way,103089208
The Oak Grove,Events venue,,Susans Lane,Upchurch,ME9 7HA,"Susans Lane, Upchurch, ME9 7HA",,https://www.theoakgrove.uk/,+44 1634 944297,51.3819809,0.6635504,way,771408435
The Oak Tree Of Peover,Events venue,,Back Lane,Knutsford,WA16 9SG,"Back Lane, Knutsford, WA16 9SG",,https://www.oaktreeofpeover.co.uk,+44 1565 723337,53.2656334,-2.4043069,way,971283438
The Oakham Suite,Events venue,155,Nottingham Road,Mansfield,NG18 4AE,"155 Nottingham Road, Mansfield, NG18 4AE",,https://www.oakham-suite.co.uk/,+44 1623 623826,53.1333979,-1.1968433,way,257076726
The OC,Pub,,,,,,,,,53.6829096,-1.6858507,node,966181108
The Octagon,Events venue,,Weston Road,Stafford,ST18 0BF,"Weston Road, Stafford, ST18 0BF",,https://www.stafford-octagon.com/,,52.8129884,-2.0818283,relation,1552442
The Office Nightclub,Nightclub,,,,,,,https://www.theofficenightclub.co.uk,,50.2640058,-5.0499605,node,9582933697
The Old Blue Last,Pub,38,Great Eastern Street,London,EC2A 3ES,"38 Great Eastern Street, London, EC2A 3ES",,https://www.theoldbluelast.com,+44 20 7739 7033,51.5243737,-0.0800746,way,157236295
The Old Church,Arts centre,,Stoke Newington Church Street,London,N16 9ES,"Stoke Newington Church Street, London, N16 9ES",,https://www.theoldchurch.org.uk/,,51.561372,-0.0847068,way,58711254
The Old Courthouse,Theatre,,,,,,,https://theoldcourthousetheatre.com/,+44 28 9034 0202,54.7151743,-6.2208934,way,683158657
The Old Courts,Arts centre,,Crawford Street,Wigan,,"Crawford Street, Wigan",,,,53.5458495,-2.6340161,way,941847276
The Old Electric,Theatre,,Springfield Road,Blackpool,FY1 1QW,"Springfield Road, Blackpool, FY1 1QW",,,,53.8206347,-3.0544911,way,1134078936
The Old Fire Station,Theatre,,,,,,,,,54.8970046,-2.9363919,node,3637783229
The Old Joint Stock Theatre Company,Theatre,,,,,,,,,52.4807727,-1.9002533,node,3373619888
The Old Kent Barn Weddings,Events venue,,Oak Hill,Swingfield,CT15 7HF,"Oak Hill, Swingfield, CT15 7HF",,,,51.1475632,1.1734927,way,1481483388
The Old Library,Arts centre,,Leeming Street,Mansfield,NG18 1NG,"Leeming Street, Mansfield, NG18 1NG",,https://www.nottinghamshire.gov.uk/culture-leisure/arts/old-library,,53.1459388,-1.1945079,node,6775493017
The Old Library Bar,Bar,,,,,,,https://www.oldlibrarybar.com/,,51.4760382,-0.0483035,node,13615796191
The Old Market,Theatre,11A,Upper Market Street,Hove,BN3 1AS,"11A Upper Market Street, Hove, BN3 1AS",,https://www.theoldmarket.com/,+44 1273 201801,50.8246101,-0.1573632,way,137689034
The Old Mill,Events venue,,,Reading,RG7 4LB,"Reading, RG7 4LB",,,,51.3918273,-1.151864,way,519540100
The Old Palace,Events venue,,Hatfield Park,Hatfield,AL9 5NE,"Hatfield Park, Hatfield, AL9 5NE",,,,51.7612515,-0.2107042,way,217433977
The Old Rectory,Events venue,402B,Handsworth Road,Sheffield,S13 9BZ,"402B Handsworth Road, Sheffield, S13 9BZ",,,,53.3707409,-1.3840065,way,140786219
The Old Rectory,Events venue,,Burdock Lane,Norwich,NR9 3BN,"Burdock Lane, Norwich, NR9 3BN",,,,52.6183289,1.1436572,node,9010798007
The Old Repertory Theatre,Theatre,,Hinckley Street,Birmingham,B5 4EB,"Hinckley Street, Birmingham, B5 4EB",,,,52.4766076,-1.8982789,way,103195737
The Old Ticket Hall,Theatre,,,,,,,https://oldtickethall.co.uk/,,51.4855487,-0.6064827,node,4341725243
The Old Timber Store,Events venue,,,,,,,,,51.4991117,-0.0751536,node,12691350165
The Old Vic,Theatre,103,The Cut,London,SE1 8NB,"103 The Cut, London, SE1 8NB",,https://www.oldvictheatre.com/,,51.5020083,-0.1092836,way,23486376
The Old Vic Backstage,Events venue,,,,,,,https://www.oldvictheatre.com/backstage/,,51.5018268,-0.1091902,node,13206426534
The Olive Tree,Events venue,,Edlogan Way,Cwmbran,NP44 2JJ,"Edlogan Way, Cwmbran, NP44 2JJ",,,+44 1633 869 760,51.6564734,-3.013894,node,9954968726
The Olivier Theatre,Theatre,,,,,,,,,51.0210164,-0.9442739,way,359784537
The Olymipa Ballroom,Events venue,,,,,,,http://www.shehnaigroup.co.uk/,+44 118 957 6666,51.4517187,-0.9673602,node,5550969654
The Opal Suite,Events venue,,Tollgate Shopping Centre,,,Tollgate Shopping Centre,,https://theopalsuite.co.uk/,+44 121 558 5580,52.4955339,-1.9725191,way,242842159
The Open Air Theatre,Theatre,,Church Hill,London,E17 9RZ,"Church Hill, London, E17 9RZ",,,,51.584515,-0.013117,node,6501655568
The Open Studios,Arts centre,168,King's Road Arches,Brighton,BN1 1NB,"168 King's Road Arches, Brighton, BN1 1NB",,https://www.theopenstudios.co.uk/,,50.8202597,-0.1438339,node,1515288230
The Orange Room,Events venue,377,High Street,London,E15 4QZ,"377 High Street, London, E15 4QZ",,,,51.5389069,-0.0004519,way,1057120282
The Orangery,Events venue,,,London,W8 6LU,"London, W8 6LU",,https://www.rbkc.gov.uk/venues-in-kensington-and-chelsea/orangery-holland-park,,51.5016859,-0.2040539,way,187814237
The Orangery,Events venue,,Margam Park,Margam,SA13 2TJ,"Margam Park, Margam, SA13 2TJ",,https://www.margamorangery.com/,,51.5622394,-3.73134,node,8526410724
The Other Palace,Theatre,12,Palace Street,London,SW1E 5JA,"12 Palace Street, London, SW1E 5JA",,https://theotherpalace.co.uk/,,51.498791,-0.1423711,way,505856495
The Other Place,Theatre,,Southern Lane,Stratford-upon-Avon,CV37 6BH,"Southern Lane, Stratford-upon-Avon, CV37 6BH",,,,52.1891737,-1.7067892,way,149965378
The Out of the Blue Drill Hall,Arts centre,36,Dalmeny Street,Edinburgh,EH6 8RG,"36 Dalmeny Street, Edinburgh, EH6 8RG",,https://www.outoftheblue.org.uk/,+44 131 555 7100,55.9644488,-3.1743579,way,287051326
The Paget Rooms,Events venue,,Victoria Road,,CF64 3EG,"Victoria Road, CF64 3EG",,,,51.435785,-3.1761597,way,223606863
The Palace,Nightclub,25-27,Penel Orlieu,Bridgwater,TA6 3PF,"25-27 Penel Orlieu, Bridgwater, TA6 3PF",,https://palacenightclub.co.uk/,+44 1278 434507,51.1272395,-3.0083914,way,133214248
The Palm Suite,Events venue,,Middleton Road,Oldham,OL9 6JN,"Middleton Road, Oldham, OL9 6JN",,,,53.544712,-2.1390097,node,11196003976
The Parkhouse Centre,Arts centre,,,,,,,,,50.8279908,-4.5469892,node,431484826
The Partington Players Theatre,Theatre,,Henry Street,,SK13 8BW,"Henry Street, SK13 8BW",,http://partingtonplayers.org.uk/,+44 1457 852066,53.4437289,-1.9494842,node,1043270422
The Pavilion,Theatre,,Westover Road,,BH1 2BU,"Westover Road, BH1 2BU",,,,50.7175232,-1.8750053,way,119343518
The Pavilion,Theatre,,George Street,,,George Street,,,,50.8623057,0.2594147,way,501166763
The Pavilion Theatre,Theatre,,Promenade,Cromer,NR27 9HE,"Promenade, Cromer, NR27 9HE",,,,52.9339279,1.301474,way,345723596
The Pavillion,Events venue,,,,,,,https://prioryparkcafe.co.uk/?page_id=35,+44 7443047785,51.5860639,-0.1264312,way,982773537
The Pearl Nightclub,Nightclub,10-12,Triangle South,Bristol,BS8 1EY,"10-12 Triangle South, Bristol, BS8 1EY",,,,51.4561865,-2.6072351,node,1421820242
The People Speak,Arts centre,27,Aberfeldy Street,London,,"27 Aberfeldy Street, London",,https://thepeoplespeak.org.uk/,,51.5130805,-0.0055972,way,1370891011
The People's Orchestra,Arts centre,,,,,,,https://thepeoplesorchestra.com/,,52.5206943,-1.9981201,node,12209812354
The Performance Stage,Theatre,,,,,,,,,50.6180672,-3.4150272,way,435035385
The Pheasantry,Nightclub,152,King's Road,London,SW3 4UT,"152 King's Road, London, SW3 4UT",,https://www.pizzaexpresslive.com/venues/chelsea-the-pheasantry,,51.4890953,-0.1654722,way,894981162
The Phoenix,Pub,75,George Street,York,YO1 9PT,"75 George Street, York, YO1 9PT",,,,53.9541473,-1.0750907,node,27393853
The Phoenix Theatre,Theatre,37A,Beaconsfield Street,Blyth,NE24 2DS,"37A Beaconsfield Street, Blyth, NE24 2DS",,https://www.thephoenixtheatre.org.uk/,+44 1670 367228,55.1255153,-1.5055418,way,39163793
The Phoenix Theatre,Theatre,,,,,,,,,51.9138906,-2.5861569,way,150091726
The Phoenix Theatre,Theatre,,Station Road,Bordon,GU35 0LR,"Station Road, Bordon, GU35 0LR",,https://www.phoenixarts.co.uk/,,51.1222239,-0.8614042,way,714712430
The Phyllis Maud Performance Space,Theatre,,Courtybella Terrace,Newport,NP20 2GW,"Courtybella Terrace, Newport, NP20 2GW",,https://phyllismaud.org.uk/,+44 1633 673739,51.5754122,-2.98757,node,7799547396
The Piano Works,Bar,113-117,Farringdon Road,London,EC1R 3BX,"113-117 Farringdon Road, London, EC1R 3BX",,https://pianoworks.bar/,+44 20 7278 1966,51.5229616,-0.1081365,node,3767594694
The Picture House,Events venue,6,Eastgate,Barnsley,S70 2EX,"6 Eastgate, Barnsley, S70 2EX",,,,53.5549463,-1.4814006,way,320660884
The Pig Pen,Events venue,,Bull Bridge Lane,South Petherton,,"Bull Bridge Lane, South Petherton",,http://www.thepigpen.net/,,50.930502,-2.8048871,node,10033832914
The Pigalle Club,Nightclub,215,Piccadilly,London,W1J 9HN,"215 Piccadilly, London, W1J 9HN",,,,51.509508,-0.135008,node,693187812
The Pilgrims Rest,Events venue,1,High Street,Battle,TN33 0AE,"1 High Street, Battle, TN33 0AE",,https://www.pilgrimsrestbattle.co.uk/,,50.9151431,0.485339,way,437216479
The Pipe Factory,Arts centre,42,Bain Street,Glasgow,G40 2LA,"42 Bain Street, Glasgow, G40 2LA",,https://www.thepipefactory.co.uk/,,55.8546872,-4.235804,node,4870749398
The Place,Theatre,,Bradgate Road,Bedford,MK40 3DE,"Bradgate Road, Bedford, MK40 3DE",,https://www.theplacebedford.org.uk/,,52.1420288,-0.4520172,way,114696365
The Place,Theatre,,Limes Walk,Telford,TF2 6EP,"Limes Walk, Telford, TF2 6EP",,https://www.theplacetelford.com/,+44 1952 382382,52.6958276,-2.4510014,way,358191992
The Place,Theatre,17,Duke's Road,London,WC1H 9PY,"17 Duke's Road, London, WC1H 9PY",,https://www.theplace.org.uk/,,51.5274371,-0.1287334,way,513152399
The Place,Arts centre,9-10,Bridge Street,Newport,NP20 4AL,"9-10 Bridge Street, Newport, NP20 4AL",,https://www.theplacenewport.com/,,51.587755,-2.9978473,node,9736091411
The Platform,Theatre,,Reading Street,Swindon,SN1 5BJ,"Reading Street, Swindon, SN1 5BJ",,,,51.5615579,-1.7901053,way,1069305387
The Platform,Theatre,,Marine Road Central,Morecambe,LA4 4DB,"Marine Road Central, Morecambe, LA4 4DB",,https://www.lancaster.gov.uk/platform/,+44 1524 582803,54.0712426,-2.8746266,node,8712676013
The Platform,Events venue,,,,,,,,,51.4611735,-0.2180948,node,9328107089
The Platform (UoN Student Union),Nightclub,,,,,,,,,52.2362973,-0.896625,way,135154547
The Players Theatre,Theatre,,Nelson Street,Thame,OX9 2DP,"Nelson Street, Thame, OX9 2DP",,https://www.thameplayers.co.uk/,+44 1844 217228,51.7456335,-0.9770161,way,742432696
"The Playground Theatre, Cafe and Bar",Theatre,8,Latimer Industrial Estate,London,W10 6RQ,"8 Latimer Industrial Estate, London, W10 6RQ",,https://theplaygroundtheatre.london/,+44 20 8960 0110,51.5177786,-0.2244145,way,782774022
The Playhouse,Theatre,,,,,,,,,53.4064892,-2.9824317,way,85396875
The Playhouse,Theatre,,,Harlow,CM20 1LS,"Harlow, CM20 1LS",,,,51.7685895,0.0925549,way,208701663
The Playhouse,Theatre,,Storforth Lane,Chesterfield,S41 0PW,"Storforth Lane, Chesterfield, S41 0PW",,,,53.2202578,-1.4115306,way,270887202
The Playhouse,Theatre,,,,,,,,,53.3231577,-1.9177469,way,281805351
The Playhouse,Theatre,,High Street,Weston-super-Mare,BS23 1HP,"High Street, Weston-super-Mare, BS23 1HP",,,,51.3507097,-2.9789663,way,751745828
The Playhouse,Theatre,104,High Street,Whitstable,CT5 1AZ,"104 High Street, Whitstable, CT5 1AZ",,https://playhousewhitstable.co.uk/,,51.3575964,1.024532,way,763974409
The Playhouse,Theatre,,,,,,,,,54.9944693,-7.3208131,node,2016432854
The Plaza,Theatre,,Mersey Square,Stockport,SK1 1SP,"Mersey Square, Stockport, SK1 1SP",,https://stockportplaza.co.uk/,,53.4091647,-2.1613334,way,274262844
The Plaza Centre,Arts centre,,Cosy Nook,Kettering,NN14 4JP,"Cosy Nook, Kettering, NN14 4JP",,,,52.3968958,-0.5401809,way,697459662
The Plough Arts Centre,Arts centre,,,,,,,,,50.952433,-4.1429548,node,435199535
The Plowright Theatre,Theatre,,Laneham Street,Scunthorpe,DN15 6JP,"Laneham Street, Scunthorpe, DN15 6JP",,https://www.scunthorpetheatres.co.uk/,+44 844 845 2776,53.58828,-0.6502859,way,183291827
The Poetry Club,Nightclub,100,Eastvale Place,Glasgow,G3 8QG,"100 Eastvale Place, Glasgow, G3 8QG",,https://swg3.tv/our-spaces/the-poetry-club/,,55.8645527,-4.299962,node,12078998627
The Point,Theatre,14,Leigh Road,Eastleigh,SO50 9DE,"14 Leigh Road, Eastleigh, SO50 9DE",,https://www.thepointeastleigh.co.uk/,,50.9700053,-1.355785,way,147626624
The Point,Music venue,,,,SR1 3HY,SR1 3HY,,,,54.9040666,-1.3852803,way,253478042
The Polar Bear,Pub,229,Spring Bank,,HU3 1LR,"229 Spring Bank, HU3 1LR",,,,53.7513366,-0.3598763,node,1720815552
The Pole Barn,Events venue,,,,,,,,,51.6839071,-2.2895359,way,969747658
The Polka Hop,Pub,60,George Street,Wakefield,WF1 1DL,"60 George Street, Wakefield, WF1 1DL",,,,53.6803675,-1.5000824,way,87266529
The Poly,Arts centre,,,,,,,,,50.1537252,-5.0681327,node,10983006187
The Portico Gallery,Arts centre,23a,Knights Hill,London,SE27 0HS,"23a Knights Hill, London, SE27 0HS",,https://www.porticogallery.org.uk/,,51.4309619,-0.1041895,node,3809988554
The Portland Club,Nightclub,,,,,,,,,51.5169801,-0.1417206,way,344376769
The Post House,Pub,92,Blackwell Street,Kidderminster,DY10 2DZ,"92 Blackwell Street, Kidderminster, DY10 2DZ",,https://theposthousebydavenports.co.uk/,+44 1562 67555,52.3902178,-2.2470169,node,661169910
The Potters,Pub,22-24,Upper Dock Street,Newport,NP20 1DL,"22-24 Upper Dock Street, Newport, NP20 1DL",,https://potterspub.co.uk/,+44 1633 223311,51.5878329,-2.9948607,node,6872291650
The Potting Shed,Events venue,24,Wind Street,Swansea,SA1 1DY,"24 Wind Street, Swansea, SA1 1DY",,https://foundersandco.uk/booking/,,51.6193428,-3.9388797,node,9215219180
The Pound Arts Centre,Arts centre,,,,,,,https://poundarts.org.uk/,,51.4290661,-2.1844577,way,71196337
The Prince Philip Building,Theatre,,,,,,,,,55.9463011,-3.184562,way,301380023
The Princess Theatre,Theatre,13,The Green,Hunstanton,PE36 5AH,"13 The Green, Hunstanton, PE36 5AH",,https://princesshunstanton.co.uk/,,52.9393147,0.4883592,node,7706882981
The Prop Store,Arts centre,,River Road,King's Lynn,PE32 1UA,"River Road, King's Lynn, PE32 1UA",,,,52.7039629,0.6341757,way,1252494546
the Prospect Building,Events venue,45,Feeder Road,Bristol,BS2 0SE,"45 Feeder Road, Bristol, BS2 0SE",,https://www.theprospectbuilding.com/,,51.448634,-2.5735858,node,13285867932
The Pulpit,Nightclub,7,Devizes Road,Swindon,SN1 4BJ,"7 Devizes Road, Swindon, SN1 4BJ",,,,51.5513716,-1.7771252,node,12952412150
The Pumphouse,Theatre,,Jubilee Walk,,IP15 5EU,"Jubilee Walk, IP15 5EU",,,,52.1496919,1.5958987,way,415138532
The Puppet Castle,Theatre,,,,,,,,,51.206284,-3.4597114,node,5745213745
The Puppet Theatre Barge,Theatre,,,,,,,https://www.puppetbarge.com,,51.5216697,-0.1823399,node,3573965093
The Purple Door,Nightclub,,,,,,,,,53.7968671,-1.5516648,node,357722130
The Quarry Theatre,Theatre,26,St. Peter's Street,Bedford,MK40 2NN,"26 St. Peter's Street, Bedford, MK40 2NN",,,,52.1393998,-0.4643635,way,119390378
The Quay Gallery,Arts centre,,,,,,,,,52.1646288,1.4966813,node,7976020753
The Quayside Exchange,Events venue,,,,,,,,,54.9088062,-1.37415,way,732472176
The Queen Elizabeth,Pub,42,Merrow Street,London,SE17 2NH,"42 Merrow Street, London, SE17 2NH",,https://queenelizabethpub.co.uk/,+44 20 7708 1404,51.4857506,-0.0914326,way,962636590
The Queen Elizabeth Hall,Events venue,,West Street,Oldham,OL1 1UT,"West Street, Oldham, OL1 1UT",,https://queenelizabethhall.com,+44 161 770 4083,53.5427631,-2.1174124,node,5409382314
The Queen Elizabeth Stadium,Stadium,,Donkey Lane,Enfield,EN1 3PL,"Donkey Lane, Enfield, EN1 3PL",,,,51.6592669,-0.0638739,way,4402122
The Queen's Hall,Theatre,87-89,Clerk Street,Edinburgh,EH8 9JG,"87-89 Clerk Street, Edinburgh, EH8 9JG",,https://www.thequeenshall.net/,+44 131 668 2019,55.9411954,-3.1818478,way,474682456
The Queens Academy,Bar,19,Bridge Street,Newport,NP20 4AN,"19 Bridge Street, Newport, NP20 4AN",,,,51.5875838,-2.9985696,node,9148537971
The Queer Comedy Club,Theatre,9,Hewson Way,London,SE17 1JS,"9 Hewson Way, London, SE17 1JS",,https://queercomedyclub.co.uk/,,51.4928948,-0.0963302,node,13623682389
The Radlett Centre,Theatre,,Watling Street,Radlett,WD7 8HL,"Watling Street, Radlett, WD7 8HL",,,,51.6821154,-0.3169832,way,1056902593
The Radnor Rooms,Events venue,30,Saint Nicholas Street,Bristol,,"30 Saint Nicholas Street, Bristol",,,,51.4537898,-2.5941116,node,13101183762
The Railway,Pub,,Station Road,Huddersfield,HD7 6DH,"Station Road, Huddersfield, HD7 6DH",,,,53.602751,-1.9304356,way,579226750
The Railway,Pub,,Clifftown Road,,SS1 1AJ,"Clifftown Road, SS1 1AJ",,https://therailwaysouthend.co.uk/,,51.5367018,0.7104923,node,13463303257
The rainbow stage,Bandstand,,,,,,,,,51.749342,-0.4726451,node,13564275312
The Ranch,Nightclub,,Coston Drive,South Shields,,"Coston Drive, South Shields",,,,55.0001383,-1.4332064,node,4347190476
The Reading Rooms,Events venue,,Church Road,Alby,NR11 7HF,"Church Road, Alby, NR11 7HF",,https://www.readingroomweddings.co.uk/,+441263761963,52.8553553,1.2698487,way,978129969
The Reading Rooms,Events venue,4,Bell Street,Chelmsford,CM2 7JR,"4 Bell Street, Chelmsford, CM2 7JR",,,+44 1245 473610,51.7165157,0.5011684,way,1272189234
The Rec Rooms,Nightclub,,,,,,,,,51.0648027,-0.3271655,node,506578618
The Recreation Ground,Stadium,,,,,,,,,51.2483074,-0.7549196,way,37797469
The Red Barn,Events venue,,College Lane,King's Lynn,PE33 0EX,"College Lane, King's Lynn, PE33 0EX",,https://www.theredbarnnorfolk.co.uk/,,52.6518391,0.4104969,way,392949066
The Red House,Arts centre,,,,,,,,,52.1644078,1.5881277,relation,10602639
The Red Lion,Events venue,,Damask Green Road,Hitchin,SG4 7DE,"Damask Green Road, Hitchin, SG4 7DE",,https://www.redlionweston.co.uk/,,51.9546844,-0.1702145,way,1133009540
The Red Lion,Pub,,Backhall Street,Newport,NP18 1AR,"Backhall Street, Newport, NP18 1AR",,https://www.facebook.com/p/The-Red-Lion-100039183386021/wikidata=Q29482909,+44 1633 420284,51.6114359,-2.9535997,node,2303915127
The Red Room,Nightclub,,,,,,,,,51.5144616,-0.302511,node,5150153023
"The Regal Theatre, Minehead",Theatre,,The Avenue,Minehead,,"The Avenue, Minehead",,https://regaltheatre.co.uk/,+44 1643 706430,51.2059361,-3.4759769,node,2290786443
The Regency Club,Events venue,20,Yew Lane,Sheffield,S5 9AN,"20 Yew Lane, Sheffield, S5 9AN",,,,53.4417514,-1.4694976,way,150958736
The Regency Rooms at St James Hotel,Events venue,,Rutland Street,,,Rutland Street,,,,52.9513379,-1.153859,node,2540047360
The Remembrance Club Ltd,Nightclub,,Chester Road,Solihull,B36 9DD,"Chester Road, Solihull, B36 9DD",,,,52.5054321,-1.7890147,way,162544479
The Retro Suite,Events venue,53-57,Blaby Road,Wigston,LE18 4PA,"53-57 Blaby Road, Wigston, LE18 4PA",,http://www.retrosuite.co.uk/,,52.579537,-1.1336008,way,466727705
The Revolution,Nightclub,1-7,Old Cattle Market,Ipswich,IP1 1AY,"1-7 Old Cattle Market, Ipswich, IP1 1AY",,https://www.revolution-bars.co.uk/bar/ipswich,+44 1473 857515,52.0560097,1.1543651,node,2712641808
The Richard Herrod Centre,Events venue,,Foxhill Road Central,Nottingham,NG4 1RL,"Foxhill Road Central, Nottingham, NG4 1RL",,https://www.gedling.gov.uk/leisure/leisurecentres/richardherrodcentre/,+44 115 961 2949,52.9708033,-1.1026752,way,294965332
The Ridgeway Centre,Events venue,,,,,,,https://www.theridgewaycentre.com/,,52.0557795,-0.8300885,way,169147230
The Riding School,Events venue,,,Hatfield,AL9 5NE,"Hatfield, AL9 5NE",,,,51.7617453,-0.2107833,way,813496688
The Ripple Centre,Conference centre,121-125,Ripple Road,Barking,IG11 7FN,"121-125 Ripple Road, Barking, IG11 7FN",,http://www.ripplecentre.org.uk/,,51.5355871,0.0825211,node,8828436547
The Road House,Nightclub,1,Park Road,Melton Mowbray,LE13 1TT,"1 Park Road, Melton Mowbray, LE13 1TT",,,,52.7664035,-0.8885686,node,3752472204
The Roadmender,Theatre,1,Lady's Lane,Northampton,NN1 3AH,"1 Lady's Lane, Northampton, NN1 3AH",,,,52.2402159,-0.8992039,way,137953059
The Robert Burns World Federation Ltd,Theatre,,,,,,,,,55.6100852,-4.4974227,node,13723607318
The Robin,Theatre,,Mount Pleasant,Bilston,WV14 7LJ,"Mount Pleasant, Bilston, WV14 7LJ",,,,52.5677494,-2.0741989,way,203650162
The Rockin' Lounge,Events venue,104,Rockingham Road,Kettering,NN16 9AE,"104 Rockingham Road, Kettering, NN16 9AE",,https://therockinlounge.square.site,,52.4080296,-0.7272933,node,12964360448
The Rolling Mill,Pub,16,Church Street,Abertillery,NP13 1DA,"16 Church Street, Abertillery, NP13 1DA",,,+44 1495 212 418,51.7312208,-3.1342727,node,12050957913
The Rondo Theatre,Theatre,,Saint Saviour's Road,,BA1 6RT,"Saint Saviour's Road, BA1 6RT",,https://rondotheatre.co.uk/,,51.3968605,-2.3454553,way,117122442
The Roof Club,Nightclub,46,Cambrian Road,Newport,NP20 4AB,"46 Cambrian Road, Newport, NP20 4AB",,,,51.5890717,-2.9977932,node,9004405354
The Room Above,Theatre,,,,,,,,,51.4604973,-2.6014946,node,5549112992
The Room in the Rodings,Events venue,,,,,,,https://www.roomintherodings.co.uk/,,51.7691452,0.2866379,way,1034011659
The Roost,Events venue,142,Sandringham Road,London,E8 2HJ,"142 Sandringham Road, London, E8 2HJ",,https://www.theroost.co.uk/,,51.5498789,-0.0654763,way,445492545
The Rose Hill,Arts centre,70-71,Rose Hill Terrace,,BN1 4JL,"70-71 Rose Hill Terrace, BN1 4JL",,,,50.8326664,-0.136062,node,523891983
The Rose Theatre,Theatre,,,,,,,,,52.3984677,-2.2374933,node,701723398
The Roses,Theatre,,Sun Street,,GL20 5NX,"Sun Street, GL20 5NX",,https://www.rosestheatre.org/,,51.9959986,-2.1548551,way,221998536
The Roundhouse,Conference centre,,Roundhouse Road,Derby,DE24 8JE,"Roundhouse Road, Derby, DE24 8JE",,,,52.9167681,-1.4606511,way,54643732
The Roxy,Theatre,,,,,,,,,54.8603655,-1.8055071,way,1304718161
The Roxy,Nightclub,3-5,Rathbone Place,London,W1T 1HJ,"3-5 Rathbone Place, London, W1T 1HJ",,https://theroxy.co.uk/,+44 20 7255 1098;+44 20 7636 1598,51.5166249,-0.1330659,node,2993795433
The Royal British Legion (Solihull) Club Ltd,Nightclub,,,,,,,,,52.4158259,-1.7729975,way,58403772
The Royal Hippodrome Theatre,Theatre,108-112,Seaside Road,Eastbourne,BN21 3PF,"108-112 Seaside Road, Eastbourne, BN21 3PF",,https://www.royalhippodrome.com/,,50.7692447,0.2927683,way,512458226
The Royal Horticultural Halls,Events venue,80,Vincent Square,London,SW1P 2PE,"80 Vincent Square, London, SW1P 2PE",,,,51.4945446,-0.1346499,way,223611750
The Royal Regency,Events venue,,,,,,,,,51.5499921,0.0474716,way,875469841
The Royalty,Arts centre,,Lake Road,Bowness-on-Windermere,LA23 3BJ,"Lake Road, Bowness-on-Windermere, LA23 3BJ",,https://www.theroyaltybowness.co.uk/,,54.3665946,-2.917186,way,425527657
The Ryan Theatre,Theatre,,,,,,389,,,51.5732814,-0.3390171,way,29289506
The Sainsbury Centre,Arts centre,,Norfolk Road,Norwich,NR4 7TJ,"Norfolk Road, Norwich, NR4 7TJ",,https://www.sainsburycentre.ac.uk/,+44 1603 593199,52.6203715,1.2347066,way,31469784
The Sands Centre,Events venue,,,Carlisle,CA1 1JQ,"Carlisle, CA1 1JQ",,https://betterboxoffice.co.uk/the-sands-centre,,54.8996364,-2.9343562,way,1285781429
The Sandwell Suite at Highfields House,Events venue,,,,,,,,,52.5220719,-1.9980578,node,12198951409
The Sanpit Theatre,Theatre,,,,,,,https://sandpittheatre.co.uk/,,51.7704849,-0.3067264,way,916291374
The Savings Bank,Events venue,67,Bridge Street,Glasgow,,"67 Bridge Street, Glasgow",,https://thesavingsbank.inhouse.scot/,,55.8529402,-4.2585588,node,6838924817
The Scene,Nightclub,35,Newland,Lincoln,LN1 1XP,"35 Newland, Lincoln, LN1 1XP",,,+44 1522 569677,53.2303257,-0.5444694,way,764677362
The Scoop,Theatre,,,,,,,https://www.morelondon.com/scoop.html,,51.505046,-0.0791805,way,24939465
The Scotia Bar,Pub,"112,114",Stockwell Street,Glasgow,G1 4LW,"112,114 Stockwell Street, Glasgow, G1 4LW",,https://www.belhaven.co.uk/pubs/lanarkshire/scotia-bar/,+44 141 552 8681,55.8553917,-4.2503001,node,275226874
The Seagull,Theatre,,Morton Road,Lowestoft,NR33 0JH,"Morton Road, Lowestoft, NR33 0JH",,https://theseagull.co.uk/,+44 1502 589726,52.4566964,1.7357018,way,1182899755
The Secret Garden,Events venue,,Lancaster Road,,,Lancaster Road,,http://www.thesecretgardenevents.co.uk/,,53.4063507,-0.8865972,way,333104450
The Secret Garden,Music venue,,,,,,,https://www.secretgardenparty.com/the-wild-meadows,,52.381843,-0.1739968,way,1288326138
The Shack,Nightclub,119,Rose Street,Edinburgh,EH2 3DT,"119 Rose Street, Edinburgh, EH2 3DT",,http://www.theshackedinburgh.co.uk/,,55.9520416,-3.2017312,node,41483851
The Shacklewell Arms,Pub,71,Shacklewell Lane,London,E8 2EB,"71 Shacklewell Lane, London, E8 2EB",,http://www.shacklewellarms.com/,+44 20 7249 0810,51.5524015,-0.0713899,way,466647109
The Shay,Stadium,,,,,,,,,53.7160653,-1.8590173,way,841340149
The Shed,Events venue,,,Mwnt,SA43 1QH,"Mwnt, SA43 1QH",,,+44 7816 048993,52.1308801,-4.6349503,way,1456529341
The Sherborne,Arts centre,,Newland,Sherborne,,"Newland, Sherborne",,https://thesherborne.uk/,,50.9506275,-2.5151641,way,1302756744
The Sheridan,Events venue,371,Oldham Road,Manchester,M40 8RR,"371 Oldham Road, Manchester, M40 8RR",,https://www.sheridansuite.co.uk,+441612035444,53.495481,-2.2127314,way,171607350
The Shilling,Nightclub,9,Frogmore Street,Bristol,BS1 5NA,"9 Frogmore Street, Bristol, BS1 5NA",,https://www.queenshilling.com/,,51.4536916,-2.6009804,way,380874326
The Ship Inn,Pub,,Cliff Road,Bridlington,YO15 1EW,"Cliff Road, Bridlington, YO15 1EW",,,,54.1015986,-0.1642497,node,471102078
The Shoestring Theatre​,Theatre,,Oakley Road,London,SE25 4XG,"Oakley Road, London, SE25 4XG",,https://www.cyto.org.uk/,,51.3937917,-0.0642073,way,1441903296
The Showgrounds,Stadium,,Ballinacraig Way,Newry,BT34 2QF,"Ballinacraig Way, Newry, BT34 2QF",,,,54.1608891,-6.3320579,way,798545336
The Slade Centre,Arts centre,,,,,,,,,51.0378218,-2.2780162,node,10274406412
The Small Space,Theatre,5,Island Road,Barry,CF62 7AR,"5 Island Road, Barry, CF62 7AR",,https://www.thesmallspace.co.uk/,,51.3997786,-3.2830248,way,945842402
The Smithfield,Pub,,Meadow Road,Derby,DE1 2BH,"Meadow Road, Derby, DE1 2BH",,https://www.smithfieldderby.co.uk/,+44 1332 986601,52.9232325,-1.4678939,way,87602636
The Snug,Bar,67a,Market Street,,M46 0DA,"67a Market Street, M46 0DA",,https://thesnug.live/,,53.5241019,-2.4934782,way,697338897
The Social Club,Nightclub,28-32,Collingwood Street,,,28-32 Collingwood Street,,,,54.9700611,-1.6131556,node,9783868402
The Sound Archive,Events venue,8,Laing Street,"Kirkwall, Orkney",KW15 1NW,"8 Laing Street, Kirkwall, Orkney, KW15 1NW",,,,58.9831387,-2.9579038,node,9311341983
The Sound Lounge,Events venue,216,High Street,Sutton,SM1 1NU,"216 High Street, Sutton, SM1 1NU",,https://www.thesoundlounge.org.uk,,51.3664858,-0.1942652,node,3276817701
The Soundhouse,Music venue,,,,,,,,,52.6354193,-1.1245431,way,465142870
The Source,Arts centre,,Theatre Square,London,E15 1BX,"Theatre Square, London, E15 1BX",,,,51.5427409,0.0017342,way,117361134
The Southgate Inn,Events venue,,,,,,,,,51.3476833,-1.9927271,way,561647002
The Southport Theatre & Convention Centre,Theatre,,The Promenade,Southport,PR9 0DZ,"The Promenade, Southport, PR9 0DZ",,,+44 1704 500036,53.652187,-3.0060269,way,51848970
The Spa Bridlington,Theatre,,South Marine Drive,Bridlington,YO15 3JH,"South Marine Drive, Bridlington, YO15 3JH",,https://www.bridspa.com/,,54.079193,-0.1964904,way,312370134
The Space,Conference centre,,Roundtree Way,Norwich,NR7 8SQ,"Roundtree Way, Norwich, NR7 8SQ",,https://thespacenorwich.co.uk/,+44 1603 484630,52.6488694,1.3262173,way,557477607
The Space,Conference centre,257,London Road,Glasgow,G40 1PT,"257 London Road, Glasgow, G40 1PT",,https://thespacescotland.org/,,55.8536779,-4.2369379,node,1510440106
The Space,Theatre,5,Temple Street,Bristol,BS31 1HA,"5 Temple Street, Bristol, BS31 1HA",,,,51.413907,-2.4975497,node,4934598646
The Space,Arts centre,269,Westferry Road,London,E14 3RS,"269 Westferry Road, London, E14 3RS",,https://space.org.uk/,,51.4921314,-0.0243142,node,5418886555
The Space,Events venue,,Cut Bank,Newcastle upon Tyne,NE1 2PF,"Cut Bank, Newcastle upon Tyne, NE1 2PF",,,,54.9726918,-1.5911323,node,12250934268
The Spare Room,Events venue,20-22,Anlaby Road,Hull,HU1 2PA,"20-22 Anlaby Road, Hull, HU1 2PA",,,,53.7434884,-0.3440458,way,1169131110
The Spion Kop,Stadium,,,,,,,,,53.4302654,-2.9614965,way,188699283
The Sportman's Club,Events venue,11,Queen's Road,Aberdeen,AB15 4ZT,"11 Queen's Road, Aberdeen, AB15 4ZT",,http://sportsmansclub.org.uk/,,57.1419805,-2.1300714,way,948503043
The Springfields Stage,Theatre,,Festival Gardens,Spalding,PE12 6EU,"Festival Gardens, Spalding, PE12 6EU",,https://springfieldsoutlet.co.uk/events,,52.7992246,-0.1255149,way,1204160750
The Stables,Theatre,,"Stockwell Lane, Wavendon",Milton Keynes,MK17 8LU,"Stockwell Lane, Wavendon, Milton Keynes, MK17 8LU",,https://stables.org/,,52.0267446,-0.6761474,way,38033331
The Stables,Theatre,,,,,,,,,57.6752739,-4.0240926,node,1352603259
The Stables Theatre,Theatre,,The Bourne,Hastings,TN34 3BD,"The Bourne, Hastings, TN34 3BD",,https://stablestheatre.co.uk/,+44 1424 423221,50.8596839,0.5948516,way,687051525
The Stade,Events venue,,,,,,,https://www.hastings.gov.uk/event-planning/locations/stade/,,50.855756,0.5923451,way,289108010
The Stag Theatre,Theatre,,,,,,,https://stagsevenoaks.co.uk/,,51.2699389,0.1918314,way,27762388
The Stand Comedy Club,Theatre,,,,,,,,,55.8724311,-4.2791229,node,600576882
The Stand Comedy Club,Theatre,5,York Place,Edinburgh,EH1 3EB,"5 York Place, Edinburgh, EH1 3EB",,https://www.thestand.co.uk/,+44 131 558 7272,55.9557169,-3.1922867,node,2643307278
The Stand Comedy Club,Theatre,31-39,High Bridge,Newcastle upon Tyne,NE1 1EW,"31-39 High Bridge, Newcastle upon Tyne, NE1 1EW",,https://www.thestand.co.uk/,+44 844 693 3336,54.9717978,-1.6128584,node,3206563035
The Stanley & Audrey Burton Gallery,Arts centre,,,,,,,https://library.leeds.ac.uk/info/1900/galleries,,53.8077104,-1.552564,node,1187324667
The Steamworks,Events venue,109-111,Randall Street,Sheffield,S2 4SJ,"109-111 Randall Street, Sheffield, S2 4SJ",,https://thesteamworks.co.uk,,53.3700495,-1.473406,way,137552633
The Steel Yard,Nightclub,13-16,All Hallows Lane,London,EC4R 3UL,"13-16 All Hallows Lane, London, EC4R 3UL",,,,51.510124,-0.0903711,node,1779091997
The Stoller Hall,Theatre,8,Hunts Bank,Manchester,M3 1DA,"8 Hunts Bank, Manchester, M3 1DA",,https://stollerhall.com/,+44 333 130 0967,53.4872168,-2.2431727,node,9621584470
The Studio,Theatre,22,Potterrow,Edinburgh,EH8 9BL,"22 Potterrow, Edinburgh, EH8 9BL",,https://www.capitaltheatres.com/,,55.9463819,-3.1871748,way,373988571
The Studio,Theatre,,Tower Street,Hartlepool,TS24 7HQ,"Tower Street, Hartlepool, TS24 7HQ",,,,54.6848741,-1.2090474,node,795902391
The Studio,Theatre,,,,,,,,,53.7914806,-1.7576117,way,1231636319
The Studio,Events venue,,,,,,,,,56.1908154,-3.0135124,node,9627645347
The Studio,Events venue,,,Shrewsbury,SY1 2EG,"Shrewsbury, SY1 2EG",,https://thestudioshrewsbury.com/,,52.7143751,-2.7510626,node,9646489362
The Studio,Events venue,,,,,,,,,52.4796791,-1.8980192,node,13092798488
The Studio @ TPS,Theatre,,,,,,,,,50.9996244,-0.9410474,node,1754922932
The Studio Theatre,Theatre,,,Nottingham,NG2 6LS,"Nottingham, NG2 6LS",,,,52.9248222,-1.1088435,way,80257986
The SU,Nightclub,,,,,,,,,51.6285136,-0.7530967,node,4789182721
The Subud House,Events venue,7,St Leonard's Bank,Perth,PH2 8EB,"7 St Leonard's Bank, Perth, PH2 8EB",,https://perthcentre.co.uk/,,56.3907449,-3.4369273,way,372173626
The Sugarhouse,Nightclub,,Sugar House Alley,Lancaster,LA1 1NW,"Sugar House Alley, Lancaster, LA1 1NW",,,,54.0508397,-2.7967161,way,374409734
The Susie Sainsbury Theatre,Theatre,,,,,,,,,51.5235908,-0.1517031,node,6414630958
The Swan Theatre,Theatre,138,Park Street,Yeovil,BA20 1QT,"138 Park Street, Yeovil, BA20 1QT",,,,50.9375622,-2.6309143,node,1598982544
The Tabard Theatre,Theatre,,,,,,,http://www.tabardtheatre.co.uk/,,51.4956267,-0.2548747,node,267470837
The Tabernacle,Music venue,,,,,,,,,51.5167961,-0.2018018,node,497394455
The Tache,Nightclub,22,Corporation Street,Blackpool,FY1 1EJ,"22 Corporation Street, Blackpool, FY1 1EJ",,,,53.8180121,-3.0538491,node,3875874598
The Temperence Institute,Theatre,65,London Street,Southport,PR9 0TH,"65 London Street, Southport, PR9 0TH",,,,53.6469978,-3.0014977,node,3754677154
The Terrace,Music venue,31,Wellington Road,Dewsbury,WF13 1HL,"31 Wellington Road, Dewsbury, WF13 1HL",,,,53.6907038,-1.6330243,way,97506320
The Theatre,Theatre,2-4,Spring Street,Chipping Norton,OX7 5NL,"2-4 Spring Street, Chipping Norton, OX7 5NL",,,,51.9430588,-1.5449613,way,115125660
The Theatre,Theatre,,,,,,,,,51.3902768,-0.4450317,way,764368263
The Theatre Buildings,Arts centre,,River Road,King's Lynn,PE32 1UA,"River Road, King's Lynn, PE32 1UA",,https://www.fairylandtrust.org/,,52.7039041,0.6337966,way,390443309
The Thomas Wolsey,Pub,11,St Peters Street,Ipswich,IP1 1XF,"11 St Peters Street, Ipswich, IP1 1XF",,,+44 1473 210055,52.0542637,1.1533224,node,2360980650
The Three Legged Mare,Pub,15,High Petergate,York,YO1 7EN,"15 High Petergate, York, YO1 7EN",,,,53.9622191,-1.0843006,node,27422747
The Tithe Barn,Events venue,,,,,,,,,53.9805755,-1.8908708,way,93626695
The Tivoli,Nightclub,,Brunswick Road,Buckley,CH7 2EF,"Brunswick Road, Buckley, CH7 2EF",,,,53.1675209,-3.0762094,way,1270381648
The Tomlinson Centre,Conference centre,,Queensbridge Road,London,E8 3ND,"Queensbridge Road, London, E8 3ND",,https://www.thetomlinsoncentre.co.uk/,+44 20 3076 1504,51.5395058,-0.0705452,way,345763862
The Top Secret Comedy Club,Theatre,170,Drury Lane,London,WC2B 5PD,"170 Drury Lane, London, WC2B 5PD",,https://www.thetopsecretcomedyclub.co.uk/,,51.5154692,-0.1230168,way,278113370
The Torch Theatre,Theatre,,,,,,,,,51.7137693,-5.0399227,way,1131072144
The Tower Arts Centre,Theatre,,,,,,,,,51.0582647,-1.3454521,node,71824673
The Towers,Events venue,,Botany Avenue,Mansfield,NG18 5NG,"Botany Avenue, Mansfield, NG18 5NG",,https://www.towersdirect.co.uk/,,53.1409758,-1.2124863,way,544665871
The Town Hall,Events venue,,Lord Street,,,Lord Street,,,,53.3997862,-0.7758988,node,5175066265
The Trades,Nightclub,,John Street,Consett,,"John Street, Consett",,,,54.8535468,-1.8326324,node,4073651362
The Trades Club,Events venue,,Holme Street,Hebden Bridge,HX7 8EE,"Holme Street, Hebden Bridge, HX7 8EE",,https://thetradesclub.com/,,53.7404794,-2.0141083,node,13169328201
The Traitors Live Experience,Events venue,60,Short's Gardens,London,WC2H 9AH,"60 Short's Gardens, London, WC2H 9AH",,https://www.thetraitorslive.co.uk/,,51.515417,-0.1236945,node,13251398065
The Treehouse,Nightclub,,,,,,,,,52.7690863,-1.227323,node,674866246
The Triangle,Nightclub,,,,,,,,,53.594882,-2.2937295,node,634111075
The Tudor Barn,Events venue,,Britwell Road,Slough,SL1 8DF,"Britwell Road, Slough, SL1 8DF",,,,51.5356739,-0.6479715,node,12136703434
The Tunnels,Nightclub,,Bristol & Exeter Mews,Bristol,BS1 6QF,"Bristol & Exeter Mews, Bristol, BS1 6QF",,,,51.4489097,-2.5823479,way,422527968
The Tunnels,Nightclub,,Carnegies Brae,Aberdeen,AB10 1BF,"Carnegies Brae, Aberdeen, AB10 1BF",,https://www.thetunnels.co.uk/,+44 1224 619930,57.1468408,-2.0976277,node,3200107591
The Turret Theatre,Theatre,9,Eastside,,,9 Eastside,,,,55.9419136,-4.1547966,node,13091972807
The Undercroft,Arts centre,,,Peterborough,PE7 8DR,"Peterborough, PE7 8DR",,,,52.5389201,-0.2633325,node,6151496663
The Underworld,Nightclub,174,Camden High Street,London,NW1 0NE,"174 Camden High Street, London, NW1 0NE",,https://www.theunderworldcamden.co.uk/,+44 20 7482 1932,51.5391849,-0.1422052,node,430832360
The Unit,Events venue,,,,,,,,,55.8746738,-4.3447788,way,188044808
The Unity Theatre,Theatre,1,Hope Place,Liverpool,L1 9BG,"1 Hope Place, Liverpool, L1 9BG",,,,53.4010303,-2.9719566,way,269332136
The Vale,Arts centre,Vale Mill,Off Micklehurst Road,Ashton-under-Lyne,OL5 9JL,"Vale Mill Off Micklehurst Road, Ashton-under-Lyne, OL5 9JL",,https://www.the-vale.co.uk/,+44 1457 238 089,53.5147141,-2.0257119,way,336223121
The Valley,Stadium,,Floyd Road,London,SE7 8BL,"Floyd Road, London, SE7 8BL",27111,https://www.cafc.co.uk/home,,51.4864041,0.0361485,way,704823227
The Vaudeville Theatre,Theatre,404,Strand,London,WC2R 0NH,"404 Strand, London, WC2R 0NH",,,,51.5105006,-0.1225767,way,99952331
The Vault,Nightclub,39,Poole Hill,,BH2 5PW,"39 Poole Hill, BH2 5PW",,,,50.7195948,-1.8875687,way,994976287
The Vault,Nightclub,,,,,,,,,51.0597598,-1.3261986,node,4591716547
The Vault,Events venue,,,,,,,,+44 1434 603884,54.9710384,-2.0995392,node,9501121315
The Vault,Arts centre,,,,,,,,,54.9588455,-4.4831139,node,11186770121
The Vault,Nightclub,,Grampian Road,Aviemore,PH22 1RH,"Grampian Road, Aviemore, PH22 1RH",,,,57.190227,-3.8289554,node,12228267464
The Vaults,Nightclub,6 - 8,Wheelock Street,Middlewich,CW10 9AG,"6 - 8 Wheelock Street, Middlewich, CW10 9AG",,,,53.1929669,-2.4461004,way,1189577791
The Vaults,Nightclub,,Leake Street,London,SE1 7NN,"Leake Street, London, SE1 7NN",,https://www.thevaults.london,,51.5010275,-0.1142036,node,3249860773
The Venue,Nightclub,,University Road,Canterbury,CT2 7NW,"University Road, Canterbury, CT2 7NW",,,,51.2958197,1.0671514,way,27939697
The Venue,Arts centre,,Liverpool Road,Preston,PR1 9XE,"Liverpool Road, Preston, PR1 9XE",,,,53.7500669,-2.7275034,way,81215038
The Venue,Nightclub,Unit 66,Branch Road,Halifax,HX4 0AD,"Unit 66 Branch Road, Halifax, HX4 0AD",,,,53.6774554,-1.8962597,way,115532989
The Venue,Nightclub,2;2A,Clifton Rise,London,SE14 6JP,"2;2A Clifton Rise, London, SE14 6JP",,http://www.thevenuelondon.com/,+44 20 8692 4077,51.4759026,-0.0365779,way,156376247
The Venue,Arts centre,650,Manchester Road,Sheffield,S36 1DY,"650 Manchester Road, Sheffield, S36 1DY",,https://thevenuestocksbridge.co.uk/,,53.4843855,-1.6013432,way,283486561
The Venue,Nightclub,13,Charlotte Street,Kirkcaldy,KY1 1RN,"13 Charlotte Street, Kirkcaldy, KY1 1RN",,,,56.108323,-3.1587438,way,320367119
The Venue,Conference centre,,,,,,,,,52.3921189,0.6446952,node,476541633
The Venue,Nightclub,,Kirklington Road,Mansfield,NG21 0JR,"Kirklington Road, Mansfield, NG21 0JR",,,,53.1193822,-1.1182882,way,515330181
The Venue,Nightclub,,,,,,,,,51.5333942,-0.4742409,way,701595246
The Venue,Events venue,,Aynam Road,Kendal,LA9 7DE,"Aynam Road, Kendal, LA9 7DE",,https://www.skiddle.com/whats-on/Kendal/The-Venue/,,54.3264564,-2.7434443,way,771029958
The Venue,Music venue,,Marine Road Central,Morecambe,LA4 4BU,"Marine Road Central, Morecambe, LA4 4BU",,https://johnnys-morecambe.com/,,54.0720429,-2.8720122,way,971213608
The Venue,Nightclub,,,,,,,,,53.0022274,-1.7326185,node,3153625029
The Venue,Nightclub,,Portland Place,Carlisle,,"Portland Place, Carlisle",,,,54.8914257,-2.9303986,node,3874823033
The Venue,Nightclub,,,,,,,,,51.5227376,-0.1312476,node,6958697924
The Venue MK,Theatre,,Fyfield Barrow,,MK7 7WH,"Fyfield Barrow, MK7 7WH",,,,52.0208886,-0.6906132,way,156358499
The Venue Oadby,Events venue,,,,,,,,+44 7540 980426,52.5993866,-1.0835454,node,11056589105
The Venue Urmston,Events venue,,,,,,,,,53.4503632,-2.35079,way,491981245
The Vestibule,Conference centre,,Deanery Road,,,Deanery Road,,,,51.4519506,-2.6019794,node,6097069265
The Vestibule,Conference centre,,College Green,,,College Green,,,,51.4530347,-2.6013612,node,6097069266
The Victoria,Pub,1,Heslington Road,York,YO10 5AR,"1 Heslington Road, York, YO10 5AR",,,,53.952514,-1.0723344,node,247289772
The Victoria,Arts centre,1,Rowland Street,Sheffield,S3 8DE,"1 Rowland Street, Sheffield, S3 8DE",,,,53.3919305,-1.4725016,way,256192350
The Victoria,Pub,451,Queensbridge Road,London,E8 3AS,"451 Queensbridge Road, London, E8 3AS",,https://www.jaguarshoes.com/venues/the-victoria/,+44 20 7684 0944,51.545742,-0.0701004,way,531572661
The Victoria Hall,Theatre,,,,,,,,,57.6804139,-4.0354865,way,230039979
The Victoria Hall,Theatre,37,Knowsley Street,Bolton,BL1 2AS,"37 Knowsley Street, Bolton, BL1 2AS",,,,53.5805568,-2.4311172,way,506468525
The Victoria Mill Ground,Stadium,,London Road,Wellingborough,NN8 2DP,"London Road, Wellingborough, NN8 2DP",,,,52.2936528,-0.6801679,way,388335456
The Victoria Wood Theatre,Theatre,,Crag Brow,Bowness on Windermere,LA23 3BX,"Crag Brow, Bowness on Windermere, LA23 3BX",,https://victoriawoodtheatre.com/,+44 15394 40872,54.3652062,-2.9192683,way,404073176
The View,Nightclub,38,George Street,Oban,PA34 5SD,"38 George Street, Oban, PA34 5SD",,,,56.4139317,-5.472179,node,7290055502
The Village Inn,Pub,,Lake Road,Bowness-on-Windermere,LA23 3DE,"Lake Road, Bowness-on-Windermere, LA23 3DE",,https://www.greeneking.co.uk/pubs/cumbria/village-inn,,54.3635297,-2.9207143,way,425366696
The Vine,Events venue,43,Roseangle,Dundee,DD1 4NE,"43 Roseangle, Dundee, DD1 4NE",,www.vinedundee.co.uk,,56.4533362,-2.9869788,way,1146073663
The Vine,Nightclub,,,,,,,,,51.6194477,0.2987436,node,6153540135
The Vine Conference Centre,Conference centre,131,Garvock Hill,Dunfermline,KY11 4JU,"131 Garvock Hill, Dunfermline, KY11 4JU",,https://vineconference.co.uk/,,56.0757198,-3.4262229,node,5380232405
The Viva Theatre,Theatre,,,,CB7 6EE,CB7 6EE,,,,52.3377116,0.3278134,way,1234960258
The Waiting Room,Nightclub,,,,,,,https://www.thewaitingroomn16.com/,+44 20 7241 5511,51.5620691,-0.0739898,node,8811598060
The Walks Stadium,Stadium,,,,,,,,,52.7500221,0.407349,way,224994299
The Walled Garden,Events venue,,Downside Road,Cobham,KT11 3LU,"Downside Road, Cobham, KT11 3LU",,https://walledgardencobham.com/,,51.3210709,-0.412065,way,380992002
The Wanstead Curtain,Theatre,,,,,,,,,51.580801,0.0246373,node,13071011391
The Wardrobe,Pub,6,St Peters Square,Leeds,LS9 8AH,"6 St Peters Square, Leeds, LS9 8AH",,https://www.thewardrobe.co.uk/,,53.7970506,-1.5336249,way,147479126
The Wardrobe Theatre,Theatre,,,,,,,,,51.4570726,-2.5792936,way,529568205
The Warehouse,Nightclub,19-21,Somers Street,Leeds,LS1 2RG,"19-21 Somers Street, Leeds, LS1 2RG",,,,53.7988426,-1.5534703,way,876597486
The Warehouse,Nightclub,50,St Johns Place,Preston,PR1 3XX,"50 St Johns Place, Preston, PR1 3XX",,http://www.warehousenightclub.co.uk,,53.7584391,-2.6951861,node,948545403
The Warehouse Theatre,Theatre,,,,,,,,,50.605957,-2.4518657,way,466225792
The Warehouse Theatre,Theatre,,Brewery Lane,Ilminster,TA19 9AD,"Brewery Lane, Ilminster, TA19 9AD",,https://www.thewarehousetheatre.org.uk/,,50.9280573,-2.9142055,way,714068170
The Washington,Pub,79,Fitzwilliam Street,Sheffield,S1 4JP,"79 Fitzwilliam Street, Sheffield, S1 4JP",,,,53.3778414,-1.4779984,way,104525558
The Waterfront,Nightclub,139-141,King Street,Norwich,NR1 1QH,"139-141 King Street, Norwich, NR1 1QH",,http://www.waterfrontnorwich.com/,+44 1603 632717,52.6246728,1.3029633,way,343888773
The Weaving House,Arts centre,,,,,,,,,51.0885086,-0.7103957,way,447929001
The Welfare Venue,Events venue,,Steel Works Road,Ebbw Vale,NP23 5AZ,"Steel Works Road, Ebbw Vale, NP23 5AZ",,,+44 1495 302 995,51.7838527,-3.206601,node,12877156105
The Welly Club,Nightclub,105-107,Beverley Road,Hull,HU3 1TS,"105-107 Beverley Road, Hull, HU3 1TS",,,,53.7536638,-0.3484612,node,1725523974
The Westgate Hotel,Arts centre,,Commercial Street,Newport,NP20 1JL,"Commercial Street, Newport, NP20 1JL",,,,51.5875642,-2.9964612,node,9701825054
The Westgate Suites,Events venue,,Westgate,Nottingham,NG10 1EF,"Westgate, Nottingham, NG10 1EF",,https://www.thewestgatesuites.co.uk/,,52.8961459,-1.2677624,way,147097813
The Wharfeside,Pub,46,Thornes Lane Wharfe,Wakefield,WF1 5RF,"46 Thornes Lane Wharfe, Wakefield, WF1 5RF",,,,53.6737763,-1.4927569,way,61012231
The Wheelhouse,Nightclub,,Glebe Road,Bowness-on-Windermere,LA23 3HE,"Glebe Road, Bowness-on-Windermere, LA23 3HE",,https://www.wheelhousebowness.co.uk/,,54.3613648,-2.9277769,node,5018226580
The White Hart,Pub,32,Surrey Street,Littlehampton,BN17 5BH,"32 Surrey Street, Littlehampton, BN17 5BH",,,,50.8087607,-0.5440129,node,535576547
The White Hotel,Nightclub,,Dickinson Street,Salford,M3 7LW,"Dickinson Street, Salford, M3 7LW",,,,53.4923872,-2.2516302,node,10771217705
The White House,Events venue,,,,,,,,,51.5328406,0.0507565,way,1122787502
"The White House, Oval House Theatre",Theatre,,,,,,,,,51.4825468,-0.1142365,way,424279584
The White Swan,Nightclub,556,Commercial Road,London,E14 7JD,"556 Commercial Road, London, E14 7JD",,,,51.5125386,-0.041071,way,190701335
The Wigwam,Arts centre,,Park Row,Bristol,BS1 5LJ,"Park Row, Bristol, BS1 5LJ",,,,51.4552058,-2.5995633,way,190054113
"The Willows, Ilford",Events venue,,Forest Road,Ilford,IG6 3SL,"Forest Road, Ilford, IG6 3SL",,http://www.thewillowsilford.com/,,51.6040632,0.1173566,way,486366471
The Windmill,Pub,,,,,,,https://www.windmillbrixton.co.uk/,,51.4540068,-0.1224894,way,96598337
The Windmill,Pub,14-16,Blossom Street,York,YO24 1AJ,"14-16 Blossom Street, York, YO24 1AJ",,https://www.greeneking-pubs.co.uk/pubs/north-yorkshire/windmill-inn/,,53.9555686,-1.0915337,node,2026798671
The Windsor Castle,Pub,18,Upper Dock Street,Newport,NP20 1DH,"18 Upper Dock Street, Newport, NP20 1DH",,,+44 1633 546166,51.5881016,-2.9953216,node,1770564694
The Wisteria,Events venue,229,Romford Road,,,229 Romford Road,,,,51.5458282,0.019408,way,865282185
The Witham,Theatre,3,Horsemarket,Barnard Castle,DL12 8LY,"3 Horsemarket, Barnard Castle, DL12 8LY",,https://www.thewitham.org.uk/,+44 1833 631 107,54.5436711,-1.9235596,node,4127826412
The Wobbly Goblin,Nightclub,,Park Terrace,Stockton-on-Tees,TS18 3BT,"Park Terrace, Stockton-on-Tees, TS18 3BT",,,,54.5607993,-1.3134746,way,99275494
The Woodville,Theatre,,Woodville Place,Gravesend,DA12 1DD,"Woodville Place, Gravesend, DA12 1DD",,http://www.woodville.co.uk/,+44 1474 337774,51.4399099,0.3682901,node,1494532331
The Workshop,Theatre,,London Road,King's Lynn,PE30 5EJ,"London Road, King's Lynn, PE30 5EJ",,https://theworkshop.org.uk/,,52.7509086,0.4000194,node,13756975102
The Wynd Theatre,Theatre,7,The Wynd,Melrose,,"7 The Wynd, Melrose",,,,55.5981523,-2.7203456,node,2498781123
The wyndham hall,Conference centre,,,,,,,https://sanhs.org/,,51.0156299,-3.1054087,way,1346628626
The Y,Theatre,,,,,,,,,52.6317085,-1.1268121,node,1113019883
The Yan,Events venue,,,,,,,https://www.forestryengland.uk/article/the-yan-grizedale,+44 300 067 4495,54.3396809,-3.0216274,node,624540246
The Yard at Reigate Station,Events venue,,,,,,,,,51.2421565,-0.2046203,node,8372329879
The Young Vic,Theatre,66,The Cut,London,SE1 8LZ,"66 The Cut, London, SE1 8LZ",,https://www.youngvic.org/,,51.5032796,-0.1073173,way,109866484
Theatr Ardudwy,Theatre,,,,,,,,,52.8562162,-4.1129061,way,967409263
Theatr Brycheiniog,Theatre,,,,,,,https://www.theatrbrycheiniog.co.uk/,,51.943903,-3.3884071,way,31145525
Theatr Colwyn,Theatre,,Abergele Road,Colwyn Bay,LL29 7RU,"Abergele Road, Colwyn Bay, LL29 7RU",,,,53.2940011,-3.7249286,way,124778685
Theatr Fach,Theatre,,Pencraig,Llangefni,LL77 7LA,"Pencraig, Llangefni, LL77 7LA",,,,53.2563707,-4.2976696,way,1329660053
Theatr Gwaun,Theatre,,West Street,Fishguard,SA65 9AD,"West Street, Fishguard, SA65 9AD",,,,51.9955102,-4.9791896,way,854358250
Theatr Powys,Theatre,,,,,,,,,52.2474959,-3.3762038,node,301031559
Theatr Seilo,Theatre,,,,,,,,,53.1419336,-4.273263,node,2686947356
Theatr Soar,Theatre,,,,,,,,,51.7486425,-3.3779804,way,566205570
Theatr Twm o'r Nant,Theatre,2,Station Road,Denbigh,LL16 3DA,"2 Station Road, Denbigh, LL16 3DA",,https://www.theatr-twm-or-nant.org.uk/,,53.1866915,-3.4132614,way,396087924
Theatr y Daflod,Theatre,,Sgwâr y Marchnad / Market Square,Castell Newydd Emlyn / Newcastle Emlyn,SA38 9AE,"Sgwâr y Marchnad / Market Square, Castell Newydd Emlyn / Newcastle Emlyn, SA38 9AE",,https://attictheatre.wales/,,52.0390646,-4.4669127,node,3252556812
Theatr Y Ddraig,Theatre,,,Barmouth,,Barmouth,,,,52.7213951,-4.0547745,node,12284673396
Theatr y Dywysoges Frenhinol,Theatre,,,Port Talbot,SA13 1PJ,"Port Talbot, SA13 1PJ",,,,51.5975796,-3.7835889,node,400017941
Theatre,Theatre,,,,,,,,,51.0935058,-0.1190289,way,123176577
Theatre,Theatre,,,,,,,,,52.8018115,-2.9028132,way,899254754
Theatre,Theatre,,,,,,,,,52.2300178,0.0837356,way,1186913231
Theatre & Conference Suite,Theatre,,,,,,,https://www.mugdock-country-park.org.uk/venue-hire-filming/theatre-hire,,55.972504,-4.3308167,node,11248467025
Theatre 62,Theatre,,,,,,,https://theatre62.org.uk/,,51.3728529,-0.0104671,node,90703543
Theatre At The Mill,Theatre,,,,,,,,,54.6952096,-5.9469528,way,1434486786
Theatre by the Lake,Theatre,,Lake Road,Keswick,CA12 5DJ,"Lake Road, Keswick, CA12 5DJ",,https://www.theatrebythelake.com/,+44 17687 74411,54.5955204,-3.1393585,way,91894071
Theatre Felinfach,Theatre,,Campws Felinfach,Dyffryn Aeron,SA48 8AF,"Campws Felinfach, Dyffryn Aeron, SA48 8AF",,,,52.191201,-4.1647104,way,154577926
Theatre in the Hut,Theatre,,,,,,,,,51.3502281,-2.9629269,node,448396585
Theatre In The Mill,Theatre,,,,,,,,,53.790863,-1.7688311,node,314676506
Theatre in the Park,Theatre,,,,,,,,,51.3508671,1.131003,way,840326199
Theatre in the Woods,Theatre,,,,,,,https://www.westhorsleyplace.org/theatre-in-the-woods,,51.2667464,-0.4426057,way,1021900491
Theatre in the Woods,Theatre,,,,,,,,,52.9130994,1.1065602,node,13661670502
Theatre on the Steps,Theatre,,Stoneway Steps,Bridgnorth,WV16 4BD,"Stoneway Steps, Bridgnorth, WV16 4BD",,,,52.5344603,-2.4178375,node,4558752689
Theatre Peckham,Theatre,221,Havil Street,London,SE5 7SB,"221 Havil Street, London, SE5 7SB",,https://www.theatrepeckham.co.uk/,+44 20 7708 5401,51.4744879,-0.0827097,way,67163616
Theatre Royal,Theatre,,Upper Parliament Street,Nottingham,NG1 5ND,"Upper Parliament Street, Nottingham, NG1 5ND",,,,52.9553617,-1.1514989,way,16464923
Theatre Royal,Theatre,,,,G2 3QA,G2 3QA,,,,55.8662804,-4.2562416,way,58705687
Theatre Royal,Theatre,100,Grey Street,Newcastle upon Tyne,NE1 6BR,"100 Grey Street, Newcastle upon Tyne, NE1 6BR",,https://www.theatreroyal.co.uk/,+44 844 811 2121,54.9727398,-1.6121617,node,59956454
Theatre Royal,Theatre,11,New Road,Brighton,BN1 1UF,"11 New Road, Brighton, BN1 1UF",,,,50.8234232,-0.1398564,way,105454994
Theatre Royal,Theatre,,Theatre Street,Norwich,NR2 1RL,"Theatre Street, Norwich, NR2 1RL",,http://www.theatreroyalnorwich.co.uk/,+44 1603 630000,52.6271411,1.290011,way,137307407
Theatre Royal,Theatre,32,Thames Street,Windsor,SL4 1PS,"32 Thames Street, Windsor, SL4 1PS",,https://theatreroyalwindsor.co.uk/,,51.4844827,-0.607968,way,144166852
Theatre Royal,Theatre,,Washington Street,Workington,,"Washington Street, Workington",,https://www.theatre-royal-workington.co.uk/,+44 1900 603 161,54.6429258,-3.5429223,way,294319287
Theatre Royal,Theatre,,Addington Street,Margate,CT9 1PW,"Addington Street, Margate, CT9 1PW",,,,51.387008,1.3847701,node,320572820
Theatre Royal,Theatre,,Sawclose,,BA1 1ET,"Sawclose, BA1 1ET",,https://www.theatreroyal.org.uk/,+44 1225 448844,51.382044,-2.3630447,way,430591535
Theatre Royal,Theatre,,,,,,,,,53.6477963,-2.318116,way,637111289
Theatre Royal,Theatre,,,,,,,,,55.0680963,-3.607558,way,746705812
Theatre Royal,Theatre,21-23,Jewry Street,Winchester,SO23 8SB,"21-23 Jewry Street, Winchester, SO23 8SB",,https://theatreroyalwinchester.co.uk/,+44 1962 840440,51.0657367,-1.3161569,way,779414438
Theatre Royal,Theatre,5,Westgate Street,Bury St Edmunds,IP33 1QR,"5 Westgate Street, Bury St Edmunds, IP33 1QR",,https://theatreroyal.org/,,52.2405141,0.7172333,way,1239726467
Theatre Royal & The Drum,Theatre,,,,,,,https://www.theatreroyal.com/,+44 1752 267222,50.3698504,-4.1447804,way,97086432
Theatre Royal Haymarket,Theatre,,Suffolk Street,London,SW1Y 4HT,"Suffolk Street, London, SW1Y 4HT",,https://trh.co.uk/,+44 20 7930 8800,51.5086331,-0.1312776,way,153661824
Theatre Royal Production Centre,Theatre,,,,,,,,,50.3642059,-4.1131049,node,395482428
Theatre Royal Wakefield,Theatre,,Drury Lane,Wakefield,WF1 2TE,"Drury Lane, Wakefield, WF1 2TE",,https://www.theatreroyalwakefield.co.uk/,,53.682179,-1.5026454,way,87266619
"Theatre Royal, Drury Lane",Theatre,57,Catherine Street,London,WC2B 5JF,"57 Catherine Street, London, WC2B 5JF",,http://www.theatreroyaldrurylane.co.uk,,51.5129948,-0.1202039,way,81071485
Theatre School Of Scotland,Theatre,,,,,,,,,55.8559808,-4.2514505,way,204307180
Theatre Severn,Theatre,,Frankwell Quay,Shrewsbury,SY3 8FT,"Frankwell Quay, Shrewsbury, SY3 8FT",,https://www.theatresevern.co.uk/,,52.7107472,-2.7576906,way,200714356
Theatre Shop,Theatre,5,Queen's Square,,BS21 6HX,"5 Queen's Square, BS21 6HX",,https://www.theatreshop.org.uk/,,51.4353973,-2.8524449,node,12724290623
Theatre Technis,Theatre,26,Crowndale Road,London,NW1 1TT,"26 Crowndale Road, London, NW1 1TT",,,,51.5354786,-0.1346738,node,9897350907
Theatre Workshop,Theatre,,,,,,,,,50.837308,-0.158293,way,1155447743
Theatre503,Theatre,,,,,,,,,51.4719942,-0.1655763,way,341419645
Theatre@41,Theatre,,Monkgate,York,YO31 7PB,"Monkgate, York, YO31 7PB",,https://www.41monkgate.co.uk/,,53.96444,-1.0761834,way,1341975781
Theatreship,Theatre,,,,,,,https://theatreship.co.uk/,,51.500958,-0.0161252,way,1493907454
Theatro Technis,Theatre,26,Crowndale Road,London,,"26 Crowndale Road, London",,https://www.theatrotechnis.com,,51.5354833,-0.1346738,way,1024508594
Thekla,Nightclub,,The Grove,Bristol,BS1 4RB,"The Grove, Bristol, BS1 4RB",,https://www.theklabristol.co.uk/,,51.4489761,-2.5941946,way,90958156
TheMill,Nightclub,,Preston Street,,BD7 1LU,"Preston Street, BD7 1LU",,,,53.7975714,-1.7694771,node,13605391901
Thetford Town Football Club,Stadium,,Mundford Road,Thetford,IP24 1NB,"Mundford Road, Thetford, IP24 1NB",,https://www.thetfordtownfootballclub.com/,,52.4205192,0.7464023,way,259204248
Thief Hall,Events venue,,Thief Hole Lane,Northallerton,DL7 9EH,"Thief Hole Lane, Northallerton, DL7 9EH",,https://thiefhall.co.uk/,,54.2928984,-1.394663,way,337767937
Thimblemill Recreation & Entertainment Centre,Events venue,,Thimblemill Road,,,Thimblemill Road,,https://www.thimblemill-rec.org.uk/,+44 121 420 3505,52.481952,-1.9827246,node,13723938759
Thirty3Hz,Nightclub,16,Park Street,Guildford,GU1 4XB,"16 Park Street, Guildford, GU1 4XB",,,,51.2352261,-0.5785156,node,9234111587
Thomas Lord Suite,Events venue,,St John's Wood Road,London,NW8 8QN,"St John's Wood Road, London, NW8 8QN",,,,51.5282233,-0.1733041,node,4622259764
Thorington Theatre,Theatre,,,,,,,https://www.thoringtontheatre.co.uk,,52.3063203,1.5649989,node,8999595860
Thorncliffe Cricket & Social Club,Stadium,,,,,,,,,53.4629324,-1.4691259,way,28460662
Thornden Hall,Theatre,,,,,,,,,50.9947284,-1.3621559,way,79396236
Thorndike Theatre,Theatre,,,,,,,,,51.2948504,-0.3284364,way,1340550657
Thornton Little Theatre,Theatre,,Victoria Road East,Thornton-Cleveleys,FY5 3SZ,"Victoria Road East, Thornton-Cleveleys, FY5 3SZ",,,,53.8724859,-3.0109035,node,973599598
Thornycroft Hall,Events venue,SK11 9JN,Pexhill Road,Macclesfield,SK11 9JN,"SK11 9JN Pexhill Road, Macclesfield, SK11 9JN",,https://thornycrofthall.org.uk/,,53.2373973,-2.2018245,way,1411100036
Three Storeys,Events venue,,Old Bristol Road,Stroud,GL6 0JE,"Old Bristol Road, Stroud, GL6 0JE",,https://www.threestoreys.co.uk/,+44 1453 798776,51.6932489,-2.2195855,way,1084487067
Three Wise Monkeys,Pub,15,Water Street,Todmorden,,"15 Water Street, Todmorden",,https://www.facebook.com/ThreeWiseMonkeysltd/,,53.7131145,-2.0976559,node,12639733611
Thursdays,Nightclub,,,,,,,,,50.8305418,-0.7392595,node,282698827
Thursford Garden Pavilion,Events venue,,,,,,,https://www.thursfordgardenpavilion.co.uk/,,52.8710343,0.9413114,way,945251737
Thwaites Empire Theatre,Theatre,,,,,,,,,53.7324919,-2.491606,way,685424800
Tide Club,Nightclub,,,,,,,https://tidenightclub.com/,,50.8196824,-0.1413561,node,11182160517
Tidworth Garrison Theatre,Theatre,,,,,,700,,,51.2390726,-1.6656934,way,993765654
Tiger Lounge,Events venue,,,,,,,,,52.4759704,-2.0433291,node,5612366848
TIME Bar & Venue,Nightclub,40-42,James Street,Cookstown,,"40-42 James Street, Cookstown",,https://timebarandvenue.com/,+44 2886 766676,54.6454527,-6.7442886,way,543725765
Timepiece,Nightclub,,Little Castle Street,Exeter,EX4 3PX,"Little Castle Street, Exeter, EX4 3PX",,,,50.7257013,-3.5285621,way,191449760
Titanic Exhibition Centre,Conference centre,,,,,,,,,54.6103669,-5.9036335,way,423136846
Titchfield Festival Theatre,Theatre,"71,73",St Margarets Lane,Fareham,PO14 4BG,"71,73 St Margarets Lane, Fareham, PO14 4BG",,https://www.titchfieldfestivaltheatre.com/,,50.8530795,-1.2438673,way,31743999
Tivoli Theatre,Theatre,,,,BH21 1LT,BH21 1LT,,https://www.tivoliwimborne.co.uk/,+44 1202 885566,50.8014665,-1.9890804,way,246207441
Tivoli Theatre,Theatre,34-48,Guild Street,Aberdeen,AB11 6NB,"34-48 Guild Street, Aberdeen, AB11 6NB",,,,57.1450498,-2.0976112,way,314781360
Tobacco Factory Theatre,Theatre,278,Raleigh Road,Bristol,BS3 1TF,"278 Raleigh Road, Bristol, BS3 1TF",,https://tobaccofactorytheatres.com,,51.4423454,-2.6132931,node,8880579272
Toft Estate,Events venue,,,,,,,https://www.toftestate.co.uk/,,53.1603844,-2.0646452,way,1158735437
Toft House,Community centre,,,,,,,,,54.5552812,-1.2406705,node,12496174352
Tolbooth,Theatre,,Jail Wynd,,FK8 1DE,"Jail Wynd, FK8 1DE",,https://culturestirling.org/tolbooth/,+44 1786 27 4000,56.1205632,-3.9429081,way,136841155
Tolbooth Art Centre,Arts centre,,High Street,Kirkcudbright,DG6 4JN,"High Street, Kirkcudbright, DG6 4JN",,,,54.8354559,-4.0557858,way,662064410
Tom Harland,Arts centre,15,Low Street,North Ferriby,HU14 3DD,"15 Low Street, North Ferriby, HU14 3DD",,,,53.7210408,-0.5046278,way,104835298
Tom Thumb Theatre,Theatre,2A,Eastern Esplanade,Margate,CT9 2LB,"2A Eastern Esplanade, Margate, CT9 2LB",,https://www.tomthumbtheatre.co.uk/,+44 1843 221791,51.391063,1.3995013,way,1304295256
Tonteria,Nightclub,,,,,,,,+44 20 7881 5991,51.4928737,-0.1571232,node,4547084075
Tooting and Mitcham United FC,Stadium,,Bishopsford Road,,SM4 6BF,"Bishopsford Road, SM4 6BF",,https://www.tmunited.org/,,51.3936377,-0.1718127,way,18926807
Top Secret Comedy Club (23 Kingsway),Nightclub,23,Kingsway,London,WC2B 6UJ,"23 Kingsway, London, WC2B 6UJ",,https://thetopsecretcomedyclub.co.uk,,51.5142025,-0.1184056,node,12794460301
Top Spot Garden Theatre,Theatre,,,,,,,,,50.6974797,-3.1020108,relation,7143909
Totem Circle,Theatre,,,,,,,,,50.2257044,-5.2710974,way,390468242
Tottenham Hotspur Stadium,Stadium,,,London,,London,62062,https://www.tottenhamhotspurstadium.com/,,51.6041462,-0.0662665,way,538300255
Toughsheet Community Stadium,Stadium,,,,,,,,,53.5805366,-2.5356233,way,4729749
Tower Gardens Bandstand,Bandstand,,,,,,,,,53.1442942,0.3430471,way,223435470
Tower Mill,Arts centre,,Kirkstile,Hawick,TD9 0AE,"Kirkstile, Hawick, TD9 0AE",,https://www.liveborders.org.uk/play/heart-of-hawick/,+44 1450 360680,55.4211312,-2.7882757,way,254439069
Tower Theatre,Theatre,16,Northwold Road,London,N16 7HR,"16 Northwold Road, London, N16 7HR",,https://www.towertheatre.org.uk/tower.htm,,51.5628069,-0.0719688,way,84728028
Town and Gown,Theatre,6-8,Market Passage,Cambridge,CB2 3PF,"6-8 Market Passage, Cambridge, CB2 3PF",,https://www.mcmullens.co.uk/local-pub/town-gown/,,52.2064543,0.1198609,way,1099846444
Town Centre Bandstand,Bandstand,,,,,,,,,52.0618827,-1.3347837,way,952268665
Town End,Stadium,,,,,,,,,54.6885554,-1.2126367,way,167801986
Town End,Stadium,,,,,,1846,,,51.5642987,-1.7719127,way,212820098
Town Gardens Bowl,Theatre,,Quarry Road,Swindon,SN1 4EN,"Quarry Road, Swindon, SN1 4EN",,,,51.5508071,-1.7816571,way,1210141755
Town Hall Theatre,Theatre,,Raby Road,Hartlepool,TS24 8AH,"Raby Road, Hartlepool, TS24 8AH",,,,54.6863765,-1.213739,way,51944867
Town Hall Theatre,Theatre,,Edward Street,Portadown,,"Edward Street, Portadown",,,,54.4224124,-6.4417139,way,1416071692
Town Head,Events venue,,,Ulverston,LA12 8NP,"Ulverston, LA12 8NP",,,,54.2814242,-2.9481751,way,1191545137
Town house,Theatre,,,,,,,,,55.7778342,-4.0387901,node,1915728478
Towngate Theatre,Theatre,,St Martins Square,Basildon,SS14 1DL,"St Martins Square, Basildon, SS14 1DL",,https://towngatetheatre.co.uk/,+44 1268 205300,51.5703286,0.4544174,way,607933850
Townsend Social Club,Nightclub,,Stourbridge Road,,B63 3US,"Stourbridge Road, B63 3US",,,,52.4513678,-2.0530372,way,316529773
Toxteth Annexe Conference Centre,Conference centre,,Aigburth Road,Liverpool,L17 7BN,"Aigburth Road, Liverpool, L17 7BN",,,,53.3809086,-2.9550134,way,356048012
Toy Room Club,Nightclub,8,Argyll Street,London,,"8 Argyll Street, London",,https://www.toy-room.com/,+44 20 7734 6066,51.5146613,-0.1405708,node,799284713
Toyko Lincoln,Nightclub,18,Silver Street,Lincoln,LN2 1EW,"18 Silver Street, Lincoln, LN2 1EW",,,,53.2303191,-0.5367283,way,543891503
Toynbee Studios,Theatre,28,Commercial Street,London,E1 6AB,"28 Commercial Street, London, E1 6AB",,,,51.5165537,-0.0721447,node,12569169522
TRADE,Nightclub,"Unit 1, 16-22",Goose Gate,Nottingham,NG1 1FF,"Unit 1, 16-22 Goose Gate, Nottingham, NG1 1FF",,,,52.9536653,-1.1426505,node,1443122577
Trades Hall of Glasgow,Events venue,85,Glassford Street,,,85 Glassford Street,,https://www.tradeshallglasgow.co.uk/,,55.8593375,-4.2490584,node,5318342500
Trafalgar Theatre,Theatre,14,Whitehall,London,SW1A 2DY,"14 Whitehall, London, SW1A 2DY",,https://trafalgartheatre.com/,,51.5065794,-0.1276306,way,140469329
Trafalgar Warehouse,Events venue,118-120,Trafalgar Street,Sheffield,S1 4JT,"118-120 Trafalgar Street, Sheffield, S1 4JT",,https://www.trafalgarwarehouse.co.uk/,,53.3776327,-1.4757346,way,100357171
Tramshed,Arts centre,,Clare Road,Cardiff,CF11 6QP,"Clare Road, Cardiff, CF11 6QP",,https://tramshedcardiff.com/,,51.4752955,-3.1865501,way,986375846
Tramshed Theatre,Theatre,41,Woolwich New Road,London,SE18 6ET,"41 Woolwich New Road, London, SE18 6ET",,https://tramshed.org/,,51.4894756,0.0680071,node,353319091
Tramway,Arts centre,25,Albert Drive,Glasgow,G41 2PE,"25 Albert Drive, Glasgow, G41 2PE",,https://www.tramway.org/,+44 845 330 3501,55.8407086,-4.2670538,way,42148895
Traverse Theatre,Theatre,10,Cambridge Street,Edinburgh,,"10 Cambridge Street, Edinburgh",,https://www.traverse.co.uk/,,55.9476505,-3.2047837,node,564723450
Treble,Nightclub,38-40,High Street,,CW12 1BD,"38-40 High Street, CW12 1BD",,,,53.162796,-2.2120079,node,5948392820
Trebles,Nightclub,,,,,,,,,53.229309,-0.5395821,way,725977162
Trent Bridge Cricket Ground,Stadium,,Bridgford Road,Nottingham,NG2 6AG,"Bridgford Road, Nottingham, NG2 6AG",,https://www.trentbridge.co.uk/index.html,,52.9368754,-1.1324333,way,16901172
Trent Vineyard Conference Centre,Conference centre,Units 1 & 2,Easter Park,Nottingham,NG7 2PX,"Units 1 & 2 Easter Park, Nottingham, NG7 2PX",,http://www.tvconferencing.co.uk/,,52.9425202,-1.1732481,way,30886702
Trestle Arts Base,Theatre,,,,,,,http://www.trestle.org.uk/,,51.7471894,-0.2997327,node,1818065142
Trigonos Conference Venue,Conference centre,,,,LL54 6BW,LL54 6BW,,https://trigonos.org/,,53.0563498,-4.2224001,way,92922434
Trilogy,Nightclub,11-13,Talbot Road,Blackpool,FY1 1LB,"11-13 Talbot Road, Blackpool, FY1 1LB",,,,53.8193251,-3.0545983,way,146610673
Trilogy,Nightclub,131,High Street,Colchester,CO1 1SP,"131 High Street, Colchester, CO1 1SP",,,,51.8899231,0.8999378,node,1029517623
Trilogy Nightclub,Nightclub,55,London Road,Southampton,SO15 2AD,"55 London Road, Southampton, SO15 2AD",,,,50.9121944,-1.4040619,way,168802779
Trilogy Nightclub,Nightclub,,Pauls Row,High Wycombe,HP11 2HQ,"Pauls Row, High Wycombe, HP11 2HQ",,https://www.trilogyhighwycombe.com/,+44 1494 924503,51.6287895,-0.7516663,node,5628759302
Trinity Theatre,Theatre,,Church Road,,TN1 1JP,"Church Road, TN1 1JP",,https://www.trinitytheatre.net/,,51.1327977,0.2622539,way,246051944
Trinity Theatre,Theatre,,The Grove,Cowes,PO31 7QR,"The Grove, Cowes, PO31 7QR",,,,50.7650177,-1.2998414,node,5105680004
Tristan Bates Theatre,Theatre,,,,,,,https://tristanbatestheatre.co.uk/,,51.5133771,-0.1282099,node,3557104796
Tron Theatre,Theatre,63,Trongate,Glasgow,G1 5HB,"63 Trongate, Glasgow, G1 5HB",,https://www.tron.co.uk,+44 141 552 4267,55.8566833,-4.2456746,way,121762283
Tropical Cocktail,Events venue,32-64,Lee High Road,London,SE13 5FH,"32-64 Lee High Road, London, SE13 5FH",,,+44 7852 506103,51.4617457,-0.007197,node,11237085899
Tropicana,Arts centre,,Marine Parade,Weston-Super-Mare,BS23 1BE,"Marine Parade, Weston-Super-Mare, BS23 1BE",,,,51.3407859,-2.9826493,way,366848200
Troxy,Nightclub,490,Commercial Road,London,E1 0HX,"490 Commercial Road, London, E1 0HX",,https://troxy.co.uk/,+44 20 7790 9000,51.5127339,-0.0439969,way,190715113
Troy 22,Nightclub,22,Hanway Street,London,W1T 1UQ,"22 Hanway Street, London, W1T 1UQ",,http://troyclub.co.uk/,,51.5168851,-0.1320093,node,699782743
Tru,Nightclub,,,,,,,https://www.trucamberley.co.uk/camberley,+44 1276 676565,51.3382144,-0.7446125,node,2642217178
Trumpet Inn,Pub,13,Merstow Green,Evesham,WR11 4BD,"13 Merstow Green, Evesham, WR11 4BD",,,,52.0920272,-1.9499217,way,292051348
TRUTH,Nightclub,15,Friars Gate,Warrington,WA1 2RR,"15 Friars Gate, Warrington, WA1 2RR",,https://truthwarrington.co.uk/,,53.3874687,-2.5933953,way,785910582
Truth,Nightclub,79,North Street,,KY8 4HL,"79 North Street, KY8 4HL",,,,56.1952851,-2.9977462,node,5370092970
Tubes,Nightclub,,St Mary's Way,Melton Mowbray,LE13 1YE,"St Mary's Way, Melton Mowbray, LE13 1YE",,,,52.7656645,-0.8859704,way,371698657
Tuckingmill Valley,Theatre,,,,,,,,,50.2262259,-5.2831763,node,1574152061
Tuckwell Amphitheatre,Theatre,,,,,,,https://bacontheatre.ticketsolve.com/ticketbooth/shows,+44 1242 258002,51.8919752,-2.101211,way,1299638607
Tudor Rose,Nightclub,68,The Green,Southall,UB2 4BG,"68 The Green, Southall, UB2 4BG",,,,51.5034205,-0.3807568,way,326142584
Tuesday Club,Events venue,,York Road,Leeds,LS9 9NT,"York Road, Leeds, LS9 9NT",,,,53.7972355,-1.5161317,node,2477751822
Tullyroan Oval,Stadium,,,,,,,,,54.454001,-6.6182102,way,623888348
Tumps BMX Track,Stadium,,,,,,,,,51.5374824,-2.5767422,way,603518761
Tunnel,Nightclub,,Dagger Lane,Hull,HU1 2LS,"Dagger Lane, Hull, HU1 2LS",,,,53.7421715,-0.3373532,node,10707900335
Tunnel Club,Nightclub,,,,,,,,,52.4854462,-1.9025365,node,1135409071
Tunnel Club,Nightclub,28,St James's Street,Nottingham,NG1 6FG,"28 St James's Street, Nottingham, NG1 6FG",,,,52.9528347,-1.1527725,node,2204800766
Tup Tup Palace,Nightclub,7 - 9,St Nicholas Street,Newcastle upon Tyne,NE1 1RE,"7 - 9 St Nicholas Street, Newcastle upon Tyne, NE1 1RE",,https://www.tuptuppalace.com/,+44 191 2618579,54.9698722,-1.6121855,node,5961871388
Turf Moor,Stadium,,,,,,,,,53.7892005,-2.23,way,663006865
Turnbull Ground,Stadium,,Upgang Lane,Whitby,YO21 3HT,"Upgang Lane, Whitby, YO21 3HT",,,,54.4900132,-0.6275678,way,39987878
Turner Contemporary Gallery,Arts centre,,The Rendezvous,Margate,CT9 1HG,"The Rendezvous, Margate, CT9 1HG",,https://www.turnercontemporary.org/,+44 1843 233000,51.3912692,1.3820754,way,113280774
Turner Sims Concert Hall,Theatre,,,Southampton,SO17 1BJ,"Southampton, SO17 1BJ",,,,50.9358919,-1.3987618,way,30064170
Turning Point Theatre Arts,Arts centre,,,Lancaster,LA1 3LA,"Lancaster, LA1 3LA",,,,54.0404743,-2.781883,way,154850087
Turnpike Centre,Arts centre,,Market Street,Leigh,WN7 1EB,"Market Street, Leigh, WN7 1EB",,https://www.theturnpike.org.uk/,,53.4977633,-2.5200162,way,60464526
Turntable Gallery,Arts centre,88,Wharncliffe Road,Grimsby,DN31 3QJ,"88 Wharncliffe Road, Grimsby, DN31 3QJ",,https://turntablegallery.uk/index.html,,53.5805259,-0.0683463,node,12136638296
Turpentyne fine art supply,Arts centre,,,,,,,,,55.0021808,-1.6345478,way,1099789090
TV Studio,Events venue,100,Eastvale Place,Glasgow,G3 8QG,"100 Eastvale Place, Glasgow, G3 8QG",,https://swg3.tv/our-spaces/galvanizers/,,55.8647438,-4.2996159,node,12078998630
TWB Glasgow Sculpture Studios,Arts centre,2,Dawson Road,Glasgow,G4 9SS,"2 Dawson Road, Glasgow, G4 9SS",,https://www.glasgowsculpturestudios.org/,+44 141 353 3708,55.8762127,-4.2581892,node,3846556761
Twerton Park,Stadium,,High Street,Twerton,BA2 1DB,"High Street, Twerton, BA2 1DB",,,,51.3790659,-2.3951821,way,291442380
Twickenham Stoop Stadium,Stadium,,Langhorn Drive,Twickenham,TW2 7SX,"Langhorn Drive, Twickenham, TW2 7SX",14816,http://www.quins.co.uk/,+44 20 8410 6000,51.4502796,-0.3443168,way,663056293
Twilight,Nightclub,2,Waterhouse Street,Halifax,HX1 1UQ,"2 Waterhouse Street, Halifax, HX1 1UQ",,,,53.7235371,-1.8615332,way,565964304
Twisted Barrel Brewery and Tap House,Pub,,,,,,,https://www.twistedbarrelale.co.uk/tap-house,,52.4077755,-1.4931227,node,6444827976
Two Sisters Arts Centre,Arts centre,,,,,,,http://twosistersarts.co.uk/,,51.9847139,1.314475,way,67255319
Ty Capel Venue Hire,Events venue,,,,,,,,,53.2565105,-4.593212,node,12213998946
Tyldesley Little Theatre,Theatre,,Lemon Street,Tyldesley,M29 8HT,"Lemon Street, Tyldesley, M29 8HT",,https://tlt.org.uk/,,53.5129291,-2.47016,way,695580139
Tyne Theatre and Opera House,Theatre,117,Westgate Road,Newcastle upon Tyne,NE1 4AG,"117 Westgate Road, Newcastle upon Tyne, NE1 4AG",,https://tynetheatreandoperahouse.uk/,+44 191 243 1171,54.9704708,-1.6209202,node,133235419
Tynecastle Park,Stadium,,,Edinburgh,,Edinburgh,,,,55.938957,-3.2322686,way,4223856
Tynemouth Priory Theatre,Theatre,,Percy Street,North Shields,NE30 4HA,"Percy Street, North Shields, NE30 4HA",,https://www.tynemouth-priory-theatre.com,+44 191 257 5186,55.0184641,-1.4243397,way,455586479
Tysoe Marionette Theatre,Theatre,,Baldwins Lane,Upper Tysoe,,"Baldwins Lane, Upper Tysoe",,http://tysoemarionettes.webplus.net/index.html,,52.0907288,-1.5092718,way,285407794
Tythe Barn,Events venue,,Bicester Road,Bicester,OX26 4SR,"Bicester Road, Bicester, OX26 4SR",,,,51.9006645,-1.1240472,way,506569469
Tŷ Ebbw Fach,Events venue,,Chapel Road,Abertillery,NP13 2ND,"Chapel Road, Abertillery, NP13 2ND",,http://www.sixbellsconferencecentre.co.uk/,+44 1495 211 732,51.7210659,-3.1295648,node,9216278479
Tŷ Pawb,Arts centre,,,,,,,,,53.0465035,-2.9910099,way,912187321
Ucheldre Centre,Arts centre,,Mill Bank,Holyhead,LL65 1TE,"Mill Bank, Holyhead, LL65 1TE",,https://www.ucheldre.org/,,53.3093826,-4.6383452,way,793320576
Ulster Hall,Theatre,21,Linenhall Street,,,21 Linenhall Street,,,,54.5946316,-5.9305172,way,229214474
Ultra Warehouse,Events venue,9,Downing Road,Derby,DE21 6HA,"9 Downing Road, Derby, DE21 6HA",,https://www.ultrawarehouse.net/,,52.9205095,-1.4495761,way,588105082
Under The Edge Arts,Arts centre,,,,,,,,,51.6364091,-2.3532185,way,376004007
Under the Prom,Nightclub,,,,,,,,,51.8979208,-2.0791043,node,13726213987
underbelly,Theatre,27,Peter Street,London,W1F 0AJ,"27 Peter Street, London, W1F 0AJ",,,,51.5127417,-0.1340944,way,156620029
Underground,Nightclub,,,,,,,,,52.4490782,-1.9271959,node,2790573196
Underground,Theatre,2,Morley Street,,ST1 4LS,"2 Morley Street, ST1 4LS",,,,53.022632,-2.1803451,node,6385907288
Undy AFC,Stadium,,The Ramp,Newport,NP26 3EW,"The Ramp, Newport, NP26 3EW",,https://www.undyafc.co.uk/,,51.57787,-2.814481,way,1188133247
Unicorn Theatre,Theatre,147,Tooley Street,London,SE1 2HZ,"147 Tooley Street, London, SE1 2HZ",,https://www.unicorntheatre.com/,,51.5039277,-0.0806955,way,34140817
Unicorn Theatre,Theatre,,,,,,,,,51.6696529,-1.2792084,node,577212757
Unilever Four Acres,Events venue,,,,,,,https://fouracresleadership.com/,,51.4186292,-0.2698877,way,815028863
Union,Nightclub,,,,,,,,,51.487142,-0.122901,node,2686843671
Union Kirk,Events venue,333,Union Street,Aberdeen,AB11 6BS,"333 Union Street, Aberdeen, AB11 6BS",,,,57.14383,-2.1066419,node,11251877478
Union Theatre,Theatre,,Old Union Yard Arches,,,Old Union Yard Arches,,http://www.uniontheatre.biz/,,51.5033895,-0.1018429,node,4903954844
UNIT 13,Nightclub,,Burton Street,Nottingham,NG1 4AA,"Burton Street, Nottingham, NG1 4AA",,,,52.9560736,-1.1504912,node,2204450691
Unit 17 Dance & Performing Arts,Arts centre,17-19,Rothersthorpe Avenue,Northampton,NN4 8JH,"17-19 Rothersthorpe Avenue, Northampton, NN4 8JH",,,,52.2265179,-0.9123319,node,5196927466
Unit 51,Nightclub,,Carnegies Brae,Aberdeen,AB10 1BF,"Carnegies Brae, Aberdeen, AB10 1BF",,,,57.146941,-2.0973954,node,9209792497
Unit 58,Arts centre,,Mill Mead Road,London,,"Mill Mead Road, London",,https://www.unit58.com/,,51.5924499,-0.0559287,way,1385783585
Unit 7,Nightclub,,Festival Way,Basildon,SS14 3WB,"Festival Way, Basildon, SS14 3WB",,https://www.unit7nightclub.co.uk/,+44 1268 532299,51.5839849,0.4617897,way,122524143
Unit Nine,Nightclub,,Bridge Turn Avenue,Milton Keynes,MK12 5QL,"Bridge Turn Avenue, Milton Keynes, MK12 5QL",,https://www.unitninemk.com/,+44 1908 317995,52.0661502,-0.810053,node,4826992949
United Services Club,Nightclub,36,Prescot Road,Widnes,WA8 7PD,"36 Prescot Road, Widnes, WA8 7PD",,,,53.3730084,-2.7555257,way,466579789
University of Sheffield Drama Studio,Theatre,,,,,,,,,53.3792969,-1.4901473,way,104592822
University of Worcester Arena,Stadium,,,,,,,,,52.1926826,-2.2318098,way,480051495
University Pitt Club,Nightclub,7A,Jesus Lane,Cambridge,CB5 8BA,"7A Jesus Lane, Cambridge, CB5 8BA",,,,52.2081029,0.1198087,node,3710865309
University Theatre,Theatre,,,,,,,,,51.3759881,-2.4370595,way,207657474
Unleashed @ The Royal Lyceum,Theatre,,,,,,,,,50.4655544,-3.5286405,way,207473987
Unthank Park,Events venue,,,Stanhope,DL13 2PQ,"Stanhope, DL13 2PQ",,https://www.stanhopeshow.com/venue-showground-hire/,,54.746319,-2.012252,way,1417634164
Up the Creek,Theatre,302,Creek Road,London,SE10 9SW,"302 Creek Road, London, SE10 9SW",,https://up-the-creek.com/,+44 20 8858 4581,51.4812727,-0.0116223,way,806959513
Up the Road,Bar,128,Hamlet Court Road,Westcliff-On-Sea,SS0 7LN,"128 Hamlet Court Road, Westcliff-On-Sea, SS0 7LN",,https://www.baruptheroad.com/,,51.5401129,0.6947894,node,13509889990
Upfront Gallery Puppet Theatre,Theatre,,,,,,,https://www.up-front.com/puppet_theatre.html,,54.7156179,-2.8507358,way,371739464
Upfront Theatre,Theatre,,,,,,,,,51.5553607,-0.0736029,node,11270470061
Upper Lakeside Bandstand,Bandstand,,,Leeds,LS8 2HH,"Leeds, LS8 2HH",,,,53.8394956,-1.4967609,way,85208218
Upstage Centre Youth Theatre,Theatre,41,Monkgate,York,YO31 7PB,"41 Monkgate, York, YO31 7PB",,,,53.9643671,-1.0762896,node,2726497924
Upstagers Theatre Group,Theatre,,Station Road,Ilkley,LS29 8HA,"Station Road, Ilkley, LS29 8HA",,https://www.upstagers.org.uk/,+44 1943 604792,53.9241708,-1.821843,node,4472776104
Upstairs @ Ronnie’s,Bar,,,,,,,https://www.ronniescotts.co.uk/upstairsronnies,,51.5134461,-0.1315987,node,372519530
Upstairs at the Gatehouse,Theatre,,North Road,London,N6 4BD,"North Road, London, N6 4BD",,https://www.upstairsatthegatehouse.com/,+44 20 8340 3488,51.5713837,-0.1499456,node,4171880790
Upstairs at the Otley Labour Rooms,Music venue,,,,,,,,,53.9052483,-1.691291,node,11282240466
Uptonsteel County Ground,Stadium,,,,,,,,,52.6076144,-1.1428571,way,4672968
Urban,Nightclub,,,,,,,,,53.1437555,-1.1943919,way,1284397921
Urban Forage,Events venue,,,,,,,https://www.urbanforage.me/,,50.869252,-0.1032839,node,10897527075
Usher Hall,Theatre,,Lothian Road,Edinburgh,EH1 2EA,"Lothian Road, Edinburgh, EH1 2EA",,https://www.usherhall.co.uk/,+44 131 228 1155,55.9472535,-3.2048824,way,230567157
Ustinov,Theatre,,,,BA1 1ET,BA1 1ET,,https://www.theatreroyal.org.uk/your-visit/ustinov/,,51.3819822,-2.3633149,way,120983143
USW Stand,Stadium,,,,,,,,,51.4734588,-3.2036687,way,191648498
Utilita Arena,Music venue,,Arena Way,Newcastle upon Tyne,NE4 7NA,"Arena Way, Newcastle upon Tyne, NE4 7NA",,https://www.utilitaarena.co.uk/,+44 844 493 4567,54.9638047,-1.6232775,way,145317118
Utilita Arena Birmingham,Stadium,,King Edwards Road,Birmingham,B1 2AA,"King Edwards Road, Birmingham, B1 2AA",,http://www.thenia.co.uk,,52.4797241,-1.9149182,way,22821438
Utilita Arena Cardiff,Music venue,,Mary Ann Street,Cardiff,CF10 2EP,"Mary Ann Street, Cardiff, CF10 2EP",,https://www.livenation.co.uk/cardiff,,51.4788816,-3.1717401,way,26763799
Utilita Arena Sheffield,Events venue,,Broughton Lane,Sheffield,S9 2DF,"Broughton Lane, Sheffield, S9 2DF",,,,53.3998934,-1.4188158,way,23049454
Utilita Bowl,Stadium,,,,,,,,,50.9236451,-1.3233803,way,220131301
Utopia,Nightclub,30-36,George Street,Montrose,DD10 8EW,"30-36 George Street, Montrose, DD10 8EW",,,,56.7085168,-2.4667202,node,11878785713
Uxbridge F.C.,Stadium,,,,,,,,,51.5139559,-0.4575282,way,38165891
V Bar,Nightclub,26,West Street,,CW12 1JR,"26 West Street, CW12 1JR",,https://vloungebar.co.uk/,,53.163479,-2.2165011,node,5905863126
V22 Studios,Arts centre,10-16,Ashwin Street,London,E8 3DL,"10-16 Ashwin Street, London, E8 3DL",,http://www.v22collection.com/v22-dalston/,,51.5466991,-0.0741807,way,397640215
V22 Studios,Arts centre,3-9,Belfast Road,London,N16 6UN,"3-9 Belfast Road, London, N16 6UN",,,,51.5659018,-0.07209,way,1007597730
Vaillant Live,Events venue,2,Colyear Street,Derby,DE1 1LA,"2 Colyear Street, Derby, DE1 1LA",,https://vaillantlive.co.uk/,,52.9213688,-1.4805206,way,1310886124
Vale Park,Stadium,,,,,,,,,53.049975,-2.1925984,way,553506535
Vale Sports Arena,Events venue,,Penarth Road,Cardiff,CF11 8TW,"Penarth Road, Cardiff, CF11 8TW",,https://www.valesportsarena.co.uk,,51.4530872,-3.1956136,node,11136429101
Valerie Park (Prescot Cables FC),Stadium,,Eaton Street,,L34 6HD,"Eaton Street, L34 6HD",,,,53.4318289,-2.8048483,way,204162114
Valley Parade,Stadium,,Valley Parade,,,Valley Parade,,,,53.8043311,-1.7593285,way,553222377
Valley Road,Stadium,,,,,,,,,53.4544796,-2.3983445,relation,1831082
Vanity,Nightclub,4,Carlisle Street,London,W1D 3BJ,"4 Carlisle Street, London, W1D 3BJ",,,,51.5148419,-0.1335192,way,288392859
Vaughan's Private Members Club,Nightclub,,Stratford Road,Birmingham,B28 9AA,"Stratford Road, Birmingham, B28 9AA",,,,52.4328329,-1.8461438,way,85607912
Vault Studio Space,Arts centre,,,,,,,,,54.2689336,-0.9304946,node,1764380700
Vauxhall Sports and Social Club,Nightclub,,,,,,,,,52.4869746,-1.8770077,node,258359920
VC Gallery,Arts centre,,Britannia Road,,SA72 6PD,"Britannia Road, SA72 6PD",,https://thevcgallery.com/,,51.6873078,-4.9411859,way,405916979
VCD Athletic,Stadium,,,,,,,,,51.4558762,0.1699725,way,250683443
Velvet Lounge,Nightclub,92,Kilbirnie Street,Glasgow,G5 8JD,"92 Kilbirnie Street, Glasgow, G5 8JD",,,,55.8470572,-4.2644495,node,5310603845
Venga,Nightclub,70,Chapel Street,Aberdeen,AB10 1SN,"70 Chapel Street, Aberdeen, AB10 1SN",,,,57.1457161,-2.1100799,node,11357179482
Vennel Venue,Events venue,,Washington Street,Glasgow,G3 8AZ,"Washington Street, Glasgow, G3 8AZ",,https://boxhub.uk/vennel-hire-event-hire-glasgow/,,55.8580721,-4.2687732,node,13019013078
Venom,Nightclub,,,,,,,,,51.2770888,-2.2029758,way,44840024
Ventnor Exchange,Arts centre,11,Church Street,Ventnor,PO38 1SW,"11 Church Street, Ventnor, PO38 1SW",,https://ventnorexchange.co.uk/,+44 1983 716 767,50.5946855,-1.2062181,node,5488854445
Venture Arts Studio,Arts centre,43-45,Old Birley Street,Manchester,M15 5RF,"43-45 Old Birley Street, Manchester, M15 5RF",,,,53.4656646,-2.2485092,node,11828820086
Venue,Nightclub,,,,,,,,,51.0787794,-4.0600329,node,346653567
Venue,Nightclub,,,,,,,,,54.9789879,-1.6152617,node,3865675507
Venue,Nightclub,,,,,,,,,51.9114509,-0.2088588,node,4100777591
Venue 16,Events venue,312,Tuddenham Road,Ipswich,IP4 3QJ,"312 Tuddenham Road, Ipswich, IP4 3QJ",,https://www.venue16.co.uk/,,52.0754898,1.1801101,way,352816097
Venue 229,Nightclub,229,Great Portland Street,London,W1W 5PN,"229 Great Portland Street, London, W1W 5PN",,https://229.london,,51.5235138,-0.1446307,node,2766493533
Venue 23,Music venue,23,Smyth Street,Wakefield,WF1 1ED,"23 Smyth Street, Wakefield, WF1 1ED",,,,53.6804851,-1.5020668,way,87266456
Venue 38,Nightclub,1-5,Arthur Street,Ayr,KA7 1QJ,"1-5 Arthur Street, Ayr, KA7 1QJ",,,+44 1292 613613,55.4622557,-4.6318475,node,3640477729
Venue 77,Events venue,,,,,,,https://www.facebook.com/venue77ipswich/?locale=en_GB,,52.0514587,1.1681789,way,224042067
Venue Central,Nightclub,,,,,,,,,51.8905158,-0.4329246,node,7204665888
Venue Cymru,Theatre,,Promenade,Llandundo,LL30 1BB,"Promenade, Llandundo, LL30 1BB",,https://www.venuecymru.co.uk,+44 1492 872 000,53.3218229,-3.8174049,node,8536843197
Venue Dumfries,Nightclub,6 - 7,Church Place,Dumfries,DG1 1BW,"6 - 7 Church Place, Dumfries, DG1 1BW",,,,55.0701555,-3.6118789,node,4937970851
Venue Longformacus,Theatre,,Longformacus,Duns,TD11 3PE,"Longformacus, Duns, TD11 3PE",,,,55.8068827,-2.4908227,way,231700638
Venue MOT,Nightclub,20,Surrey Canal Road,London,SE14 5RT,"20 Surrey Canal Road, London, SE14 5RT",,,,51.4849178,-0.0484179,node,11769967565
Venue3,Events venue,55-61,Regent Street,Swindon,SN1 1JS,"55-61 Regent Street, Swindon, SN1 1JS",,,,51.559888,-1.7837334,way,1088389353
Vera Fletcher Hall,Theatre,,,Thames Ditton,KT7 0LQ,"Thames Ditton, KT7 0LQ",,,,51.3900876,-0.3404529,way,766711520
Vernon Theatre,Theatre,,,,,,,,,50.8701305,-1.5799203,way,729338102
Verve,Bar,16,Merrion Street,Leeds,LS1 6PQ,"16 Merrion Street, Leeds, LS1 6PQ",,,,53.8004806,-1.5402402,node,4636294293
Verwood Hub,Theatre,,,,,,,,,50.8810063,-1.8818818,node,1274451460
Vevents,Events venue,,,,,,,https://events.co.uk,,55.4592836,-4.6287596,node,13723015106
VFD,Nightclub,66,Stoke Newington Road,London,N16 7XB,"66 Stoke Newington Road, London, N16 7XB",,https://www.vfdalston.com/,,51.5524694,-0.0746995,node,4691984825
Vibe,Nightclub,,Bede Way,Peterlee,SR8 1BU,"Bede Way, Peterlee, SR8 1BU",,,+44 191 586 2161,54.7592812,-1.3372243,way,845409138
Vibe,Nightclub,,,,,,,,,51.3727925,1.1281846,way,936525253
Vibe,Nightclub,23,Holywell Street,Chesterfield,S41 7SA,"23 Holywell Street, Chesterfield, S41 7SA",,,,53.237419,-1.4247905,way,1279133970
Vicarage Road Stadium,Stadium,,Vicarage Road,,,Vicarage Road,,,,51.6498187,-0.4014717,way,7989344
Vicky Show Bar,Nightclub,,,,,,,,,53.7236879,-1.8603373,node,5468321864
Victoria Embankment Open Air Theatre,Theatre,,,,,,,,,51.5078882,-0.1225397,way,149173486
Victoria Hall,Theatre,,Bagnall Street,Stoke-on-Trent,ST1 3AD,"Bagnall Street, Stoke-on-Trent, ST1 3AD",,,,53.0230971,-2.1751766,way,68154873
Victoria Hall,Arts centre,,,Settle,BD24 9DZ,"Settle, BD24 9DZ",,https://www.settlevictoriahall.org.uk/,,54.0688078,-2.27898,way,124907649
Victoria Hall,Theatre,,,,,,,,,51.7844942,0.1360105,way,209562497
Victoria Hall,Theatre,,Market Square,Crewkerne,TA18 7LN,"Market Square, Crewkerne, TA18 7LN",,,,50.8852207,-2.7956375,way,245341722
Victoria Hall,Theatre,,Kinloch Road,Campbeltown,,"Kinloch Road, Campbeltown",,,,55.4250442,-5.6044288,way,255709918
Victoria Hall,Events venue,,Victoria Road,Bexhill-on-Sea,TN39 3PD,"Victoria Road, Bexhill-on-Sea, TN39 3PD",,,,50.8418619,0.4691472,way,397895529
Victoria Institute,Arts centre,10,Tarrant Street,Arundel,BN18 9DG,"10 Tarrant Street, Arundel, BN18 9DG",,,,50.8541326,-0.5562632,way,516014313
Victoria Palace Theatre,Theatre,79,Victoria Street,London,SW1E 5EA,"79 Victoria Street, London, SW1E 5EA",,https://www.victoriapalacetheatre.co.uk,,51.4968783,-0.1424492,way,107160897
Victoria Park,Stadium,,Clarence Road,Hartlepool,TS24 8BZ,"Clarence Road, Hartlepool, TS24 8BZ",,https://www.hartlepoolunited.co.uk/club/victoria-park/,,54.6892999,-1.2126678,way,34258560
Victoria Pleasure Grounds,Stadium,,Marcus Street,Goole,DN14 6SL,"Marcus Street, Goole, DN14 6SL",,,,53.7031804,-0.8806872,way,146389768
Victoria Road,Stadium,,,,,,,,,51.5476644,0.1598952,way,23143068
Victorian Bandstand,Bandstand,,,,,,,,,57.1304186,-2.1037134,way,128912371
Victorian Bandstand,Bandstand,,,,,,,,,51.8918889,0.9033307,way,220840036
Victorian Bath House London,Events venue,8,Bishopsgate Churchyard,London,EC2M 3TJ,"8 Bishopsgate Churchyard, London, EC2M 3TJ",,https://www.victorianbathhouse.co.uk/,,51.5166828,-0.0828796,way,397276839
Victory Club,Nightclub,,,,,,,,,52.2442728,-1.3196448,way,190209580
Victory Hall,Events venue,,,,,,,,,51.6191564,0.0770538,way,820106717
Victory Park,Stadium,,Duke Street,Chorley,PR7 3DU,"Duke Street, Chorley, PR7 3DU",,,,53.645842,-2.6292766,way,566980797
Viennas,Nightclub,20,New Street,Paisley,PA1 1YA,"20 New Street, Paisley, PA1 1YA",,,,55.8441162,-4.4257645,node,571602524
Viessmann East Stand,Stadium,,,,,,,,,53.4690892,-2.3743749,way,532632439
Villa Mercedes,Nightclub,,,,,,,,,53.9944952,-1.5388609,node,3771034579
Villa Nightclub,Nightclub,,Park Parade,London,NW10 4JB,"Park Parade, London, NW10 4JB",,,,51.5362981,-0.244564,way,1316869006
Villa Park,Stadium,,Trinity Road,Birmingham,B6 6HE,"Trinity Road, Birmingham, B6 6HE",42788,,,52.5091043,-1.8848193,way,23136743
Village Ceramics,Arts centre,,,,,,,,,51.3569441,-0.2160308,node,835833819
Village Later,Nightclub,,,,,,,,,52.4725443,-1.8946333,node,8908514894
Village Point,Events venue,35,Heaton Moor Road,Stockport,SK4 4PB,"35 Heaton Moor Road, Stockport, SK4 4PB",,https://villagepoint.co.uk/,,53.423515,-2.1819595,node,13474108437
Village Theatre,Theatre,,,Glasgow,G74 4HG,"Glasgow, G74 4HG",,,,55.76612,-4.1728333,way,86497322
Village Underground,Nightclub,54,Holywell Lane,London,EC2A 3PQ,"54 Holywell Lane, London, EC2A 3PQ",,https://www.villageunderground.co.uk/,,51.5235608,-0.0786315,way,205296759
Vincent's Function & Event Hire,Events venue,15,Main Street,Coatbridge,ML5 3AJ,"15 Main Street, Coatbridge, ML5 3AJ",,https://vincentspartyandfunctionsuite1.godaddysites.com/,+44 1236 897576,55.8625143,-4.0287117,node,13760911471
Vine Bandstand,Bandstand,,,,,,,,,51.2750692,0.1935009,node,4440828144
Vinyl,Nightclub,22a,Sidney Street,Cambridge,CB2 3HG,"22a Sidney Street, Cambridge, CB2 3HG",,,,52.2064321,0.1206189,node,2382441505
Vinyl,Nightclub,,,,,,,,,51.6594939,-0.4003924,node,6616378677
Vinyl,Nightclub,,Spinning School Lane,Tamworth,B79 7BD,"Spinning School Lane, Tamworth, B79 7BD",,,,52.6354297,-1.6936192,node,7395135961
Vinyl,Nightclub,,,,,,,,,50.7220969,-1.8738009,node,13664999090
VIP Boxes,Events venue,,,,,,,,,50.9622105,-0.1966943,way,954617911
Viper Rooms,Nightclub,35,Carver Street,Sheffield,S1 4FS,"35 Carver Street, Sheffield, S1 4FS",,,,53.3803341,-1.4735654,way,105506834
Visitors' Stand,Stadium,,,,,,,,,51.4725145,-3.2018278,way,779000658
Visual Arts Centre,Arts centre,,,Scunthorpe,DN15 6TB,"Scunthorpe, DN15 6TB",,,,53.5922934,-0.6415291,way,1227211753
Vitality Stadium,Stadium,,Kings Park,Bournemouth,BH7 7AF,"Kings Park, Bournemouth, BH7 7AF",,,,50.7352008,-1.8383244,way,612208694
Vittoria Wharf Studio,Arts centre,10,Stour Road,London,E3 2NT,"10 Stour Road, London, E3 2NT",,https://www.vittoriawharfstudio.com/,+44 7464 412214,51.5398887,-0.0209588,way,195293628
Viva,Nightclub,3,Hill Rise,Richmond,TW10 6UQ,"3 Hill Rise, Richmond, TW10 6UQ",,,,51.4580172,-0.3055796,way,432788111
Viva Vegas Showroom,Theatre,3,Church Street,Blackpool,FY1 1HJ,"3 Church Street, Blackpool, FY1 1HJ",,,,53.8169434,-3.0553686,way,146608596
Vivaz,Nightclub,,,,,,,http://www.vivaz.co.uk,,54.2819409,-0.4005547,way,310636579
ViViD Nightclub,Nightclub,,,,,,,,,51.3715714,1.1297588,way,640893981
Vogue,Nightclub,55,High Street,Bedford,MK40 1RZ,"55 High Street, Bedford, MK40 1RZ",,,,52.1363587,-0.4664047,node,1309490386
Vogue,Nightclub,,,,,,,,,52.5828118,-1.9841757,node,2946731042
Void,Nightclub,17,King Street,Wigan,WN1 1DY,"17 King Street, Wigan, WN1 1DY",,,,53.5445003,-2.6317513,node,9137685832
Volt,Nightclub,9,Wellington Street,Barnsley,S70 1SS,"9 Wellington Street, Barnsley, S70 1SS",,,,53.5514547,-1.4820298,way,320427249
Voodoo Daddy's Showroom,Events venue,68a,London Street,Norwich,NR2 1JT,"68a London Street, Norwich, NR2 1JT",,https://www.voodoodaddysshowroom.co.uk/,,52.6298979,1.2969534,node,11582649295
Vortex Bar & Night Club,Nightclub,8,King Street,Wakefield,WF1 2SQ,"8 King Street, Wakefield, WF1 2SQ",,,,53.6829965,-1.5002476,node,5349051816
Vortex Jazz Club,Bar,11,Gillett Square,London,N16 8AZ,"11 Gillett Square, London, N16 8AZ",,https://www.vortexjazz.co.uk/,+44 20 7254 4097,51.5487938,-0.0766414,way,220783467
Vox Arms,Events venue,,Crooked Billet Yard,London,E2 8AF,"Crooked Billet Yard, London, E2 8AF",,https://shoreditch.com/voxonica,,51.528031,-0.0782751,node,3502927370
VOX Conference Centre,Conference centre,,,,,,,,,52.4480973,-1.7178593,way,392350726
Voxonica,Events venue,,Crooked Billet Yard,London,E2 8AF,"Crooked Billet Yard, London, E2 8AF",,https://shoreditch.com/voxonica,,51.5281889,-0.0781761,node,9246091442
Vybe Bar & Nightclub,Nightclub,,High Street,Aldershot,GU11 1DJ,"High Street, Aldershot, GU11 1DJ",,,+44 7557 416430,51.2503881,-0.7654918,node,10965364950
W R Lysaght Institute,Events venue,,Orb Drive,Newport,NP19 0RA,"Orb Drive, Newport, NP19 0RA",,https://www.lysaght-institute.com/,+44 1633 284911,51.5769096,-2.9677685,node,7841367601
WAC Arts Centre,Arts centre,213,Haverstock Hill,London,NW3 4QP,"213 Haverstock Hill, London, NW3 4QP",,https://www.wacarts.co.uk/,+44 20 7692 5800,51.55097,-0.1665386,node,9007680303
Wagner Hall,Events venue,,Regency Road,Brighton,BN1 2RU,"Regency Road, Brighton, BN1 2RU",,https://www.wagnerhallbrighton.co.uk/,,50.8224153,-0.1447044,way,137396850
Waitrose Conference Centre,Events venue,,,,,,,,,51.4116644,-0.7659418,node,12388787175
Wake the Tiger,Arts centre,127,Albert Road,Bristol,BS2 0YA,"127 Albert Road, Bristol, BS2 0YA",,,,51.4457854,-2.5660238,way,125759267
Wales Millennium Centre,Arts centre,,Bute Place,Cardiff,CF10 5AL,"Bute Place, Cardiff, CF10 5AL",,https://www.wmc.org.uk/,+44 29 2063 6464,51.4648773,-3.1633147,way,987017194
Walker Art Gallery,Arts centre,,William Brown Street,Liverpool,L3 8EL,"William Brown Street, Liverpool, L3 8EL",,https://www.liverpoolmuseums.org.uk/walker/,,53.410018,-2.9796289,node,618545413
Wallace Bandstand,Bandstand,,,,,,,,,57.5878908,-3.8712205,way,116591328
Wallace Space,Conference centre,22,Duke's Road,London,WC1H 9PN,"22 Duke's Road, London, WC1H 9PN",,https://www.wallacespace.com/st_pancras.html,,51.5270027,-0.1288285,way,280498637
Walled Garden Amphitheatre,Theatre,,,,,,,,,51.6902944,-0.2933988,way,1057038935
Wallsend Hall,Events venue,,The Green,Wallsend,NE28 7PA,"The Green, Wallsend, NE28 7PA",,https://www.wallsendhall.co.uk/,+44 191 263 7022,54.9962268,-1.5307982,way,263135484
Walmer Memorial Bandstand,Bandstand,,,,,,,,,51.2144109,1.4032549,way,84086907
Warehouse,Nightclub,1-2,Russell Street,Stroud,GL5 3AB,"1-2 Russell Street, Stroud, GL5 3AB",,,,51.744248,-2.2172509,way,516916716
Warehouse,Exhibition centre,,,,,,,,,53.4782849,-2.2572671,node,11112429076
Warehouse 34,Nightclub,,,,,,,,,54.9714776,-1.5810004,way,166850022
Warehouse Night Club,Nightclub,43,Burrowgate,Penrith,CA11 7TA,"43 Burrowgate, Penrith, CA11 7TA",,https://www.thewarehousepenrith.co.uk/,,54.6650977,-2.7515865,node,1270257624
Waresley Park Amphitheatre,Theatre,,,,,,,https://www.waresleyparkestate.co.uk/amphitheatre,,52.1748252,-0.1861184,node,13796098337
Warout Stadium,Stadium,,,,,,,,,56.1901995,-3.1688894,way,1042953869
Warren Farmhouse,Events venue,,,,,,,,,53.1645436,-1.1568544,node,11760692627
Warren Weir,Events venue,,,,,,,https://www.lutonhoo.co.uk/warren-weir-overview,,51.8539793,-0.37859,node,12164150669
Warwick Arts Centre,Arts centre,,,,,,,,,52.3799292,-1.5614085,way,45841793
Warwick Arts Centre Theater,Theatre,,,,,,,,,52.3796227,-1.561025,node,1686053278
Warwick Conservative Club,Nightclub,11,Swan Street,Warwick,CV34 4BJ,"11 Swan Street, Warwick, CV34 4BJ",,,,52.2812619,-1.5894622,way,244092623
Warwick District Council,Bandstand,,,,,,,,,52.2873342,-1.5356687,way,308144716
Warwick Road End,Stadium,,,,,,,,,54.8949134,-2.9137666,way,191631373
Warwickshire Events Centre,Exhibition centre,,,,,,,http://www.warwickshireexhibitioncentre.co.uk/,,52.2689468,-1.4691172,way,512135518
Washington Arts Centre,Arts centre,,Biddick Lane,Washington,NE38 8AB,"Biddick Lane, Washington, NE38 8AB",,www.artscentrewashington.co.uk,+44 191 219 3455,54.8858377,-1.5194062,node,429569462
WASPS Artists' Studios,Arts centre,,,,,,,,,55.9438281,-3.2202496,way,206665574
WASPS Courtyard Artists' Studios,Arts centre,128,Harbour Street,Irvine,,"128 Harbour Street, Irvine",,,,55.6078057,-4.6859544,way,382072997
WASPS Hanson Street Studios,Arts centre,77,Hanson Street,Glasgow,G31 2HF,"77 Hanson Street, Glasgow, G31 2HF",,https://www.waspsstudios.org.uk/space/hanson-street-studios/,,55.8647504,-4.2262328,way,114451831
Wasps Langstane Studios,Arts centre,36-48,Langstane Place,Aberdeen,AB11 6EN,"36-48 Langstane Place, Aberdeen, AB11 6EN",,https://www.waspsstudios.org.uk/space/langstane-studios/,,57.1436553,-2.1068828,way,1040741311
WASPS Links Studios,Arts centre,,Grant Street,Nairn,,"Grant Street, Nairn",,,,57.5876397,-3.8681858,way,715894925
WASPS South Block,Arts centre,60,Osborne Street,,,60 Osborne Street,,https://southblock.co.uk,+44 141 271 4700,55.8561023,-4.2471335,node,1581414308
WASPS Studio,Arts centre,Third Floor Meadow Mill,West Henderson's Wynd,Dundee,DD1 5BY,"Third Floor Meadow Mill West Henderson's Wynd, Dundee, DD1 5BY",,,,56.4622905,-2.9841037,node,5414408021
WASPS The Briggait,Arts centre,,,,,,,,,55.8543802,-4.2496392,way,121762285
Wasted Nightclub,Nightclub,1,Sea Road,Cleethorpes,DN35 8SG,"1 Sea Road, Cleethorpes, DN35 8SG",,,,53.5612422,-0.0282205,node,5623749224
WaterBear Venue,Music venue,169-170,King's Road Arches,Brighton,BN1 1NB,"169-170 King's Road Arches, Brighton, BN1 1NB",,https://waterbearvenue.com/,,50.8202475,-0.1437496,node,1515288231
Waterfront,Nightclub,,,Wick,KW1 4JX,"Wick, KW1 4JX",,,,58.4429691,-3.0876366,way,506461055
Waterloo East Theatre,Theatre,,Brad Street,London,SE1 8TN,"Brad Street, London, SE1 8TN",,https://www.waterlooeast.co.uk/,+44 20 7928 0060,51.504072,-0.110137,node,2879556420
Watermans Arts Centre,Arts centre,,,,TW8 0DS,TW8 0DS,,,,51.4857891,-0.2980658,way,23777920
Watermill Theatre,Theatre,,,,RG20 8AE,RG20 8AE,,https://www.watermill.org.uk/,+44 1635 45834;+44 1635 46044,51.4213161,-1.3524974,way,143760538
Watershed Studio,Arts centre,,St Cleres Hall Lane,St Osyth,CO16 8RX,"St Cleres Hall Lane, St Osyth, CO16 8RX",,https://www.watershedstudio.co.uk/,,51.7947992,1.081403,way,422861574
Waterside Arts Centre,Theatre,,,,,,,,,53.4251677,-2.3194459,way,132420493
Waterside Theatre,Theatre,,,,,,,http://watersidetheatreaylesbury.com/,,51.8147982,-0.8094467,way,133889165
Watersmeet,Theatre,,,,,,,,,51.6391766,-0.4680255,way,862118248
Watford Colosseum,Theatre,,,Watford,WD17 3JN,"Watford, WD17 3JN",,https://watfordcolosseum.co.uk/,,51.658922,-0.4034534,node,1265649653
Watford Palace Theatre,Theatre,,,Watford,WD17 1JZ,"Watford, WD17 1JZ",,,,51.6571235,-0.3971311,way,145263151
Wave Bar,Nightclub,12,Tib Street,Manchester,M4 1SH,"12 Tib Street, Manchester, M4 1SH",,,,53.4819427,-2.2367125,node,357160362
Waves Cabaret Club,Nightclub,,,,,,,,,50.4307197,-5.0453064,way,308667333
we are 336,Conference centre,336,Brixton Road,London,SW9 7AA,"336 Brixton Road, London, SW9 7AA",,https://www.weare336.org.uk/,,51.4681469,-0.1129366,node,4450673513
Weapon of Choice Gallery,Arts centre,8B,Park Street,Bristol,BS1 5HR,"8B Park Street, Bristol, BS1 5HR",,,,51.4534808,-2.6011845,node,2023344565
Web Theatre,Theatre,,,,,,,,,54.5951689,-5.6950823,node,1231413488
Webster Memorial Theatre,Theatre,64,High Street,Arbroath,DD11 1AW,"64 High Street, Arbroath, DD11 1AW",,,,56.5579354,-2.5816751,way,408467337
Webster's Ropery,Events venue,,Deptford Terrace,Sunderland,SR4 6DJ,"Deptford Terrace, Sunderland, SR4 6DJ",,,,54.9137422,-1.4012754,way,62324083
Websters Theatre,Theatre,,,,,,,,,55.8744528,-4.2781427,way,14638370
Wedding Area,Events venue,,,,,,,,,51.6006844,-0.6122394,way,1051547171
Wedding Venue,Events venue,,,,,,,,,55.4774027,-4.3644012,way,936514872
Wedgewood Rooms,Nightclub,147B,Albert Road,Southsea,PO4 0JW,"147B Albert Road, Southsea, PO4 0JW",,,,50.7868097,-1.075918,node,1299333364
Wednesbury Museum & Art Gallery,Arts centre,,,Wednesbury,WS10 7DF,"Wednesbury, WS10 7DF",,,,52.5505049,-2.0220655,way,1299561416
Weisdale Mill,Arts centre,,,,,,,,,60.2602217,-1.2883137,node,254338882
Welbeck Hall,Events venue,,Welbeck Road,Nottingham,NG2 7QW,"Welbeck Road, Nottingham, NG2 7QW",,https://www.welbeckhall.com/,,52.9333283,-1.1380787,way,79093190
Wellington Arts Centre,Theatre,,Eight Acre Lane,Wellington,TA21 8PS,"Eight Acre Lane, Wellington, TA21 8PS",,,,50.9747033,-3.2254952,way,437263639
Wellington Barn,Events venue,,,,,,,,,51.4088765,-1.9707754,way,915869465
Wells Maltings,Arts centre,,Staithe Street,Wells-next-the-Sea,NR23 1AN,"Staithe Street, Wells-next-the-Sea, NR23 1AN",,https://www.wellsmaltings.org.uk/,,52.9566973,0.8520405,way,319192442
Wells Rugby Club,Stadium,,,,,,,,,51.2116932,-2.6624139,way,150194805
Wem Town Hall,Arts centre,,,,,,,https://www.wemtownhall.co.uk/,,52.855654,-2.7244997,way,202353641
Wembley Stadium,Stadium,,,,,,,,,51.5560663,-0.2796038,relation,12942436
Werneth Grange,Events venue,,Grange Avenue,Oldham,OL8 4EL,"Grange Avenue, Oldham, OL8 4EL",,https://wernethgrange.org.uk/,+44161 652 5600,53.5309812,-2.1321137,node,12138706892
Werneth Suite,Events venue,79,Manchester Road,Oldham,OL8 4LN,"79 Manchester Road, Oldham, OL8 4LN",,,,53.5281201,-2.1343554,node,10756670988
West Acre Gallery,Arts centre,,River Road,King's Lynn,PE32 1UA,"River Road, King's Lynn, PE32 1UA",,https://www.westacregallery.co.uk/,,52.7038066,0.6340638,way,390445408
West Acre Theatre,Theatre,,,,,,,,,52.7024249,0.6313398,way,390443124
West Cliff Theatre,Theatre,,Tower Road,Clacton-on-Sea,CO15 1LE,"Tower Road, Clacton-on-Sea, CO15 1LE",,,,51.7867716,1.148203,way,57869776
West End Centre,Arts centre,48,Queens Road,Aldershot,GU11 3JD,"48 Queens Road, Aldershot, GU11 3JD",,https://www.westendcentre.co.uk/,,51.2479441,-0.769631,way,1186854360
West Heath Snooker Club,Nightclub,,,,,,,,,52.3941053,-1.9602768,way,160935854
West Indian Club,Nightclub,,,,,,,,,52.3750073,-1.2558475,way,415703988
West Kirby Arts Centre,Arts centre,,,,,,,,,53.3726269,-3.1790085,way,323492103
West Kirby Social Club,Nightclub,,Banks Road,Wirral,CH48 0RE,"Banks Road, Wirral, CH48 0RE",,,,53.3696944,-3.1839028,node,2627336784
West Leigh Park,Stadium,,Martin Road,Havant,PO9 5TH,"Martin Road, Havant, PO9 5TH",,,,50.8671205,-0.9740792,way,90068888
West Midlands Centre for Circus & Physical Theatre,Arts centre,,,,,,,,,52.4789708,-1.8832514,node,4902194188
West Riding Licensed Refreshment Rooms,Pub,,Wellington Road,Dewsbury,WF13 1HF,"Wellington Road, Dewsbury, WF13 1HF",,http://www.imissedthetrain.com/west/,,53.6918154,-1.6333027,way,99990689
West Stand,Stadium,,,,,,,,,55.9615567,-3.1660387,way,62171394
West Stand,Stadium,,,,,,,,,56.4748882,-2.9699689,way,84499254
West Stand,Stadium,,,,,,,,,53.3658018,-2.7394884,way,179970855
West Stand,Stadium,,,,,,,,,55.9446506,-4.0386937,way,182440800
West Stand,Stadium,,,,,,,,,55.8859944,-3.5225894,way,188700338
West Stand,Stadium,,,,,,,,,53.5472343,-2.654578,way,193236755
West Stand,Stadium,,,,,,,,,51.5550712,-0.1093537,way,193811141
West Stand,Stadium,,,,,,,,,53.4628017,-2.2926342,way,351220229
West Stand,Stadium,,,,,,,,,53.4811763,-2.1936769,way,445484334
West Stand,Stadium,,,,,,,,,53.4695437,-2.3758604,way,532632441
West Stand,Stadium,,,,,,,,,53.984312,-1.0536216,way,680787815
West Stand,Stadium,,Westgate Street,Cardiff,CF10 1DF,"Westgate Street, Cardiff, CF10 1DF",,,,51.4793444,-3.1844122,way,794512506
West Stand,Stadium,,,,,,,,,51.4866852,0.0357592,way,1065893825
West Stand,Stadium,,,,,,,,,51.4779059,-3.1834891,way,1287333674
West Stand,Stadium,,,,,,,,,52.4556498,-1.9038345,way,1448244514
West Street Live,Nightclub,128,West Street,Sheffield,S1 4ES,"128 West Street, Sheffield, S1 4ES",,,,53.3810376,-1.4761101,way,1205293778
West Turnstiles,Stadium,,,,,,,,,57.6512934,-3.3209259,way,1117925294
Westlands Entertainment Venue,Theatre,,,,,,,,,50.9410048,-2.6507667,way,533056179
Westminster Theatre,Theatre,,,,,,,,,53.0032079,-2.273722,node,4144979426
Westmorland County Showground,Exhibition centre,,,Crooklands,LA7 7NH,"Crooklands, LA7 7NH",,https://westmorlandshow.co.uk/,+44 15395 67804,54.2478776,-2.726196,way,549650603
Westmorland Hall,Events venue,,Burton Road,Kendal,LA9 7HX,"Burton Road, Kendal, LA9 7HX",,https://betterboxoffice.co.uk/westmorland-hall,,54.3156541,-2.7386527,node,10592118500
Weston Auditorium,Theatre,,Mosquito Way,Hatfield,AL10 9EU,"Mosquito Way, Hatfield, AL10 9EU",,,,51.7614655,-0.2485326,way,266066843
Weston Studio,Theatre,,,,,,,,,51.4643413,-3.1629903,node,9130398102
Weston-Super-Mare Football Club,Stadium,,Winterstoke Road,Weston-super-Mare,BS24 9AA,"Winterstoke Road, Weston-super-Mare, BS24 9AA",,,,51.3308206,-2.9553325,way,313138466
Wharf Theatre,Theatre,,The Wharf,Devizes,SN10 1EB,"The Wharf, Devizes, SN10 1EB",,https://www.wharftheatre.co.uk/,,51.3553014,-1.9953834,way,316291263
Whatton House,Events venue,,London Road,,LE12 5BG,"London Road, LE12 5BG",,http://www.whattonhouseandgardens.co.uk/events/about/,,52.8128415,-1.2694731,way,60217821
Whiffler Theatre,Theatre,,,,,,,,,52.6280831,1.2968295,node,13392423466
Whirlow Brook Hall,Events venue,,Ecclesall Road South,Sheffield,S11 9QD,"Ecclesall Road South, Sheffield, S11 9QD",,,,53.3427229,-1.5401038,way,105761454
Whitby Pavilion,Theatre,,West Cliff,Whitby,YO21 3EN,"West Cliff, Whitby, YO21 3EN",,https://www.whitbypavilion.co.uk/,,54.4908997,-0.620036,way,130231092
White Bear Theatre Pub,Theatre,,,,,,,https://www.whitebeartheatre.co.uk/,,51.4867905,-0.1078631,node,295709722
White Building,Arts centre,43,White Post Lane,London,E9 5EN,"43 White Post Lane, London, E9 5EN",,https://www.thewhitebuilding.org.uk/,,51.5429337,-0.0221393,way,170233288
White Lion,Pub,19-19a,Pottery Street,Castleford,WF10 1NJ,"19-19a Pottery Street, Castleford, WF10 1NJ",,,,53.7265662,-1.3656734,way,977792521
White Rabbit Studios,Events venue,,,,,,,,,51.5256063,-0.07863,node,13646215318
White Rock Theatre,Theatre,,White Rock,Hastings,TN34 1JX,"White Rock, Hastings, TN34 1JX",,https://whiterocktheatre.org.uk,,50.8537237,0.5722832,way,676246795
White Rose Banqueting Suite,Events venue,67,Tong Road,Leeds,LS12 1HQ,"67 Tong Road, Leeds, LS12 1HQ",,,,53.7918629,-1.58026,way,395697249
Whitebank Stadium,Stadium,,,,,,,,,53.5185479,-2.1217828,relation,1831097
Whitefield Garrick Theatre,Theatre,,,,,,,https://www.whitefieldgarrick.org/,,53.5521571,-2.2970187,way,258470332
Whitehall Theatre,Theatre,,,,,,,,,56.4581765,-2.9880551,way,51077000
Whittaker Park bandstand,Bandstand,,,,,,,,,53.7023004,-2.2975759,way,463129911
Whittles Oldham,Events venue,57,Roscoe Street,Oldham,OL1 1EA,"57 Roscoe Street, Oldham, OL1 1EA",,,,53.5411478,-2.1057742,node,10050834061
Whitwell Living Theatre,Theatre,,,,,,,,,51.8813536,-0.2820477,way,1377213187
Whitworth Hall,Events venue,,Whitworth Road,Spennymoor,DL16 7QX,"Whitworth Road, Spennymoor, DL16 7QX",,https://whitworth-hall.com/,+44 1388 811772,54.7070443,-1.6347471,relation,8334981
Whynot,Nightclub,14,George Street,Edinburgh,EH2 2PF,"14 George Street, Edinburgh, EH2 2PF",,https://www.wnclub.co.uk/,,55.9535853,-3.1955773,node,2415446250
Wickham Theatre,Theatre,,,,,,,,,51.4558094,-2.6010876,way,186523835
Wigan Little Theatre,Theatre,,,,,,,,,53.5472107,-2.6270292,way,338189590
Wiggle,Nightclub,"1,3",Surrey Street,Portsmouth,PO1 1JT,"1,3 Surrey Street, Portsmouth, PO1 1JT",,,,50.7994695,-1.0904566,node,4339125585
Wighton Heritage Centre,Theatre,,,Dundee,DD1 1DB,"Dundee, DD1 1DB",,https://www.leisureandculturedundee.com/wighton-heritage-centre-0,,56.464523,-2.968821,node,12886595383
Wigmore Hall,Theatre,36,Wigmore Street,London,W1G 9RG,"36 Wigmore Street, London, W1G 9RG",,https://wigmore-hall.org.uk/,+44 20 7258 8200,51.5168338,-0.148307,way,149173487
Wild Boar Amphitheatre,Theatre,,,,,,,,,51.7218188,-3.2827475,way,975975020
Wild Field Events,Events venue,,,,,,,,,50.8370643,-0.7022971,node,13469208028
Wild Shore Delamere,Events venue,,Chester Road,,,Chester Road,,https://www.wildshoredelamere.co.uk/,,53.2174789,-2.6394356,node,13289059301
Wild World Parties,Events venue,60,Skegoneill Avenue,Belfast,BT15 3JP,"60 Skegoneill Avenue, Belfast, BT15 3JP",,,,54.6250664,-5.9340499,way,340115747
Wilde Theatre,Theatre,,,,,,,,,51.3940333,-0.7491326,way,52690860
Wilgar Park,Stadium,,,,,,,,,54.5993838,-5.8784433,way,10292119
William Aston Hall,Arts centre,,,,,,,,+44 1978 293293,53.0525975,-3.0056597,way,271041468
William Penney Theatre,Theatre,,,,RG7 4PR,RG7 4PR,,,,51.3631905,-1.1556988,way,206428782
Willie Knibbs Memorial Stand,Stadium,,,,,,,,,52.4010721,-1.4717082,way,1218077954
Wilmslow Green Room Theatre,Theatre,85-87,Chapel Lane,,,85-87 Chapel Lane,,,,53.3217506,-2.245365,node,620911112
Wilmslow Guild Players,Theatre,,Bourne Street,,,Bourne Street,,,,53.326413,-2.2418767,node,4309277988
Wilson Carlile Centre,Conference centre,,,,,,,,,53.3787501,-1.4812734,relation,2325794
Wilton Fields,Nightclub,,Wilton Road,Grimsby,DN36 4AW,"Wilton Road, Grimsby, DN36 4AW",,https://www.wiltonfields.co.uk/,+44 1472 591 024,53.5375052,-0.0419079,node,13316148117
Wilton's Music Hall,Theatre,1,Graces Alley,London,E1 8JB,"1 Graces Alley, London, E1 8JB",,https://wiltons.org.uk/,,51.5106303,-0.0668911,way,264532955
Wimbledon Art Studios,Arts centre,,,,,,,https://www.wimbledonartstudios.co.uk/,,51.4328049,-0.1883575,node,5696573461
Windermere (Moseley) United Services Club,Nightclub,,,,,,,,,52.4408173,-1.8667908,way,87989507
Winding Wheel,Theatre,13,Holywell Street,Chesterfield,S41 7SA,"13 Holywell Street, Chesterfield, S41 7SA",,,,53.2372832,-1.4242215,way,249740375
Windlesham Club and Theatre,Theatre,,,,,,,,,51.3688709,-0.6623376,node,8268088640
Windmill Theatre,Theatre,,,,,,,,,50.8452848,-0.1844875,node,26737816
Windsor Park,Stadium,,,,,,,,,54.5826512,-5.9552705,relation,9131534
Winford,Stadium,,,,,,,,,51.3694982,-2.6360795,way,478448026
Wingfield Barns,Arts centre,,Church Road,Diss,IP21 5RA,"Church Road, Diss, IP21 5RA",,https://www.wingfieldbarns.com/,,52.3429693,1.2728891,way,420043029
Winkers Nightclub,Nightclub,,Denham Lane,Gerrards Cross,SL9 0QH,"Denham Lane, Gerrards Cross, SL9 0QH",,https://www.winkersnightclub.co.uk/,,51.6083645,-0.543359,node,6838225395
Winstanely College Theatre,Theatre,,,,,,,,,53.5241013,-2.7011839,way,1208173138
Winston Churchilll Hall,Theatre,,Pinn Way,Ruislip,HA4 7QL,"Pinn Way, Ruislip, HA4 7QL",,,,51.5789706,-0.4286796,way,627773534
Winter Garden,Theatre,,,,,,,,,53.9242198,-1.8216496,way,1388851381
Winter Gardens,Theatre,,Royal Parade,Weston-Super-Mare,BS23 1AJ,"Royal Parade, Weston-Super-Mare, BS23 1AJ",,,,51.3492576,-2.9817308,relation,9524233
Winter Gardens,Theatre,,Marine Road Central,Morecambe,LA4 4BU,"Marine Road Central, Morecambe, LA4 4BU",,http://www.morecambewintergardens.co.uk/,,54.0721463,-2.8710018,way,95896664
Winter Gardens,Theatre,14,Compton Street,Eastbourne,BN21 4BP,"14 Compton Street, Eastbourne, BN21 4BP",,,,50.7628203,0.2844098,way,822219094
Wiston House,Conference centre,,,Steyning,BN44 3DZ,"Steyning, BN44 3DZ",,,,50.8997575,-0.358965,way,44109437
Wistow Hall,Events venue,,,,,,,,,52.5563992,-1.0546415,node,81928426
Witton Albion Football Club,Stadium,,,,,,,,,53.2704971,-2.488742,way,279524978
Woburn House,Conference centre,20-24,Tavistock Square,London,WC1H 9HQ,"20-24 Tavistock Square, London, WC1H 9HQ",,https://www.woburnhouse.co.uk/,+44 20 7419 5489,51.5258041,-0.1296248,way,244145563
Woking Bandstand,Bandstand,,,,,,,,,51.3117624,-0.5573955,node,9845839942
Woking Youth Arts Centre,Arts centre,,,Woking,GU21 2SY,"Woking, GU21 2SY",,,,51.3167626,-0.6234905,way,34424404
Wokingham Theatre,Theatre,,Twyford Road,Wokingham,RG40 5TU,"Twyford Road, Wokingham, RG40 5TU",,https://crm.wokingham-theatre.org.uk/,+44 118 989 0395,51.4208334,-0.8394384,way,170458176
Wolfson Conference Centre,Conference centre,,,,,,,https://www.stokemandevillestadium.co.uk/room-plus-event-hire/,,51.8013571,-0.801436,node,5774612410
Wolverhampton Low Level Station,Events venue,,Sun Street,Wolverhampton,WV1 1AA,"Sun Street, Wolverhampton, WV1 1AA",,,,52.5878832,-2.1183219,way,140390513
Wolverton Bandstand,Bandstand,,,,,,,,,52.0584043,-0.8204168,way,1221161379
Wolves Indoor Football Academy,Stadium,,,Wolverhampton,WV6 9NW,"Wolverhampton, WV6 9NW",,,,52.6076569,-2.149498,way,296316673
Wonder & Wild,Events venue,,Monton Road,Salford,M30 9PS,"Monton Road, Salford, M30 9PS",,,,53.4910864,-2.3520733,node,13275706183
Wonderland,Events venue,,,,,,,,,53.3997449,-3.1156773,node,12866392002
Woo Woo,Nightclub,,,,,,,,,52.4753279,-1.8984145,node,2556578578
Woodend Barn Arts Centre,Arts centre,,,,,,,,,57.0633335,-2.4630361,way,92341879
Woodhill Hall,Events venue,,,Newcastle upon Tyne,NE19 1JX,"Newcastle upon Tyne, NE19 1JX",,https://www.woodhillhall.co.uk/,,55.225807,-2.1892674,way,732248345
Woodland Hall,Events venue,,,,,,,,,51.60096,-0.6093201,way,338465553
Woodley Theatre,Theatre,,,,,,,,,51.453984,-0.9043018,node,936136263
Woodside,Events venue,,,,,,,https://www.mapperleyfarm.co.uk/events,,52.9805058,-1.3605345,node,5556515194
Woodside Park,Stadium,,Dunmow Road,Bishop's Stortford,CM23 5RG,"Dunmow Road, Bishop's Stortford, CM23 5RG",4525,,,51.8727259,0.191966,way,24381050
Woodside Stadium,Stadium,,,,,,,,,51.6959249,-0.3944484,way,5045299
Wookey Hole Theatre,Theatre,,Wookey Hole Road,Wookey Hole,,"Wookey Hole Road, Wookey Hole",,,,51.227255,-2.6719318,node,12125057317
Woolas Barn,Events venue,,Appleton Roebuck,York,YO23 7HT,"Appleton Roebuck, York, YO23 7HT",,https://woolasbarn.wedding,,53.8818239,-1.163186,node,13701008745
Woolstore Theatre,Theatre,,,,,,,https://www.thewoolstoretheatre.org.uk/,,51.1579562,-2.0476745,way,1093741039
Woolwich Works,Events venue,11,No 1 Street,London,SE18 6HD,"11 No 1 Street, London, SE18 6HD",,https://www.woolwich.works/,,51.4943602,0.0699897,node,10792721555
Wootton Wawen Social Club,Nightclub,,,,,,,,,52.266132,-1.7800279,way,392121951
Worcestershire County Cricket Club,Stadium,,,,,,,,,52.1893879,-2.2269786,relation,1343379
Work Space Hub,Events venue,58,Legh Street,Warrington,WA3 3PA,"58 Legh Street, Warrington, WA3 3PA",,https://www.work-space-hub.com,,53.473193,-2.6015234,way,1021748780
Workshop Theatre,Theatre,,Woodhouse Lane,Leeds,LS2 3AR,"Woodhouse Lane, Leeds, LS2 3AR",,,,53.8067525,-1.5524485,way,84736035
World Headquarters,Nightclub,,Carliol Square,Newcastle upon Tyne,NE1 6UF,"Carliol Square, Newcastle upon Tyne, NE1 6UF",,https://www.welovewhq.com/,,54.9725596,-1.6082402,node,215654059
Worsley Court House,Events venue,,,,,,,,,53.5002197,-2.3817799,way,966028788
WS1,Nightclub,,,,,,,,,52.5846252,-1.9785104,way,260070337
Wulfrun Hall,Nightclub,,,,,,,,,52.5864698,-2.1313729,node,6274897085
Wunderbar,Nightclub,59,Dumbarton Road,Glasgow,G11 6PD,"59 Dumbarton Road, Glasgow, G11 6PD",,https://wunderbarglasgow.com/,+44 141 280 3934,55.8698229,-4.2966057,way,165771361
WX,Exhibition centre,,,,,,,,,53.6847571,-1.4978999,relation,14279069
Wycombe Swan Theatre,Theatre,,St Mary Street,High Wycombe,HP11 2HE,"St Mary Street, High Wycombe, HP11 2HE",,https://wycombeswan.co.uk/,,51.6280372,-0.7499893,way,97871232
Wyeside Art Centre,Arts centre,,Castle Street,Builth Wells,LD2 3BN,"Castle Street, Builth Wells, LD2 3BN",,https://www.wyeside.co.uk/,+44 1982 552 555,52.1500675,-3.4003212,way,886482645
Wyllyotts Theatre,Theatre,,,,,,,,,51.6961677,-0.1938353,node,4798936336
Wyndham's,Theatre,,Charing Cross Road,London,WC2H 0DA,"Charing Cross Road, London, WC2H 0DA",,,,51.5111107,-0.1280545,way,139940240
Wysing Arts Centre,Arts centre,,Fox Road,Cambridge,CB23 2TX,"Fox Road, Cambridge, CB23 2TX",,https://www.wysingartscentre.org/,,52.181856,-0.0697713,node,111490567
Wyvern Theatre,Theatre,,Theatre Square,Swindon,SN1 1QN,"Theatre Square, Swindon, SN1 1QN",,,,51.5596334,-1.7812651,way,164105537
X-Church,Events venue,,St Johns Terrace,Gainsborough,DN21 1BY,"St Johns Terrace, Gainsborough, DN21 1BY",,,,53.3917848,-0.7721473,node,1426340397
XO,Nightclub,,,,,,,,,52.4096622,-1.5091344,node,3049178243
XO,Nightclub,,,,,,,,,52.789187,-0.1489185,node,10169516807
XOXO,Nightclub,8-12,Princes Street,Falkirk,FK1 1LU,"8-12 Princes Street, Falkirk, FK1 1LU",,https://xoxofalkirk.co.uk/,,56.0008468,-3.7836409,way,127386250
XOYO,Nightclub,32-37,Cowper Street,London,,"32-37 Cowper Street, London",,https://www.xoyo.co.uk/,+44 20 7608 2878,51.5254793,-0.0858325,way,155362965
Y Bar,Nightclub,1,Onslow Street,Guildford,GU1 4SQ,"1 Onslow Street, Guildford, GU1 4SQ",,,,51.2371093,-0.5774409,node,253849709
Y Ffwrnes,Theatre,,Park Street,Llanelli,SA15 3YE,"Park Street, Llanelli, SA15 3YE",,https://www.theatrausirgar.co.uk/,+44 3452 263 510,51.6834207,-4.1581084,way,359453718
Y Ganolfan Arts Centre,Arts centre,,High Street,Porthmadog,LL49 9LP,"High Street, Porthmadog, LL49 9LP",,,,52.924687,-4.1283147,way,516775178
Y Plas,Nightclub,,Senghennydd Road,Cardiff,CF24 4YE,"Senghennydd Road, Cardiff, CF24 4YE",,https://www.cardiffstudents.com/venues/y-plas/,+44 2920 781 400,51.4883806,-3.1772218,node,6865047467
Yardbirds Rockclub,Nightclub,,Church Street,Grimsby,DN32 7DD,"Church Street, Grimsby, DN32 7DD",,http://yardbirdsrocks.co.uk/,,53.57347,-0.073993,node,3580430993
Yardley and District Sports and Social Club,Nightclub,,,,,,,,,52.4938791,-1.7883642,node,267731216
Yarnton Manor,Events venue,,Church Lane,Kidlington,OX5 1PY,"Church Lane, Kidlington, OX5 1PY",,https://yarntonmanor.org/,,51.8013213,-1.3093912,relation,20387616
Yasmin Banqueting,Events venue,1,Intown Row,Walsall,WS1 2AD,"1 Intown Row, Walsall, WS1 2AD",,,+44 7442 265810,52.5861805,-1.9771924,way,260075567
Ye Olde Rose and Crown,Pub,53-55,Hoe Street,London,,"53-55 Hoe Street, London",,https://www.yeolderoseandcrowntheatrepub.co.uk/,+44 20 8509 3880,51.5877776,-0.0204334,way,159296346
Yeadon Town Hall,Theatre,,High Street,Leeds,LS19 7PP,"High Street, Leeds, LS19 7PP",,https://www.yeadontownhall.com/,,53.8656795,-1.6845411,way,261520183
Yellow Arch Studios,Nightclub,30-36,Burton Road,Sheffield,S3 8BX,"30-36 Burton Road, Sheffield, S3 8BX",,,,53.3921066,-1.4738428,way,1121462379
YES,Nightclub,38,Charles Street,Manchester,M1 7DB,"38 Charles Street, Manchester, M1 7DB",,https://yes-manchester.com,+44 161 273 2725,53.4740106,-2.2381584,node,9062401417
YMa,Arts centre,,,,,,,,,51.6044376,-3.3403042,way,97741838
YMCA Artist Hub,Arts centre,,,,,,,,,52.5243468,-2.0055085,way,1320388468
YMCA Theatre,Theatre,,,,,,,http://scarborough.ymca.org.uk/,,54.284944,-0.400696,way,308639884
Yoghurt Rooms,Events venue,,Harwoods Lane,East Grinstead,RH19 4NL,"Harwoods Lane, East Grinstead, RH19 4NL",,https://yoghurtrooms.com/,,51.1033183,-0.0057912,node,638709218
Yokos Nightclub,Nightclub,,,,,,,,,52.4142462,-4.0862786,node,10978530169
York Art Gallery,Arts centre,,Exhibition Square,York,YO1 7EW,"Exhibition Square, York, YO1 7EW",,https://www.yorkartgallery.org.uk/,,53.9630187,-1.0863729,way,128245106
York Barbican,Arts centre,,Paragon Street,York,YO10 4NT,"Paragon Street, York, YO10 4NT",,https://www.yorkbarbican.co.uk/,+44 844 854 2757,53.9534133,-1.0742591,way,59295315
York Road,Stadium,,York Road,Maidenhead,SL6 1SF,"York Road, Maidenhead, SL6 1SF",,,,51.5198295,-0.7179428,way,47126651
York Road Sport & Social Club,Nightclub,37,York Road,,B65 0RR,"37 York Road, B65 0RR",,,,52.4838694,-2.0264963,way,162903497
York Theatre Royal,Theatre,,St Leonard's Place,York,YO1 7HD,"St Leonard's Place, York, YO1 7HD",,https://www.yorktheatreroyal.co.uk/,,53.9618786,-1.0851515,way,59110287
Yorkshire Artspace- Exchange Place Studios,Arts centre,,,,,,,,,53.3847947,-1.4619219,way,1214319009
Yorkshire Contemporary,Arts centre,5-7,St Paul's Street,Leeds,LS1 2JG,"5-7 St Paul's Street, Leeds, LS1 2JG",,https://yorkshirecontemporary.org/,,53.7978084,-1.5502668,node,11931390374
Yorkshire Wood Co.,Arts centre,,Halifax Road,Bradford,BD13 4EN,"Halifax Road, Bradford, BD13 4EN",,,,53.7954166,-1.8928188,node,5615825182
Young Actors Theatre,Theatre,,,,,,,,,51.5361068,-0.1106175,node,357362063
Your Union,Nightclub,,,,,,,,,55.8444775,-4.428165,node,8085509723
YPL Performing Arts,Arts centre,,,,CB6 1LU,CB6 1LU,,,,52.4565336,0.3090401,way,648435339
Yr Oval,Stadium,,Stryd Marcws,Caernarfon,LL55 2HT,"Stryd Marcws, Caernarfon, LL55 2HT",,https://www.caernarfontownfc.co.uk/,,53.1347916,-4.2675242,way,114140083
Ysgubor Barn,Events venue,,,Aberaeron,SA46 0HL,"Aberaeron, SA46 0HL",,https://www.bargoedfarm.co.uk/,,52.2080239,-4.2860391,node,9513180562
Ystafell Cambrian / Cambrian Room,Conference centre,,Dolgwili Road,Carmarthen,SA31 2AF,"Dolgwili Road, Carmarthen, SA31 2AF",,,,51.8684424,-4.2825992,way,159957443
Yvonne Arnaud Theatre,Theatre,,Millbrook,Guildford,GU1 3UX,"Millbrook, Guildford, GU1 3UX",,,,51.2334134,-0.5750362,way,56324472
Z-arts,Theatre,,Stretford Road,Manchester,M15 5ZA,"Stretford Road, Manchester, M15 5ZA",,https://www.z-arts.org/,,53.4666378,-2.2523819,node,4989906109
Zain Hub Creative Workspace,Arts centre,2-16,Bury New Road,Manchester,M8 8EL,"2-16 Bury New Road, Manchester, M8 8EL",,,,53.4928389,-2.2486944,node,9877666183
Zambezi Lounge,Nightclub,574-580,Attercliffe Road,Sheffield,S9 3RA,"574-580 Attercliffe Road, Sheffield, S9 3RA",,,,53.3921999,-1.434555,way,1116344108
Zed Alley,Nightclub,,Colston Avenue,City Centre,BS1 4UA,"Colston Avenue, City Centre, BS1 4UA",,,,51.4555468,-2.5972134,way,555547380
Zest Rooms,Conference centre,,Coast Road,Norwich,NR31 9BX,"Coast Road, Norwich, NR31 9BX",,http://www.zestrooms.co.uk/,+44 8454 379896,52.5338656,1.7346562,node,3221876394
Ziggy's,Nightclub,53-55,Micklegate,York,YO1 6LJ,"53-55 Micklegate, York, YO1 6LJ",,,,53.9572378,-1.0877969,node,27497685
Zinc,Nightclub,49-50,High Street,Banbury,OX16 5LA,"49-50 High Street, Banbury, OX16 5LA",,https://www.zincclubs.co.uk/banbury,,52.0607015,-1.3389298,way,938780790
Zinc,Nightclub,17,St. Peter's Street,Bedford,MK40 2PN,"17 St. Peter's Street, Bedford, MK40 2PN",,,,52.138809,-0.4654363,node,1314165994
Zinc,Nightclub,,,,,,,,,51.3206702,-2.2084262,node,1972372212
Zinc,Nightclub,16,High Street,Rugby,CV21 3BG,"16 High Street, Rugby, CV21 3BG",,https://www.zincclubs.co.uk/rugby,,52.3711631,-1.2625427,node,11269955865
zodiac,Nightclub,119,Hampstead Road,London,,"119 Hampstead Road, London",,https://www.zodiacbarlondon.com/,,51.5280102,-0.1390378,node,13577476901
Zombie Hut,Theatre,,Rockingham Road,Corby,NN17 2AE,"Rockingham Road, Corby, NN17 2AE",,,,52.5088861,-0.7149037,node,6385912187
Zoo Bar & Club,Nightclub,13-17,Bear Street,London,WC2H 7AS,"13-17 Bear Street, London, WC2H 7AS",,https://www.zoobar.co.uk,+44 20 4505 5444,51.5108834,-0.1288727,node,7741904802
Zues,Nightclub,56,High Street,Blackwood,NP12 1HP,"56 High Street, Blackwood, NP12 1HP",,,,51.6686219,-3.195899,node,13417955146
